anomaly,category name,round,heat,couple,criteria,stdev,threshold,raw data
,Rock'n'Roll-Beginners,First round,1,214,DF,1.13,2.0,"[11.25, 10.0, 12.5, 11.25, 12.5, 13.75, 11.25]"
,Rock'n'Roll-Beginners,First round,1,214,CO,0.64,2.0,"[9.0, 10.0, 9.0, 9.0, 9.0, 8.0, 10.0]"
,Rock'n'Roll-Beginners,First round,1,214,FM,0.76,12.0,"[7.5, 8.5, 6.5, 7.5, 7.5, 8.5, 6.5]"
,Rock'n'Roll-Beginners,First round,1,214,FW,10.25,12.0,"[-25.0, -25.0, -50.0, -25.0, -25.0, -15.0, -35.0]"
,Rock'n'Roll-Beginners,First round,1,214,sm,0.0,2.3,"[0.0, 0.0, 0.0, 0.0, 0.0, 0.0, 0.0]"
,Rock'n'Roll-Beginners,First round,1,214,bm,0.0,3.0,"[0.0, 0.0, 0.0, 0.0, 0.0, 0.0, 0.0]"
yes,Rock'n'Roll-Beginners,First round,1,62,DF,2.22,2.0,"[8.75, 10.0, 7.5, 7.5, 10.0, 13.75, 12.5]"
,Rock'n'Roll-Beginners,First round,1,62,CO,1.25,2.0,"[8.0, 7.0, 6.0, 8.0, 9.0, 9.0, 10.0]"
,Rock'n'Roll-Beginners,First round,1,62,FM,0.94,12.0,"[6.5, 6.5, 5.0, 6.5, 6.5, 8.5, 6.5]"
yes,Rock'n'Roll-Beginners,First round,1,62,FW,17.26,12.0,"[-35.0, -25.0, -75.0, -35.0, -35.0, -15.0, -35.0]"
,Rock'n'Roll-Beginners,First round,1,62,sm,0.0,2.3,"[0.0, 0.0, 0.0, 0.0, 0.0, 0.0, 0.0]"
,Rock'n'Roll-Beginners,First round,1,62,bm,0.0,3.0,"[0.0, 0.0, 0.0, 0.0, 0.0, 0.0, 0.0]"
,Rock'n'Roll-Beginners,First round,2,27,DF,1.69,2.0,"[11.25, 13.75, 11.25, 13.75, 10.0, 15.0, 13.75]"
,Rock'n'Roll-Beginners,First round,2,27,CO,0.7,2.0,"[8.0, 10.0, 8.0, 9.0, 8.0, 9.0, 9.0]"
,Rock'n'Roll-Beginners,First round,2,27,FM,1.25,12.0,"[8.5, 7.5, 5.0, 7.5, 6.5, 9.0, 6.5]"
yes,Rock'n'Roll-Beginners,First round,2,27,FW,17.05,12.0,"[-25.0, -25.0, -75.0, -35.0, -50.0, -25.0, -35.0]"
,Rock'n'Roll-Beginners,First round,2,27,sm,0.0,2.3,"[0.0, 0.0, 0.0, 0.0, 0.0, 0.0, 0.0]"
,Rock'n'Roll-Beginners,First round,2,27,bm,0.0,3.0,"[0.0, 0.0, 0.0, 0.0, 0.0, 0.0, 0.0]"
yes,Rock'n'Roll-Beginners,First round,2,193,DF,2.4,2.0,"[11.25, 8.75, 15.0, 10.0, 10.0, 15.0, 13.75]"
,Rock'n'Roll-Beginners,First round,2,193,CO,1.28,2.0,"[10.0, 9.0, 11.0, 7.0, 10.0, 10.0, 11.0]"
,Rock'n'Roll-Beginners,First round,2,193,FM,1.04,12.0,"[6.5, 7.5, 6.5, 7.5, 5.0, 7.5, 5.0]"
yes,Rock'n'Roll-Beginners,First round,2,193,FW,12.49,12.0,"[-15.0, -35.0, -50.0, -25.0, -35.0, -10.0, -25.0]"
,Rock'n'Roll-Beginners,First round,2,193,sm,0.0,2.3,"[0.0, 0.0, 0.0, 0.0, 0.0, 0.0, 0.0]"
,Rock'n'Roll-Beginners,First round,2,193,bm,0.0,3.0,"[0.0, 0.0, 0.0, 0.0, 0.0, 0.0, 0.0]"
,Rock'n'Roll-Beginners,First round,3,55,DF,1.04,2.0,"[8.75, 8.75, 8.75, 8.75, 6.25, 10.0, 8.75]"
,Rock'n'Roll-Beginners,First round,3,55,CO,1.05,2.0,"[8.0, 6.0, 6.0, 6.0, 5.0, 7.0, 8.0]"
,Rock'n'Roll-Beginners,First round,3,55,FM,0.84,12.0,"[6.5, 5.0, 5.0, 6.5, 6.5, 7.5, 6.5]"
yes,Rock'n'Roll-Beginners,First round,3,55,FW,16.26,12.0,"[-35.0, -50.0, -75.0, -35.0, -35.0, -25.0, -25.0]"
,Rock'n'Roll-Beginners,First round,3,55,sm,0.99,2.3,"[0.0, 0.0, -2.0, 0.0, -2.0, -2.0, 0.0]"
,Rock'n'Roll-Beginners,First round,3,55,bm,0.0,3.0,"[0.0, 0.0, 0.0, 0.0, 0.0, 0.0, 0.0]"
yes,Rock'n'Roll-Beginners,First round,3,192,DF,2.08,2.0,"[11.25, 10.0, 12.5, 11.25, 10.0, 16.25, 10.0]"
,Rock'n'Roll-Beginners,First round,3,192,CO,1.51,2.0,"[9.0, 7.0, 11.0, 7.0, 9.0, 11.0, 9.0]"
,Rock'n'Roll-Beginners,First round,3,192,FM,1.28,12.0,"[7.5, 6.5, 5.0, 6.5, 5.0, 8.5, 5.0]"
yes,Rock'n'Roll-Beginners,First round,3,192,FW,16.41,12.0,"[-25.0, -25.0, -75.0, -35.0, -35.0, -25.0, -35.0]"
,Rock'n'Roll-Beginners,First round,3,192,sm,0.7,2.3,"[0.0, 0.0, -2.0, 0.0, 0.0, 0.0, 0.0]"
,Rock'n'Roll-Beginners,First round,3,192,bm,0.0,3.0,"[0.0, 0.0, 0.0, 0.0, 0.0, 0.0, 0.0]"
,Rock'n'Roll-Beginners,First round,4,131,DF,1.73,2.0,"[10.0, 10.0, 12.5, 7.5, 7.5, 8.75, 11.25]"
,Rock'n'Roll-Beginners,First round,4,131,CO,0.88,2.0,"[8.0, 8.0, 9.0, 6.0, 7.0, 8.0, 8.0]"
,Rock'n'Roll-Beginners,First round,4,131,FM,0.68,12.0,"[7.5, 6.5, 5.0, 6.5, 6.5, 6.5, 6.5]"
,Rock'n'Roll-Beginners,First round,4,131,FW,9.53,12.0,"[-35.0, -35.0, -50.0, -50.0, -25.0, -25.0, -35.0]"
,Rock'n'Roll-Beginners,First round,4,131,sm,0.9,2.3,"[-2.0, -2.0, -2.0, 0.0, -2.0, 0.0, -2.0]"
yes,Rock'n'Roll-Beginners,First round,4,131,bm,3.5,3.0,"[0.0, 0.0, 0.0, 0.0, 0.0, -10.0, 0.0]"
yes,Rock'n'Roll-Beginners,First round,4,3,DF,2.19,2.0,"[10.0, 8.75, 11.25, 6.25, 6.25, 12.5, 8.75]"
,Rock'n'Roll-Beginners,First round,4,3,CO,0.64,2.0,"[8.0, 7.0, 8.0, 7.0, 6.0, 7.0, 7.0]"
,Rock'n'Roll-Beginners,First round,4,3,FM,1.06,12.0,"[7.5, 5.0, 5.0, 6.5, 6.5, 7.5, 5.0]"
yes,Rock'n'Roll-Beginners,First round,4,3,FW,17.29,12.0,"[-35.0, -35.0, -75.0, -35.0, -50.0, -15.0, -50.0]"
,Rock'n'Roll-Beginners,First round,4,3,sm,0.0,2.3,"[0.0, 0.0, 0.0, 0.0, 0.0, 0.0, 0.0]"
,Rock'n'Roll-Beginners,First round,4,3,bm,0.0,3.0,"[0.0, 0.0, 0.0, 0.0, 0.0, 0.0, 0.0]"
,Rock'n'Roll-Beginners,Final,1,131,DF,1.13,2.0,"[11.25, 12.5, 8.75, 10.0, 10.0, 10.0, 11.25]"
,Rock'n'Roll-Beginners,Final,1,131,CO,1.81,2.0,"[9.0, 9.0, 4.0, 7.0, 8.0, 5.0, 8.0]"
,Rock'n'Roll-Beginners,Final,1,131,FM,0.84,12.0,"[6.5, 6.5, 5.0, 6.5, 6.5, 7.5, 5.0]"
,Rock'n'Roll-Beginners,Final,1,131,FW,8.39,12.0,"[-25.0, -25.0, -50.0, -35.0, -35.0, -25.0, -35.0]"
,Rock'n'Roll-Beginners,Final,1,131,sm,0.99,2.3,"[-2.0, 0.0, -2.0, 0.0, -2.0, -2.0, 0.0]"
,Rock'n'Roll-Beginners,Final,1,131,bm,0.0,3.0,"[0.0, 0.0, 0.0, 0.0, 0.0, 0.0, 0.0]"
,Rock'n'Roll-Beginners,Final,2,192,DF,1.04,2.0,"[12.5, 11.25, 12.5, 11.25, 11.25, 13.75, 13.75]"
,Rock'n'Roll-Beginners,Final,2,192,CO,1.5,2.0,"[9.0, 11.0, 9.0, 7.0, 12.0, 9.0, 10.0]"
,Rock'n'Roll-Beginners,Final,2,192,FM,1.03,12.0,"[6.5, 7.5, 5.0, 6.5, 7.5, 8.5, 6.5]"
yes,Rock'n'Roll-Beginners,Final,2,192,FW,17.26,12.0,"[-25.0, -15.0, -75.0, -35.0, -35.0, -35.0, -35.0]"
,Rock'n'Roll-Beginners,Final,2,192,sm,0.0,2.3,"[0.0, 0.0, 0.0, 0.0, 0.0, 0.0, 0.0]"
,Rock'n'Roll-Beginners,Final,2,192,bm,0.0,3.0,"[0.0, 0.0, 0.0, 0.0, 0.0, 0.0, 0.0]"
,Rock'n'Roll-Beginners,Final,3,193,DF,1.62,2.0,"[12.5, 13.75, 13.75, 11.25, 11.25, 16.25, 12.5]"
,Rock'n'Roll-Beginners,Final,3,193,CO,1.16,2.0,"[10.0, 11.0, 12.0, 8.0, 11.0, 10.0, 10.0]"
,Rock'n'Roll-Beginners,Final,3,193,FM,1.16,12.0,"[6.5, 7.5, 5.0, 7.5, 5.0, 7.5, 5.0]"
yes,Rock'n'Roll-Beginners,Final,3,193,FW,13.29,12.0,"[-15.0, -10.0, -50.0, -25.0, -35.0, -15.0, -35.0]"
,Rock'n'Roll-Beginners,Final,3,193,sm,0.0,2.3,"[0.0, 0.0, 0.0, 0.0, 0.0, 0.0, 0.0]"
,Rock'n'Roll-Beginners,Final,3,193,bm,0.0,3.0,"[0.0, 0.0, 0.0, 0.0, 0.0, 0.0, 0.0]"
,Rock'n'Roll-Beginners,Final,4,62,DF,1.97,2.0,"[12.5, 10.0, 8.75, 7.5, 12.5, 12.5, 8.75]"
,Rock'n'Roll-Beginners,Final,4,62,CO,1.25,2.0,"[8.0, 10.0, 7.0, 7.0, 10.0, 8.0, 7.0]"
,Rock'n'Roll-Beginners,Final,4,62,FM,1.04,12.0,"[7.5, 7.5, 5.0, 6.5, 7.5, 8.5, 6.5]"
,Rock'n'Roll-Beginners,Final,4,62,FW,9.95,12.0,"[-25.0, -25.0, -50.0, -25.0, -25.0, -15.0, -25.0]"
,Rock'n'Roll-Beginners,Final,4,62,sm,0.9,2.3,"[0.0, 0.0, -2.0, 0.0, -2.0, 0.0, 0.0]"
,Rock'n'Roll-Beginners,Final,4,62,bm,0.0,3.0,"[0.0, 0.0, 0.0, 0.0, 0.0, 0.0, 0.0]"
,Rock'n'Roll-Beginners,Final,5,27,DF,1.62,2.0,"[12.5, 11.25, 10.0, 12.5, 10.0, 15.0, 12.5]"
,Rock'n'Roll-Beginners,Final,5,27,CO,1.18,2.0,"[10.0, 8.0, 9.0, 9.0, 11.0, 11.0, 8.0]"
,Rock'n'Roll-Beginners,Final,5,27,FM,0.76,12.0,"[7.5, 7.5, 6.5, 8.5, 7.5, 8.5, 6.5]"
,Rock'n'Roll-Beginners,Final,5,27,FW,10.35,12.0,"[-35.0, -25.0, -50.0, -25.0, -35.0, -25.0, -50.0]"
,Rock'n'Roll-Beginners,Final,5,27,sm,0.0,2.3,"[0.0, 0.0, 0.0, 0.0, 0.0, 0.0, 0.0]"
,Rock'n'Roll-Beginners,Final,5,27,bm,0.0,3.0,"[0.0, 0.0, 0.0, 0.0, 0.0, 0.0, 0.0]"
,Rock'n'Roll-Beginners,Final,6,214,DF,1.49,2.0,"[11.25, 11.25, 11.25, 8.75, 12.5, 13.75, 10.0]"
,Rock'n'Roll-Beginners,Final,6,214,CO,1.83,2.0,"[9.0, 9.0, 10.0, 6.0, 10.0, 11.0, 6.0]"
,Rock'n'Roll-Beginners,Final,6,214,FM,0.88,12.0,"[7.5, 8.5, 6.5, 6.5, 6.5, 8.5, 6.5]"
yes,Rock'n'Roll-Beginners,Final,6,214,FW,12.49,12.0,"[-35.0, -25.0, -50.0, -25.0, -25.0, -15.0, -50.0]"
,Rock'n'Roll-Beginners,Final,6,214,sm,0.7,2.3,"[0.0, 0.0, 0.0, 0.0, -2.0, 0.0, 0.0]"
,Rock'n'Roll-Beginners,Final,6,214,bm,0.0,3.0,"[0.0, 0.0, 0.0, 0.0, 0.0, 0.0, 0.0]"
,Rock'n'Roll-Juveniles,First round,1,135,DF,1.56,2.0,"[13.75, 12.5, 12.5, 12.5, 12.5, 13.75, 8.75]"
,Rock'n'Roll-Juveniles,First round,1,135,CO,1.03,2.0,"[8.0, 10.0, 8.0, 9.0, 10.0, 9.0, 7.0]"
,Rock'n'Roll-Juveniles,First round,1,135,FM,1.16,12.0,"[7.5, 8.5, 6.5, 8.5, 7.5, 5.0, 6.5]"
,Rock'n'Roll-Juveniles,First round,1,135,FW,8.33,12.0,"[-25.0, -15.0, -35.0, -15.0, -25.0, -15.0, -35.0]"
,Rock'n'Roll-Juveniles,First round,1,135,sm,0.0,2.3,"[0.0, 0.0, 0.0, 0.0, 0.0, 0.0, 0.0]"
,Rock'n'Roll-Juveniles,First round,1,135,bm,0.0,3.0,"[0.0, 0.0, 0.0, 0.0, 0.0, 0.0, 0.0]"
,Rock'n'Roll-Juveniles,First round,1,149,DF,1.62,2.0,"[12.5, 10.0, 12.5, 15.0, 13.75, 12.5, 15.0]"
,Rock'n'Roll-Juveniles,First round,1,149,CO,1.46,2.0,"[10.0, 9.0, 9.0, 12.0, 13.0, 11.0, 12.0]"
,Rock'n'Roll-Juveniles,First round,1,149,FM,0.76,12.0,"[7.5, 7.5, 7.5, 8.5, 8.5, 6.5, 6.5]"
,Rock'n'Roll-Juveniles,First round,1,149,FW,8.63,12.0,"[-15.0, -15.0, -25.0, -10.0, -25.0, -10.0, -35.0]"
,Rock'n'Roll-Juveniles,First round,1,149,sm,0.9,2.3,"[-2.0, 0.0, 0.0, 0.0, -2.0, 0.0, 0.0]"
,Rock'n'Roll-Juveniles,First round,1,149,bm,0.0,3.0,"[0.0, 0.0, 0.0, 0.0, 0.0, 0.0, 0.0]"
,Rock'n'Roll-Juveniles,First round,2,7,DF,0.91,2.0,"[7.5, 8.75, 10.0, 7.5, 7.5, 7.5, 7.5]"
,Rock'n'Roll-Juveniles,First round,2,7,CO,1.16,2.0,"[8.0, 9.0, 9.0, 6.0, 8.0, 8.0, 6.0]"
,Rock'n'Roll-Juveniles,First round,2,7,FM,0.68,12.0,"[6.5, 5.0, 5.0, 5.0, 6.5, 5.0, 5.0]"
,Rock'n'Roll-Juveniles,First round,2,7,FW,8.39,12.0,"[-35.0, -35.0, -50.0, -50.0, -35.0, -25.0, -35.0]"
,Rock'n'Roll-Juveniles,First round,2,7,sm,0.0,2.3,"[0.0, 0.0, 0.0, 0.0, 0.0, 0.0, 0.0]"
,Rock'n'Roll-Juveniles,First round,2,7,bm,0.0,3.0,"[0.0, 0.0, 0.0, 0.0, 0.0, 0.0, 0.0]"
,Rock'n'Roll-Juveniles,First round,2,235,DF,1.75,2.0,"[11.25, 12.5, 13.75, 12.5, 11.25, 16.25, 15.0]"
,Rock'n'Roll-Juveniles,First round,2,235,CO,0.99,2.0,"[8.0, 10.0, 11.0, 10.0, 9.0, 10.0, 11.0]"
,Rock'n'Roll-Juveniles,First round,2,235,FM,0.53,12.0,"[7.5, 8.5, 7.5, 7.5, 7.5, 7.5, 6.5]"
,Rock'n'Roll-Juveniles,First round,2,235,FW,5.35,12.0,"[-25.0, -25.0, -35.0, -25.0, -25.0, -15.0, -25.0]"
,Rock'n'Roll-Juveniles,First round,2,235,sm,0.0,2.3,"[0.0, 0.0, 0.0, 0.0, 0.0, 0.0, 0.0]"
,Rock'n'Roll-Juveniles,First round,2,235,bm,0.0,3.0,"[0.0, 0.0, 0.0, 0.0, 0.0, 0.0, 0.0]"
,Rock'n'Roll-Juveniles,First round,3,153,DF,1.6,2.0,"[11.25, 10.0, 13.75, 10.0, 13.75, 13.75, 12.5]"
,Rock'n'Roll-Juveniles,First round,3,153,CO,0.88,2.0,"[8.0, 10.0, 10.0, 9.0, 10.0, 11.0, 10.0]"
,Rock'n'Roll-Juveniles,First round,3,153,FM,0.64,12.0,"[7.5, 8.5, 6.5, 7.5, 7.5, 7.5, 6.5]"
,Rock'n'Roll-Juveniles,First round,3,153,FW,7.0,12.0,"[-25.0, -15.0, -35.0, -25.0, -35.0, -25.0, -35.0]"
,Rock'n'Roll-Juveniles,First round,3,153,sm,0.0,2.3,"[0.0, 0.0, 0.0, 0.0, 0.0, 0.0, 0.0]"
,Rock'n'Roll-Juveniles,First round,3,153,bm,0.0,3.0,"[0.0, 0.0, 0.0, 0.0, 0.0, 0.0, 0.0]"
,Rock'n'Roll-Juveniles,First round,3,155,DF,0.87,2.0,"[10.0, 10.0, 8.75, 7.5, 8.75, 8.75, 10.0]"
,Rock'n'Roll-Juveniles,First round,3,155,CO,1.03,2.0,"[8.0, 9.0, 7.0, 6.0, 6.0, 7.0, 8.0]"
,Rock'n'Roll-Juveniles,First round,3,155,FM,1.09,12.0,"[6.5, 5.0, 2.5, 5.0, 5.0, 5.0, 5.0]"
,Rock'n'Roll-Juveniles,First round,3,155,FW,5.25,12.0,"[-35.0, -35.0, -50.0, -35.0, -35.0, -35.0, -35.0]"
,Rock'n'Roll-Juveniles,First round,3,155,sm,0.9,2.3,"[0.0, 0.0, 0.0, 0.0, 0.0, -2.0, -2.0]"
,Rock'n'Roll-Juveniles,First round,3,155,bm,0.0,3.0,"[0.0, 0.0, 0.0, 0.0, 0.0, 0.0, 0.0]"
yes,Rock'n'Roll-Juveniles,First round,4,182,DF,2.81,2.0,"[7.5, 12.5, 13.75, 7.5, 13.75, 15.0, 11.25]"
,Rock'n'Roll-Juveniles,First round,4,182,CO,1.29,2.0,"[8.0, 11.0, 11.0, 8.0, 11.0, 9.0, 9.0]"
,Rock'n'Roll-Juveniles,First round,4,182,FM,1.22,12.0,"[5.0, 8.5, 7.5, 6.5, 6.5, 7.5, 5.0]"
yes,Rock'n'Roll-Juveniles,First round,4,182,FW,12.16,12.0,"[-35.0, -15.0, -25.0, -25.0, -25.0, -10.0, -50.0]"
,Rock'n'Roll-Juveniles,First round,4,182,sm,0.0,2.3,"[0.0, 0.0, 0.0, 0.0, 0.0, 0.0, 0.0]"
,Rock'n'Roll-Juveniles,First round,4,182,bm,0.0,3.0,"[0.0, 0.0, 0.0, 0.0, 0.0, 0.0, 0.0]"
,Rock'n'Roll-Juveniles,First round,4,78,DF,1.99,2.0,"[13.75, 13.75, 17.5, 17.5, 17.5, 18.75, 18.75]"
,Rock'n'Roll-Juveniles,First round,4,78,CO,1.28,2.0,"[10.0, 13.0, 11.0, 14.0, 13.0, 12.0, 13.0]"
,Rock'n'Roll-Juveniles,First round,4,78,FM,0.25,12.0,"[9.0, 9.0, 9.0, 9.0, 8.5, 8.5, 8.5]"
,Rock'n'Roll-Juveniles,First round,4,78,FW,5.89,12.0,"[-10.0, -10.0, -25.0, -10.0, -15.0, -5.0, -15.0]"
,Rock'n'Roll-Juveniles,First round,4,78,sm,0.0,2.3,"[0.0, 0.0, 0.0, 0.0, 0.0, 0.0, 0.0]"
,Rock'n'Roll-Juveniles,First round,4,78,bm,0.0,3.0,"[0.0, 0.0, 0.0, 0.0, 0.0, 0.0, 0.0]"
,Rock'n'Roll-Juveniles,Final,1,149,DF,1.56,2.0,"[12.5, 11.25, 12.5, 13.75, 16.25, 15.0, 13.75]"
,Rock'n'Roll-Juveniles,Final,1,149,CO,1.16,2.0,"[10.0, 11.0, 10.0, 11.0, 12.0, 10.0, 8.0]"
,Rock'n'Roll-Juveniles,Final,1,149,FM,0.68,12.0,"[7.5, 7.5, 7.5, 9.0, 7.5, 7.5, 6.5]"
,Rock'n'Roll-Juveniles,Final,1,149,FW,7.56,12.0,"[-35.0, -15.0, -35.0, -15.0, -25.0, -25.0, -25.0]"
,Rock'n'Roll-Juveniles,Final,1,149,sm,1.98,2.3,"[-4.0, -2.0, -2.0, 0.0, -2.0, 0.0, -6.0]"
,Rock'n'Roll-Juveniles,Final,1,149,bm,0.0,3.0,"[0.0, 0.0, 0.0, 0.0, 0.0, 0.0, 0.0]"
,Rock'n'Roll-Juveniles,Final,2,135,DF,1.45,2.0,"[12.5, 11.25, 12.5, 11.25, 12.5, 15.0, 10.0]"
,Rock'n'Roll-Juveniles,Final,2,135,CO,1.07,2.0,"[10.0, 10.0, 11.0, 9.0, 9.0, 12.0, 9.0]"
,Rock'n'Roll-Juveniles,Final,2,135,FM,0.45,12.0,"[7.5, 7.5, 7.5, 7.5, 7.5, 6.5, 6.5]"
,Rock'n'Roll-Juveniles,Final,2,135,FW,4.95,12.0,"[-25.0, -15.0, -25.0, -25.0, -15.0, -15.0, -25.0]"
,Rock'n'Roll-Juveniles,Final,2,135,sm,0.7,2.3,"[0.0, 0.0, 0.0, 0.0, 0.0, 0.0, -2.0]"
,Rock'n'Roll-Juveniles,Final,2,135,bm,0.0,3.0,"[0.0, 0.0, 0.0, 0.0, 0.0, 0.0, 0.0]"
,Rock'n'Roll-Juveniles,Final,3,182,DF,1.1,2.0,"[10.0, 12.5, 10.0, 10.0, 10.0, 11.25, 12.5]"
,Rock'n'Roll-Juveniles,Final,3,182,CO,1.81,2.0,"[9.0, 12.0, 10.0, 8.0, 9.0, 13.0, 8.0]"
,Rock'n'Roll-Juveniles,Final,3,182,FM,1.25,12.0,"[5.0, 8.5, 5.0, 5.0, 5.0, 6.5, 5.0]"
,Rock'n'Roll-Juveniles,Final,3,182,FW,11.65,12.0,"[-25.0, -15.0, -50.0, -35.0, -35.0, -15.0, -35.0]"
,Rock'n'Roll-Juveniles,Final,3,182,sm,0.0,2.3,"[0.0, 0.0, 0.0, 0.0, 0.0, 0.0, 0.0]"
yes,Rock'n'Roll-Juveniles,Final,3,182,bm,9.9,3.0,"[-10.0, -30.0, -10.0, -10.0, -30.0, -10.0, -30.0]"
,Rock'n'Roll-Juveniles,Final,4,235,DF,1.24,2.0,"[13.75, 15.0, 15.0, 12.5, 16.25, 15.0, 16.25]"
,Rock'n'Roll-Juveniles,Final,4,235,CO,1.03,2.0,"[11.0, 13.0, 12.0, 10.0, 12.0, 11.0, 13.0]"
,Rock'n'Roll-Juveniles,Final,4,235,FM,0.58,12.0,"[7.5, 9.0, 8.5, 7.5, 7.5, 7.5, 7.5]"
,Rock'n'Roll-Juveniles,Final,4,235,FW,4.52,12.0,"[-15.0, -15.0, -15.0, -15.0, -25.0, -15.0, -25.0]"
,Rock'n'Roll-Juveniles,Final,4,235,sm,0.0,2.3,"[0.0, 0.0, 0.0, 0.0, 0.0, 0.0, 0.0]"
,Rock'n'Roll-Juveniles,Final,4,235,bm,0.0,3.0,"[0.0, 0.0, 0.0, 0.0, 0.0, 0.0, 0.0]"
yes,Rock'n'Roll-Juveniles,Final,5,153,DF,2.0,2.0,"[10.0, 12.5, 10.0, 8.75, 12.5, 15.0, 10.0]"
,Rock'n'Roll-Juveniles,Final,5,153,CO,1.98,2.0,"[10.0, 10.0, 8.0, 6.0, 9.0, 13.0, 9.0]"
,Rock'n'Roll-Juveniles,Final,5,153,FM,0.68,12.0,"[6.5, 6.5, 5.0, 6.5, 6.5, 7.5, 6.5]"
,Rock'n'Roll-Juveniles,Final,5,153,FW,8.39,12.0,"[-35.0, -25.0, -50.0, -25.0, -35.0, -25.0, -35.0]"
,Rock'n'Roll-Juveniles,Final,5,153,sm,0.7,2.3,"[0.0, 0.0, 0.0, 0.0, 0.0, 0.0, -2.0]"
yes,Rock'n'Roll-Juveniles,Final,5,153,bm,3.5,3.0,"[0.0, 0.0, 0.0, 0.0, -10.0, 0.0, 0.0]"
,Rock'n'Roll-Juveniles,Final,6,78,DF,1.69,2.0,"[15.0, 15.0, 16.25, 16.25, 20.0, 17.5, 15.0]"
,Rock'n'Roll-Juveniles,Final,6,78,CO,1.29,2.0,"[13.0, 15.0, 13.0, 12.0, 15.0, 15.0, 12.0]"
,Rock'n'Roll-Juveniles,Final,6,78,FM,0.58,12.0,"[9.0, 9.0, 9.0, 9.0, 9.0, 9.5, 7.5]"
,Rock'n'Roll-Juveniles,Final,6,78,FW,9.42,12.0,"[-10.0, -10.0, -25.0, -10.0, -10.0, -10.0, -35.0]"
,Rock'n'Roll-Juveniles,Final,6,78,sm,0.0,2.3,"[0.0, 0.0, 0.0, 0.0, 0.0, 0.0, 0.0]"
,Rock'n'Roll-Juveniles,Final,6,78,bm,0.0,3.0,"[0.0, 0.0, 0.0, 0.0, 0.0, 0.0, 0.0]"
,Rock'n'Roll-Juniors,First round,1,150,DF,1.99,2.0,"[7.0, 9.0, 8.0, 4.0, 11.0, 7.0, 7.0]"
,Rock'n'Roll-Juniors,First round,1,150,CO,1.84,2.0,"[7.0, 9.0, 6.0, 5.0, 11.0, 7.0, 8.0]"
,Rock'n'Roll-Juniors,First round,1,150,FM,1.09,12.0,"[6.5, 5.0, 5.0, 5.0, 2.5, 5.0, 5.0]"
yes,Rock'n'Roll-Juniors,First round,1,150,FW,15.29,12.0,"[-35.0, -35.0, -50.0, -75.0, -35.0, -25.0, -50.0]"
,Rock'n'Roll-Juniors,First round,1,150,sm,0.99,2.3,"[0.0, 0.0, -2.0, -2.0, -2.0, -2.0, 0.0]"
,Rock'n'Roll-Juniors,First round,1,150,bm,0.0,3.0,"[0.0, 0.0, 0.0, 0.0, 0.0, 0.0, 0.0]"
,Rock'n'Roll-Juniors,First round,1,491,DF,1.59,2.0,"[12.0, 11.0, 16.0, 14.0, 13.0, 15.0, 13.0]"
,Rock'n'Roll-Juniors,First round,1,491,CO,1.39,2.0,"[10.0, 12.0, 14.0, 14.0, 13.0, 12.0, 14.0]"
,Rock'n'Roll-Juniors,First round,1,491,FM,0.45,12.0,"[9.5, 9.0, 9.5, 10.0, 8.5, 9.0, 9.0]"
,Rock'n'Roll-Juniors,First round,1,491,FW,4.52,12.0,"[-5.0, -15.0, -10.0, 0.0, -10.0, -5.0, -10.0]"
,Rock'n'Roll-Juniors,First round,1,491,sm,0.0,2.3,"[0.0, 0.0, 0.0, 0.0, 0.0, 0.0, 0.0]"
,Rock'n'Roll-Juniors,First round,1,491,bm,0.0,3.0,"[0.0, 0.0, 0.0, 0.0, 0.0, 0.0, 0.0]"
,Rock'n'Roll-Juniors,First round,2,118,DF,1.5,2.0,"[10.0, 12.0, 12.0, 9.0, 10.0, 8.0, 12.0]"
,Rock'n'Roll-Juniors,First round,2,118,CO,1.55,2.0,"[9.0, 9.0, 11.0, 9.0, 13.0, 8.0, 10.0]"
,Rock'n'Roll-Juniors,First round,2,118,FM,0.64,12.0,"[7.5, 7.5, 7.5, 8.5, 6.5, 7.5, 8.5]"
,Rock'n'Roll-Juniors,First round,2,118,FW,8.02,12.0,"[-25.0, -15.0, -35.0, -15.0, -25.0, -15.0, -10.0]"
,Rock'n'Roll-Juniors,First round,2,118,sm,0.0,2.3,"[0.0, 0.0, 0.0, 0.0, 0.0, 0.0, 0.0]"
,Rock'n'Roll-Juniors,First round,2,118,bm,0.0,3.0,"[0.0, 0.0, 0.0, 0.0, 0.0, 0.0, 0.0]"
,Rock'n'Roll-Juniors,First round,2,114,DF,0.9,2.0,"[6.0, 7.0, 6.0, 5.0, 5.0, 4.0, 5.0]"
,Rock'n'Roll-Juniors,First round,2,114,CO,1.25,2.0,"[6.0, 8.0, 5.0, 6.0, 5.0, 5.0, 8.0]"
,Rock'n'Roll-Juniors,First round,2,114,FM,1.51,12.0,"[5.0, 2.5, 5.0, 2.5, 2.5, 6.5, 5.0]"
,Rock'n'Roll-Juniors,First round,2,114,FW,8.75,12.0,"[-50.0, -50.0, -50.0, -50.0, -50.0, -25.0, -50.0]"
,Rock'n'Roll-Juniors,First round,2,114,sm,1.67,2.3,"[-4.0, -2.0, 0.0, -4.0, 0.0, 0.0, -2.0]"
yes,Rock'n'Roll-Juniors,First round,2,114,bm,7.28,3.0,"[0.0, 0.0, -10.0, 0.0, -10.0, -20.0, 0.0]"
,Rock'n'Roll-Juniors,First round,3,494,DF,0.73,2.0,"[12.0, 14.0, 14.0, 13.0, 14.0, 13.0, 14.0]"
,Rock'n'Roll-Juniors,First round,3,494,CO,1.41,2.0,"[10.0, 12.0, 11.0, 12.0, 15.0, 12.0, 12.0]"
,Rock'n'Roll-Juniors,First round,3,494,FM,0.23,12.0,"[9.0, 9.0, 8.5, 9.0, 8.5, 9.0, 9.0]"
,Rock'n'Roll-Juniors,First round,3,494,FW,5.25,12.0,"[-10.0, -10.0, -25.0, -10.0, -15.0, -10.0, -10.0]"
,Rock'n'Roll-Juniors,First round,3,494,sm,0.7,2.3,"[0.0, 0.0, 0.0, 0.0, -2.0, 0.0, 0.0]"
,Rock'n'Roll-Juniors,First round,3,494,bm,0.0,3.0,"[0.0, 0.0, 0.0, 0.0, 0.0, 0.0, 0.0]"
,Rock'n'Roll-Juniors,First round,3,60,DF,1.46,2.0,"[9.0, 12.0, 11.0, 8.0, 11.0, 10.0, 8.0]"
,Rock'n'Roll-Juniors,First round,3,60,CO,1.6,2.0,"[8.0, 11.0, 9.0, 9.0, 13.0, 9.0, 11.0]"
,Rock'n'Roll-Juniors,First round,3,60,FM,1.03,12.0,"[7.5, 8.5, 7.5, 7.5, 6.5, 7.5, 5.0]"
,Rock'n'Roll-Juniors,First round,3,60,FW,5.35,12.0,"[-25.0, -25.0, -25.0, -25.0, -25.0, -15.0, -35.0]"
,Rock'n'Roll-Juniors,First round,3,60,sm,1.4,2.3,"[0.0, 0.0, 0.0, 0.0, -4.0, 0.0, 0.0]"
,Rock'n'Roll-Juniors,First round,3,60,bm,0.0,3.0,"[0.0, 0.0, 0.0, 0.0, 0.0, 0.0, 0.0]"
,Rock'n'Roll-Juniors,First round,4,119,DF,1.46,2.0,"[9.0, 7.0, 4.0, 8.0, 7.0, 7.0, 8.0]"
,Rock'n'Roll-Juniors,First round,4,119,CO,0.64,2.0,"[8.0, 7.0, 7.0, 7.0, 6.0, 7.0, 8.0]"
,Rock'n'Roll-Juniors,First round,4,119,FM,0.68,12.0,"[6.5, 5.0, 5.0, 6.5, 5.0, 5.0, 5.0]"
,Rock'n'Roll-Juniors,First round,4,119,FW,11.29,12.0,"[-25.0, -35.0, -50.0, -35.0, -35.0, -10.0, -35.0]"
,Rock'n'Roll-Juniors,First round,4,119,sm,0.9,2.3,"[0.0, -2.0, 0.0, 0.0, -2.0, 0.0, 0.0]"
yes,Rock'n'Roll-Juniors,First round,4,119,bm,3.5,3.0,"[0.0, 0.0, 0.0, 0.0, -10.0, 0.0, 0.0]"
,Rock'n'Roll-Juniors,First round,4,197,DF,1.48,2.0,"[7.0, 6.0, 3.0, 5.0, 8.0, 6.0, 5.0]"
,Rock'n'Roll-Juniors,First round,4,197,CO,1.05,2.0,"[7.0, 8.0, 5.0, 6.0, 7.0, 5.0, 7.0]"
,Rock'n'Roll-Juniors,First round,4,197,FM,0.74,12.0,"[6.5, 5.0, 5.0, 6.5, 5.0, 6.5, 5.0]"
yes,Rock'n'Roll-Juniors,First round,4,197,FW,13.32,12.0,"[-35.0, -50.0, -75.0, -35.0, -50.0, -35.0, -50.0]"
,Rock'n'Roll-Juniors,First round,4,197,sm,0.0,2.3,"[0.0, 0.0, 0.0, 0.0, 0.0, 0.0, 0.0]"
,Rock'n'Roll-Juniors,First round,4,197,bm,0.0,3.0,"[0.0, 0.0, 0.0, 0.0, 0.0, 0.0, 0.0]"
,Rock'n'Roll-Juniors,First round,5,430,DF,1.4,2.0,"[10.0, 13.0, 14.0, 12.0, 14.0, 11.0, 13.0]"
,Rock'n'Roll-Juniors,First round,5,430,CO,1.55,2.0,"[10.0, 13.0, 12.0, 11.0, 15.0, 13.0, 11.0]"
,Rock'n'Roll-Juniors,First round,5,430,FM,0.46,12.0,"[8.5, 8.5, 9.0, 8.5, 8.5, 9.0, 7.5]"
,Rock'n'Roll-Juniors,First round,5,430,FW,4.95,12.0,"[-15.0, -10.0, -15.0, -15.0, -10.0, -10.0, -25.0]"
,Rock'n'Roll-Juniors,First round,5,430,sm,0.0,2.3,"[0.0, 0.0, 0.0, 0.0, 0.0, 0.0, 0.0]"
,Rock'n'Roll-Juniors,First round,5,430,bm,0.0,3.0,"[0.0, 0.0, 0.0, 0.0, 0.0, 0.0, 0.0]"
,Rock'n'Roll-Juniors,Final,1,118,DF,1.12,2.0,"[9.0, 9.0, 11.0, 8.0, 11.0, 10.0, 11.0]"
,Rock'n'Roll-Juniors,Final,1,118,CO,0.76,2.0,"[10.0, 9.0, 10.0, 9.0, 10.0, 11.0, 11.0]"
,Rock'n'Roll-Juniors,Final,1,118,FM,0.53,12.0,"[7.5, 8.5, 7.5, 6.5, 7.5, 7.5, 7.5]"
,Rock'n'Roll-Juniors,Final,1,118,FW,8.33,12.0,"[-25.0, -15.0, -35.0, -35.0, -25.0, -15.0, -15.0]"
,Rock'n'Roll-Juniors,Final,1,118,sm,0.0,2.3,"[0.0, 0.0, 0.0, 0.0, 0.0, 0.0, 0.0]"
,Rock'n'Roll-Juniors,Final,1,118,bm,0.0,3.0,"[0.0, 0.0, 0.0, 0.0, 0.0, 0.0, 0.0]"
,Rock'n'Roll-Juniors,Final,2,60,DF,1.05,2.0,"[10.0, 11.0, 10.0, 8.0, 9.0, 8.0, 10.0]"
,Rock'n'Roll-Juniors,Final,2,60,CO,1.25,2.0,"[10.0, 10.0, 12.0, 8.0, 11.0, 9.0, 9.0]"
,Rock'n'Roll-Juniors,Final,2,60,FM,0.45,12.0,"[7.5, 6.5, 7.5, 6.5, 6.5, 6.5, 6.5]"
,Rock'n'Roll-Juniors,Final,2,60,FW,4.52,12.0,"[-15.0, -25.0, -25.0, -25.0, -15.0, -25.0, -25.0]"
,Rock'n'Roll-Juniors,Final,2,60,sm,0.9,2.3,"[-2.0, -2.0, -2.0, 0.0, -2.0, 0.0, -2.0]"
,Rock'n'Roll-Juniors,Final,2,60,bm,0.0,3.0,"[0.0, 0.0, 0.0, 0.0, 0.0, 0.0, 0.0]"
,Rock'n'Roll-Juniors,Final,3,494,DF,1.36,2.0,"[12.0, 14.0, 15.0, 12.0, 16.0, 14.0, 14.0]"
,Rock'n'Roll-Juniors,Final,3,494,CO,0.9,2.0,"[13.0, 14.0, 14.0, 13.0, 14.0, 12.0, 15.0]"
,Rock'n'Roll-Juniors,Final,3,494,FM,0.38,12.0,"[9.0, 9.0, 9.5, 8.5, 8.5, 9.5, 9.0]"
,Rock'n'Roll-Juniors,Final,3,494,FW,3.5,12.0,"[-10.0, -10.0, -15.0, -10.0, -15.0, -5.0, -15.0]"
,Rock'n'Roll-Juniors,Final,3,494,sm,0.0,2.3,"[0.0, 0.0, 0.0, 0.0, 0.0, 0.0, 0.0]"
,Rock'n'Roll-Juniors,Final,3,494,bm,0.0,3.0,"[0.0, 0.0, 0.0, 0.0, 0.0, 0.0, 0.0]"
,Rock'n'Roll-Juniors,Final,4,119,DF,1.58,2.0,"[8.0, 10.0, 7.0, 6.0, 7.0, 6.0, 10.0]"
,Rock'n'Roll-Juniors,Final,4,119,CO,1.4,2.0,"[8.0, 9.0, 7.0, 6.0, 9.0, 5.0, 8.0]"
,Rock'n'Roll-Juniors,Final,4,119,FM,1.24,12.0,"[6.5, 6.5, 5.0, 5.0, 5.0, 2.5, 5.0]"
,Rock'n'Roll-Juniors,Final,4,119,FW,10.25,12.0,"[-35.0, -25.0, -50.0, -35.0, -35.0, -15.0, -25.0]"
,Rock'n'Roll-Juniors,Final,4,119,sm,1.4,2.3,"[0.0, -2.0, 0.0, -2.0, -2.0, 0.0, -4.0]"
yes,Rock'n'Roll-Juniors,Final,4,119,bm,4.95,3.0,"[0.0, 0.0, -10.0, 0.0, -10.0, -10.0, 0.0]"
,Rock'n'Roll-Juniors,Final,5,430,DF,1.36,2.0,"[11.0, 11.0, 14.0, 10.0, 13.0, 13.0, 13.0]"
,Rock'n'Roll-Juniors,Final,5,430,CO,1.28,2.0,"[12.0, 11.0, 13.0, 10.0, 13.0, 14.0, 13.0]"
,Rock'n'Roll-Juniors,Final,5,430,FM,0.35,12.0,"[8.5, 8.5, 9.5, 8.5, 8.5, 8.5, 8.5]"
,Rock'n'Roll-Juniors,Final,5,430,FW,2.47,12.0,"[-15.0, -15.0, -10.0, -15.0, -10.0, -10.0, -15.0]"
,Rock'n'Roll-Juniors,Final,5,430,sm,0.7,2.3,"[0.0, 0.0, 0.0, 0.0, 0.0, 0.0, -2.0]"
,Rock'n'Roll-Juniors,Final,5,430,bm,0.0,3.0,"[0.0, 0.0, 0.0, 0.0, 0.0, 0.0, 0.0]"
,Rock'n'Roll-Juniors,Final,6,491,DF,1.29,2.0,"[12.0, 14.0, 16.0, 12.0, 13.0, 14.0, 14.0]"
,Rock'n'Roll-Juniors,Final,6,491,CO,1.46,2.0,"[13.0, 12.0, 15.0, 11.0, 12.0, 12.0, 15.0]"
,Rock'n'Roll-Juniors,Final,6,491,FM,0.38,12.0,"[9.5, 8.5, 9.5, 9.0, 8.5, 9.0, 9.0]"
,Rock'n'Roll-Juniors,Final,6,491,FW,5.25,12.0,"[-5.0, -15.0, -5.0, -5.0, -15.0, 0.0, -10.0]"
,Rock'n'Roll-Juniors,Final,6,491,sm,0.0,2.3,"[0.0, 0.0, 0.0, 0.0, 0.0, 0.0, 0.0]"
yes,Rock'n'Roll-Juniors,Final,6,491,bm,11.61,3.0,"[-10.0, -30.0, 0.0, -10.0, -30.0, -10.0, 0.0]"
,Rock'n'Roll-Juniors,Hope round,1,60,DF,0.7,2.0,"[9.0, 9.0, 10.0, 10.0, 10.0, 11.0, 9.0]"
,Rock'n'Roll-Juniors,Hope round,1,60,CO,0.83,2.0,"[8.0, 10.0, 8.0, 9.0, 9.0, 8.0, 10.0]"
,Rock'n'Roll-Juniors,Hope round,1,60,FM,0.73,12.0,"[7.5, 8.5, 6.5, 7.5, 6.5, 6.5, 6.5]"
,Rock'n'Roll-Juniors,Hope round,1,60,FW,7.56,12.0,"[-25.0, -15.0, -35.0, -25.0, -25.0, -15.0, -35.0]"
,Rock'n'Roll-Juniors,Hope round,1,60,sm,0.0,2.3,"[0.0, 0.0, 0.0, 0.0, 0.0, 0.0, 0.0]"
,Rock'n'Roll-Juniors,Hope round,1,60,bm,0.0,3.0,"[0.0, 0.0, 0.0, 0.0, 0.0, 0.0, 0.0]"
,Rock'n'Roll-Juniors,Hope round,1,150,DF,1.28,2.0,"[6.0, 6.0, 9.0, 6.0, 5.0, 8.0, 7.0]"
,Rock'n'Roll-Juniors,Hope round,1,150,CO,0.7,2.0,"[7.0, 6.0, 7.0, 6.0, 8.0, 7.0, 6.0]"
,Rock'n'Roll-Juniors,Hope round,1,150,FM,1.51,12.0,"[6.5, 5.0, 5.0, 5.0, 2.5, 2.5, 2.5]"
,Rock'n'Roll-Juniors,Hope round,1,150,FW,11.65,12.0,"[-25.0, -35.0, -50.0, -35.0, -35.0, -15.0, -50.0]"
,Rock'n'Roll-Juniors,Hope round,1,150,sm,1.28,2.3,"[0.0, -2.0, -2.0, 0.0, -2.0, -2.0, -4.0]"
yes,Rock'n'Roll-Juniors,Hope round,1,150,bm,11.61,3.0,"[-10.0, 0.0, -30.0, -10.0, -30.0, -30.0, -10.0]"
,Rock'n'Roll-Juniors,Hope round,2,114,DF,0.45,2.0,"[6.0, 7.0, 6.0, 6.0, 6.0, 6.0, 7.0]"
,Rock'n'Roll-Juniors,Hope round,2,114,CO,1.05,2.0,"[6.0, 6.0, 4.0, 6.0, 5.0, 4.0, 7.0]"
,Rock'n'Roll-Juniors,Hope round,2,114,FM,1.53,12.0,"[6.5, 5.0, 2.5, 5.0, 2.5, 6.5, 5.0]"
yes,Rock'n'Roll-Juniors,Hope round,2,114,FW,12.37,12.0,"[-35.0, -50.0, -75.0, -50.0, -50.0, -35.0, -50.0]"
,Rock'n'Roll-Juniors,Hope round,2,114,sm,0.99,2.3,"[0.0, -2.0, -2.0, 0.0, 0.0, 0.0, -2.0]"
yes,Rock'n'Roll-Juniors,Hope round,2,114,bm,4.52,3.0,"[0.0, -10.0, 0.0, 0.0, -10.0, 0.0, 0.0]"
,Rock'n'Roll-Juniors,Hope round,2,119,DF,1.5,2.0,"[8.0, 9.0, 11.0, 6.0, 9.0, 7.0, 9.0]"
,Rock'n'Roll-Juniors,Hope round,2,119,CO,1.25,2.0,"[8.0, 8.0, 9.0, 6.0, 10.0, 7.0, 7.0]"
,Rock'n'Roll-Juniors,Hope round,2,119,FM,1.09,12.0,"[6.5, 5.0, 5.0, 5.0, 2.5, 5.0, 5.0]"
,Rock'n'Roll-Juniors,Hope round,2,119,FW,10.25,12.0,"[-25.0, -35.0, -50.0, -25.0, -35.0, -15.0, -35.0]"
,Rock'n'Roll-Juniors,Hope round,2,119,sm,0.99,2.3,"[0.0, -2.0, -2.0, 0.0, -2.0, 0.0, 0.0]"
,Rock'n'Roll-Juniors,Hope round,2,119,bm,0.0,3.0,"[0.0, 0.0, 0.0, 0.0, 0.0, 0.0, 0.0]"
,Rock'n'Roll-Juniors,Hope round,3,197,DF,0.7,2.0,"[8.0, 7.0, 9.0, 8.0, 7.0, 7.0, 8.0]"
,Rock'n'Roll-Juniors,Hope round,3,197,CO,1.05,2.0,"[8.0, 9.0, 8.0, 6.0, 8.0, 6.0, 7.0]"
,Rock'n'Roll-Juniors,Hope round,3,197,FM,0.74,12.0,"[6.5, 6.5, 5.0, 6.5, 5.0, 6.5, 5.0]"
yes,Rock'n'Roll-Juniors,Hope round,3,197,FW,13.32,12.0,"[-35.0, -50.0, -75.0, -35.0, -50.0, -50.0, -35.0]"
,Rock'n'Roll-Juniors,Hope round,3,197,sm,0.0,2.3,"[0.0, 0.0, 0.0, 0.0, 0.0, 0.0, 0.0]"
,Rock'n'Roll-Juniors,Hope round,3,197,bm,0.0,3.0,"[0.0, 0.0, 0.0, 0.0, 0.0, 0.0, 0.0]"
,Rock'n'Roll-Small Formations Juniors,Final,1,177,DF,1.18,2.0,"[7.0, 8.0, 7.0, 4.0, 6.0, 6.0, 7.0]"
,Rock'n'Roll-Small Formations Juniors,Final,1,177,CO,1.19,2.0,"[6.0, 6.0, 5.25, 2.25, 4.5, 4.5, 5.25]"
,Rock'n'Roll-Small Formations Juniors,Final,1,177,FM,1.92,12.0,"[6.0, 9.0, 9.0, 3.0, 6.0, 6.0, 6.0]"
,Rock'n'Roll-Small Formations Juniors,Final,1,177,FW,8.39,12.0,"[-35.0, -25.0, -50.0, -50.0, -35.0, -35.0, -35.0]"
yes,Rock'n'Roll-Small Formations Juniors,Final,1,177,sm,2.97,2.3,"[-8.0, -6.0, -2.0, 0.0, -2.0, 0.0, 0.0]"
yes,Rock'n'Roll-Small Formations Juniors,Final,1,177,bm,3.5,3.0,"[0.0, 0.0, 0.0, 0.0, -10.0, 0.0, 0.0]"
,Rock'n'Roll-Small Formations Juniors,Final,2,158,DF,1.25,2.0,"[9.0, 10.0, 12.0, 11.0, 11.0, 13.0, 10.0]"
,Rock'n'Roll-Small Formations Juniors,Final,2,158,CO,1.32,2.0,"[7.5, 8.25, 9.0, 6.75, 9.0, 9.0, 5.25]"
,Rock'n'Roll-Small Formations Juniors,Final,2,158,FM,1.67,12.0,"[9.0, 9.0, 12.0, 10.0, 11.0, 13.0, 8.0]"
,Rock'n'Roll-Small Formations Juniors,Final,2,158,FW,7.0,12.0,"[-25.0, -25.0, -25.0, -15.0, -15.0, -15.0, -35.0]"
,Rock'n'Roll-Small Formations Juniors,Final,2,158,sm,0.7,2.3,"[0.0, -2.0, 0.0, 0.0, 0.0, 0.0, 0.0]"
,Rock'n'Roll-Small Formations Juniors,Final,2,158,bm,0.0,3.0,"[0.0, 0.0, 0.0, 0.0, 0.0, 0.0, 0.0]"
,Rock'n'Roll-Small Formations Juniors,Final,3,115,DF,0.49,2.0,"[10.0, 9.0, 9.0, 9.0, 10.0, 9.0, 10.0]"
,Rock'n'Roll-Small Formations Juniors,Final,3,115,CO,0.84,2.0,"[9.0, 8.25, 6.75, 7.5, 6.75, 8.25, 6.75]"
,Rock'n'Roll-Small Formations Juniors,Final,3,115,FM,1.05,12.0,"[9.0, 11.0, 11.0, 9.0, 10.0, 11.0, 12.0]"
,Rock'n'Roll-Small Formations Juniors,Final,3,115,FW,7.56,12.0,"[-15.0, -35.0, -35.0, -15.0, -25.0, -25.0, -25.0]"
,Rock'n'Roll-Small Formations Juniors,Final,3,115,sm,0.99,2.3,"[0.0, 0.0, -2.0, 0.0, -2.0, -2.0, -2.0]"
,Rock'n'Roll-Small Formations Juniors,Final,3,115,bm,0.0,3.0,"[0.0, 0.0, 0.0, 0.0, 0.0, 0.0, 0.0]"
,Rock'n'Roll-Small Formations Juniors,Final,4,151,DF,1.16,2.0,"[10.0, 8.0, 11.0, 11.0, 10.0, 10.0, 12.0]"
,Rock'n'Roll-Small Formations Juniors,Final,4,151,CO,0.66,2.0,"[7.5, 7.5, 8.25, 7.5, 7.5, 9.0, 9.0]"
,Rock'n'Roll-Small Formations Juniors,Final,4,151,FM,1.07,12.0,"[9.0, 9.0, 10.0, 10.0, 11.0, 9.0, 12.0]"
,Rock'n'Roll-Small Formations Juniors,Final,4,151,FW,8.81,12.0,"[-35.0, -35.0, -35.0, -15.0, -15.0, -25.0, -35.0]"
,Rock'n'Roll-Small Formations Juniors,Final,4,151,sm,0.0,2.3,"[0.0, 0.0, 0.0, 0.0, 0.0, 0.0, 0.0]"
,Rock'n'Roll-Small Formations Juniors,Final,4,151,bm,0.0,3.0,"[0.0, 0.0, 0.0, 0.0, 0.0, 0.0, 0.0]"
,Rock'n'Roll-Small Formations Juniors,Final,5,133,DF,1.36,2.0,"[7.0, 9.0, 5.0, 6.0, 7.0, 7.0, 9.0]"
,Rock'n'Roll-Small Formations Juniors,Final,5,133,CO,0.77,2.0,"[5.25, 6.75, 6.0, 4.5, 6.75, 6.0, 5.25]"
,Rock'n'Roll-Small Formations Juniors,Final,5,133,FM,0.9,12.0,"[7.0, 9.0, 6.0, 7.0, 8.0, 8.0, 7.0]"
,Rock'n'Roll-Small Formations Juniors,Final,5,133,FW,9.26,12.0,"[-35.0, -25.0, -50.0, -50.0, -35.0, -35.0, -50.0]"
,Rock'n'Roll-Small Formations Juniors,Final,5,133,sm,2.06,2.3,"[-6.0, -10.0, -8.0, -4.0, -6.0, -8.0, -10.0]"
yes,Rock'n'Roll-Small Formations Juniors,Final,5,133,bm,4.95,3.0,"[0.0, 0.0, -10.0, 0.0, -10.0, -10.0, 0.0]"
,Rock'n'Roll-Small Formations,First round,1,35,DF,1.28,2.0,"[9.0, 8.0, 10.0, 9.0, 6.0, 7.0, 9.0]"
,Rock'n'Roll-Small Formations,First round,1,35,CO,0.68,2.0,"[6.0, 6.75, 8.25, 6.75, 7.5, 7.5, 6.75]"
,Rock'n'Roll-Small Formations,First round,1,35,FM,1.25,12.0,"[8.0, 9.0, 11.0, 7.0, 10.0, 8.0, 9.0]"
,Rock'n'Roll-Small Formations,First round,1,35,FW,6.78,12.0,"[-35.0, -35.0, -35.0, -35.0, -35.0, -25.0, -50.0]"
,Rock'n'Roll-Small Formations,First round,1,35,sm,0.7,2.3,"[-2.0, -2.0, -2.0, -2.0, -4.0, -2.0, -2.0]"
,Rock'n'Roll-Small Formations,First round,1,35,bm,0.0,3.0,"[0.0, 0.0, 0.0, 0.0, 0.0, 0.0, 0.0]"
,Rock'n'Roll-Small Formations,First round,2,335,DF,0.9,2.0,"[7.0, 8.0, 7.0, 6.0, 8.0, 9.0, 7.0]"
,Rock'n'Roll-Small Formations,First round,2,335,CO,0.93,2.0,"[5.25, 6.0, 4.5, 5.25, 6.75, 7.5, 6.0]"
,Rock'n'Roll-Small Formations,First round,2,335,FM,1.67,12.0,"[8.0, 7.0, 9.0, 6.0, 10.0, 11.0, 7.0]"
yes,Rock'n'Roll-Small Formations,First round,2,335,FW,15.29,12.0,"[-35.0, -25.0, -50.0, -50.0, -35.0, -35.0, -75.0]"
yes,Rock'n'Roll-Small Formations,First round,2,335,sm,2.56,2.3,"[-2.0, -6.0, -4.0, 0.0, 0.0, 0.0, -6.0]"
yes,Rock'n'Roll-Small Formations,First round,2,335,bm,3.5,3.0,"[0.0, 0.0, -10.0, 0.0, 0.0, 0.0, 0.0]"
,Rock'n'Roll-Small Formations,First round,3,33,DF,0.64,2.0,"[11.0, 13.0, 12.0, 12.0, 12.0, 12.0, 11.0]"
,Rock'n'Roll-Small Formations,First round,3,33,CO,0.55,2.0,"[9.0, 9.75, 10.5, 9.0, 9.75, 9.0, 9.0]"
,Rock'n'Roll-Small Formations,First round,3,33,FM,1.18,12.0,"[10.0, 12.0, 13.0, 11.0, 12.0, 13.0, 10.0]"
,Rock'n'Roll-Small Formations,First round,3,33,FW,6.39,12.0,"[-25.0, -15.0, -25.0, -25.0, -25.0, -15.0, -35.0]"
,Rock'n'Roll-Small Formations,First round,3,33,sm,0.7,2.3,"[0.0, 0.0, 0.0, 0.0, 0.0, 0.0, -2.0]"
,Rock'n'Roll-Small Formations,First round,3,33,bm,0.0,3.0,"[0.0, 0.0, 0.0, 0.0, 0.0, 0.0, 0.0]"
,Rock'n'Roll-Small Formations,First round,4,390,DF,0.7,2.0,"[8.0, 9.0, 8.0, 9.0, 8.0, 7.0, 9.0]"
,Rock'n'Roll-Small Formations,First round,4,390,CO,1.04,2.0,"[6.75, 6.75, 6.75, 6.75, 7.5, 9.0, 5.25]"
,Rock'n'Roll-Small Formations,First round,4,390,FM,1.69,12.0,"[8.0, 9.0, 8.0, 7.0, 11.0, 12.0, 8.0]"
yes,Rock'n'Roll-Small Formations,First round,4,390,FW,13.32,12.0,"[-50.0, -35.0, -75.0, -50.0, -35.0, -35.0, -50.0]"
,Rock'n'Roll-Small Formations,First round,4,390,sm,0.0,2.3,"[0.0, 0.0, 0.0, 0.0, 0.0, 0.0, 0.0]"
,Rock'n'Roll-Small Formations,First round,4,390,bm,0.0,3.0,"[0.0, 0.0, 0.0, 0.0, 0.0, 0.0, 0.0]"
,Rock'n'Roll-Small Formations,First round,5,180,DF,1.83,2.0,"[9.0, 8.0, 9.0, 8.0, 12.0, 12.0, 7.0]"
,Rock'n'Roll-Small Formations,First round,5,180,CO,1.6,2.0,"[6.75, 6.75, 6.0, 4.5, 9.0, 9.0, 5.25]"
,Rock'n'Roll-Small Formations,First round,5,180,FM,2.29,12.0,"[7.0, 6.0, 11.0, 7.0, 10.0, 11.0, 5.0]"
,Rock'n'Roll-Small Formations,First round,5,180,FW,10.35,12.0,"[-25.0, -35.0, -35.0, -50.0, -25.0, -25.0, -50.0]"
,Rock'n'Roll-Small Formations,First round,5,180,sm,2.1,2.3,"[-2.0, -4.0, -4.0, 0.0, -4.0, 0.0, -6.0]"
,Rock'n'Roll-Small Formations,First round,5,180,bm,0.0,3.0,"[0.0, 0.0, 0.0, 0.0, 0.0, 0.0, 0.0]"
,Rock'n'Roll-Small Formations,First round,6,102,DF,1.25,2.0,"[10.0, 9.0, 11.0, 11.0, 12.0, 13.0, 12.0]"
,Rock'n'Roll-Small Formations,First round,6,102,CO,1.05,2.0,"[9.0, 8.25, 6.0, 6.75, 8.25, 9.0, 7.5]"
,Rock'n'Roll-Small Formations,First round,6,102,FM,1.39,12.0,"[9.0, 10.0, 11.0, 9.0, 12.0, 13.0, 11.0]"
,Rock'n'Roll-Small Formations,First round,6,102,FW,7.0,12.0,"[-25.0, -25.0, -25.0, -35.0, -15.0, -15.0, -15.0]"
,Rock'n'Roll-Small Formations,First round,6,102,sm,0.7,2.3,"[0.0, 0.0, 0.0, 0.0, 0.0, 0.0, -2.0]"
,Rock'n'Roll-Small Formations,First round,6,102,bm,0.0,3.0,"[0.0, 0.0, 0.0, 0.0, 0.0, 0.0, 0.0]"
,Rock'n'Roll-Small Formations,First round,7,31,DF,1.69,2.0,"[11.0, 10.0, 13.0, 10.0, 13.0, 15.0, 12.0]"
,Rock'n'Roll-Small Formations,First round,7,31,CO,0.9,2.0,"[8.25, 8.25, 9.75, 7.5, 9.75, 9.75, 9.75]"
,Rock'n'Roll-Small Formations,First round,7,31,FM,2.26,12.0,"[11.0, 10.0, 15.0, 9.0, 15.0, 14.0, 13.0]"
,Rock'n'Roll-Small Formations,First round,7,31,FW,8.21,12.0,"[-15.0, -15.0, -10.0, -35.0, -15.0, -10.0, -10.0]"
,Rock'n'Roll-Small Formations,First round,7,31,sm,0.0,2.3,"[0.0, 0.0, 0.0, 0.0, 0.0, 0.0, 0.0]"
,Rock'n'Roll-Small Formations,First round,7,31,bm,0.0,3.0,"[0.0, 0.0, 0.0, 0.0, 0.0, 0.0, 0.0]"
,Rock'n'Roll-Small Formations,Final,1,102,DF,0.9,2.0,"[9.0, 11.0, 10.0, 12.0, 11.0, 10.0, 11.0]"
,Rock'n'Roll-Small Formations,Final,1,102,CO,0.79,2.0,"[8.25, 8.25, 6.75, 8.25, 7.5, 9.0, 6.75]"
,Rock'n'Roll-Small Formations,Final,1,102,FM,0.9,12.0,"[9.0, 10.0, 12.0, 10.0, 11.0, 10.0, 11.0]"
,Rock'n'Roll-Small Formations,Final,1,102,FW,4.95,12.0,"[-25.0, -15.0, -25.0, -15.0, -25.0, -15.0, -25.0]"
,Rock'n'Roll-Small Formations,Final,1,102,sm,0.9,2.3,"[0.0, 0.0, 0.0, 0.0, -2.0, 0.0, -2.0]"
,Rock'n'Roll-Small Formations,Final,1,102,bm,0.0,3.0,"[0.0, 0.0, 0.0, 0.0, 0.0, 0.0, 0.0]"
,Rock'n'Roll-Small Formations,Final,2,35,DF,1.12,2.0,"[9.0, 9.0, 9.0, 9.0, 8.0, 6.0, 7.0]"
,Rock'n'Roll-Small Formations,Final,2,35,CO,0.66,2.0,"[6.75, 6.75, 7.5, 6.0, 6.75, 6.75, 5.25]"
,Rock'n'Roll-Small Formations,Final,2,35,FM,0.83,12.0,"[8.0, 8.0, 9.0, 7.0, 9.0, 9.0, 7.0]"
,Rock'n'Roll-Small Formations,Final,2,35,FW,8.39,12.0,"[-35.0, -25.0, -35.0, -35.0, -35.0, -50.0, -50.0]"
,Rock'n'Roll-Small Formations,Final,2,35,sm,1.46,2.3,"[-4.0, 0.0, -2.0, 0.0, 0.0, 0.0, 0.0]"
,Rock'n'Roll-Small Formations,Final,2,35,bm,0.0,3.0,"[0.0, 0.0, 0.0, 0.0, 0.0, 0.0, 0.0]"
,Rock'n'Roll-Small Formations,Final,3,390,DF,0.9,2.0,"[8.0, 9.0, 7.0, 6.0, 8.0, 7.0, 7.0]"
,Rock'n'Roll-Small Formations,Final,3,390,CO,1.23,2.0,"[6.75, 6.75, 6.75, 4.5, 7.5, 9.0, 6.75]"
,Rock'n'Roll-Small Formations,Final,3,390,FM,1.18,12.0,"[7.0, 9.0, 8.0, 8.0, 8.0, 11.0, 8.0]"
,Rock'n'Roll-Small Formations,Final,3,390,FW,9.58,12.0,"[-50.0, -25.0, -50.0, -35.0, -50.0, -50.0, -35.0]"
,Rock'n'Roll-Small Formations,Final,3,390,sm,0.0,2.3,"[0.0, 0.0, 0.0, 0.0, 0.0, 0.0, 0.0]"
,Rock'n'Roll-Small Formations,Final,3,390,bm,0.0,3.0,"[0.0, 0.0, 0.0, 0.0, 0.0, 0.0, 0.0]"
,Rock'n'Roll-Small Formations,Final,4,31,DF,1.5,2.0,"[10.0, 12.0, 14.0, 12.0, 12.0, 15.0, 12.0]"
,Rock'n'Roll-Small Formations,Final,4,31,CO,0.74,2.0,"[9.0, 9.75, 10.5, 9.75, 11.25, 9.75, 9.0]"
,Rock'n'Roll-Small Formations,Final,4,31,FM,1.96,12.0,"[10.0, 12.0, 13.0, 13.0, 16.0, 15.0, 11.0]"
,Rock'n'Roll-Small Formations,Final,4,31,FW,3.64,12.0,"[-15.0, -15.0, -15.0, -5.0, -10.0, -10.0, -15.0]"
,Rock'n'Roll-Small Formations,Final,4,31,sm,0.0,2.3,"[0.0, 0.0, 0.0, 0.0, 0.0, 0.0, 0.0]"
,Rock'n'Roll-Small Formations,Final,4,31,bm,0.0,3.0,"[0.0, 0.0, 0.0, 0.0, 0.0, 0.0, 0.0]"
,Rock'n'Roll-Small Formations,Final,5,33,DF,1.12,2.0,"[10.0, 13.0, 10.0, 11.0, 12.0, 12.0, 10.0]"
,Rock'n'Roll-Small Formations,Final,5,33,CO,0.66,2.0,"[9.0, 9.75, 9.75, 8.25, 8.25, 8.25, 8.25]"
,Rock'n'Roll-Small Formations,Final,5,33,FM,0.9,12.0,"[11.0, 13.0, 11.0, 10.0, 12.0, 12.0, 11.0]"
,Rock'n'Roll-Small Formations,Final,5,33,FW,5.25,12.0,"[-15.0, -15.0, -25.0, -10.0, -25.0, -15.0, -15.0]"
,Rock'n'Roll-Small Formations,Final,5,33,sm,0.7,2.3,"[0.0, 0.0, -2.0, 0.0, 0.0, 0.0, 0.0]"
,Rock'n'Roll-Small Formations,Final,5,33,bm,0.0,3.0,"[0.0, 0.0, 0.0, 0.0, 0.0, 0.0, 0.0]"
,Rock'n'Roll-Small Formations,Final,6,335,DF,1.25,2.0,"[8.0, 9.0, 6.0, 6.0, 8.0, 9.0, 9.0]"
,Rock'n'Roll-Small Formations,Final,6,335,CO,0.97,2.0,"[6.75, 6.0, 5.25, 3.75, 5.25, 6.75, 6.0]"
,Rock'n'Roll-Small Formations,Final,6,335,FM,1.55,12.0,"[7.0, 9.0, 7.0, 6.0, 9.0, 11.0, 8.0]"
yes,Rock'n'Roll-Small Formations,Final,6,335,FW,16.44,12.0,"[-35.0, -25.0, -75.0, -50.0, -35.0, -25.0, -50.0]"
,Rock'n'Roll-Small Formations,Final,6,335,sm,1.4,2.3,"[0.0, -2.0, -2.0, 0.0, 0.0, -4.0, -2.0]"
,Rock'n'Roll-Small Formations,Final,6,335,bm,0.0,3.0,"[0.0, 0.0, 0.0, 0.0, 0.0, 0.0, 0.0]"
,Rock'n'Roll-Girl Formations,Final,1,37,DF,1.39,2.0,"[12.0, 10.0, 14.0, 13.0, 12.0, 11.0, 14.0]"
,Rock'n'Roll-Girl Formations,Final,1,37,CO,0.77,2.0,"[9.75, 8.25, 10.5, 9.0, 9.75, 8.25, 9.0]"
,Rock'n'Roll-Girl Formations,Final,1,37,FM,1.59,12.0,"[11.0, 10.0, 14.0, 13.0, 15.0, 12.0, 12.0]"
,Rock'n'Roll-Girl Formations,Final,1,37,FW,3.64,12.0,"[-15.0, -15.0, -15.0, -5.0, -10.0, -15.0, -15.0]"
,Rock'n'Roll-Girl Formations,Final,1,37,sm,0.7,2.3,"[0.0, 0.0, 0.0, 0.0, 0.0, 0.0, -2.0]"
,Rock'n'Roll-Girl Formations,Final,1,37,bm,0.0,3.0,"[0.0, 0.0, 0.0, 0.0, 0.0, 0.0, 0.0]"
,Rock'n'Roll-Girl Formations,Final,2,65,DF,0.83,2.0,"[10.0, 10.0, 9.0, 9.0, 11.0, 9.0, 11.0]"
,Rock'n'Roll-Girl Formations,Final,2,65,CO,0.96,2.0,"[7.5, 8.25, 7.5, 6.75, 9.75, 9.0, 7.5]"
,Rock'n'Roll-Girl Formations,Final,2,65,FM,1.12,12.0,"[9.0, 11.0, 8.0, 9.0, 11.0, 10.0, 11.0]"
,Rock'n'Roll-Girl Formations,Final,2,65,FW,4.95,12.0,"[-25.0, -15.0, -25.0, -25.0, -15.0, -25.0, -15.0]"
,Rock'n'Roll-Girl Formations,Final,2,65,sm,1.81,2.3,"[0.0, 0.0, -4.0, 0.0, 0.0, 0.0, -4.0]"
yes,Rock'n'Roll-Girl Formations,Final,2,65,bm,3.5,3.0,"[0.0, 0.0, 0.0, -10.0, 0.0, 0.0, 0.0]"
,Rock'n'Roll-Girl Formations,Final,3,175,DF,1.16,2.0,"[9.0, 9.0, 8.0, 11.0, 11.0, 8.0, 9.0]"
,Rock'n'Roll-Girl Formations,Final,3,175,CO,0.8,2.0,"[6.0, 6.75, 7.5, 8.25, 6.75, 6.0, 6.0]"
,Rock'n'Roll-Girl Formations,Final,3,175,FM,0.99,12.0,"[8.0, 8.0, 9.0, 11.0, 9.0, 10.0, 9.0]"
,Rock'n'Roll-Girl Formations,Final,3,175,FW,11.65,12.0,"[-35.0, -35.0, -35.0, -15.0, -25.0, -50.0, -50.0]"
,Rock'n'Roll-Girl Formations,Final,3,175,sm,2.06,2.3,"[-4.0, -2.0, -2.0, 0.0, -6.0, 0.0, -4.0]"
,Rock'n'Roll-Girl Formations,Final,3,175,bm,0.0,3.0,"[0.0, 0.0, 0.0, 0.0, 0.0, 0.0, 0.0]"
,Rock'n'Roll-Girl Formations,Final,4,144,DF,1.25,2.0,"[10.0, 12.0, 9.0, 10.0, 9.0, 9.0, 12.0]"
,Rock'n'Roll-Girl Formations,Final,4,144,CO,0.97,2.0,"[6.75, 9.0, 6.75, 6.75, 8.25, 9.0, 8.25]"
,Rock'n'Roll-Girl Formations,Final,4,144,FM,2.43,12.0,"[8.0, 13.0, 8.0, 9.0, 8.0, 14.0, 12.0]"
,Rock'n'Roll-Girl Formations,Final,4,144,FW,7.0,12.0,"[-35.0, -15.0, -35.0, -25.0, -35.0, -25.0, -25.0]"
,Rock'n'Roll-Girl Formations,Final,4,144,sm,1.81,2.3,"[-4.0, 0.0, 0.0, 0.0, -4.0, 0.0, 0.0]"
yes,Rock'n'Roll-Girl Formations,Final,4,144,bm,7.0,3.0,"[0.0, 0.0, -20.0, 0.0, 0.0, 0.0, 0.0]"
,Rock'n'Roll-Girl Formations,Final,5,313,DF,1.59,2.0,"[7.0, 8.0, 5.0, 3.0, 5.0, 4.0, 6.0]"
,Rock'n'Roll-Girl Formations,Final,5,313,CO,1.39,2.0,"[6.0, 6.75, 3.75, 4.5, 3.75, 2.25, 4.5]"
,Rock'n'Roll-Girl Formations,Final,5,313,FM,1.69,12.0,"[6.0, 9.0, 7.0, 3.0, 5.0, 6.0, 6.0]"
yes,Rock'n'Roll-Girl Formations,Final,5,313,FW,13.32,12.0,"[-35.0, -35.0, -75.0, -50.0, -50.0, -35.0, -50.0]"
yes,Rock'n'Roll-Girl Formations,Final,5,313,sm,3.61,2.3,"[-8.0, -6.0, -4.0, 0.0, -2.0, 0.0, -10.0]"
yes,Rock'n'Roll-Girl Formations,Final,5,313,bm,7.28,3.0,"[0.0, 0.0, -10.0, 0.0, -10.0, -20.0, 0.0]"
,Rock'n'Roll-Ladies Formations,Final,1,32,DF,1.4,2.0,"[9.0, 9.0, 11.0, 9.0, 11.0, 11.0, 13.0]"
,Rock'n'Roll-Ladies Formations,Final,1,32,CO,0.93,2.0,"[8.25, 7.5, 9.0, 6.75, 9.0, 8.25, 9.75]"
,Rock'n'Roll-Ladies Formations,Final,1,32,FM,1.92,12.0,"[9.0, 9.0, 11.0, 8.0, 14.0, 12.0, 11.0]"
,Rock'n'Roll-Ladies Formations,Final,1,32,FW,4.52,12.0,"[-25.0, -25.0, -25.0, -25.0, -25.0, -15.0, -15.0]"
,Rock'n'Roll-Ladies Formations,Final,1,32,sm,0.7,2.3,"[0.0, -2.0, 0.0, 0.0, 0.0, 0.0, 0.0]"
,Rock'n'Roll-Ladies Formations,Final,1,32,bm,0.0,3.0,"[0.0, 0.0, 0.0, 0.0, 0.0, 0.0, 0.0]"
,Rock'n'Roll-Ladies Formations,Final,2,208,DF,1.18,2.0,"[12.0, 12.0, 13.0, 13.0, 11.0, 12.0, 15.0]"
,Rock'n'Roll-Ladies Formations,Final,2,208,CO,0.4,2.0,"[9.75, 9.75, 9.75, 9.75, 9.75, 9.0, 10.5]"
,Rock'n'Roll-Ladies Formations,Final,2,208,FM,0.99,12.0,"[11.0, 14.0, 13.0, 13.0, 12.0, 13.0, 14.0]"
,Rock'n'Roll-Ladies Formations,Final,2,208,FW,4.63,12.0,"[-15.0, -15.0, -15.0, -10.0, -25.0, -10.0, -15.0]"
,Rock'n'Roll-Ladies Formations,Final,2,208,sm,0.7,2.3,"[0.0, 0.0, 0.0, 0.0, -2.0, 0.0, 0.0]"
,Rock'n'Roll-Ladies Formations,Final,2,208,bm,0.0,3.0,"[0.0, 0.0, 0.0, 0.0, 0.0, 0.0, 0.0]"
,Rock'n'Roll-Ladies Formations,Final,3,77,DF,1.39,2.0,"[11.0, 14.0, 12.0, 12.0, 9.0, 12.0, 12.0]"
,Rock'n'Roll-Ladies Formations,Final,3,77,CO,0.97,2.0,"[9.0, 10.5, 7.5, 9.0, 7.5, 9.0, 8.25]"
,Rock'n'Roll-Ladies Formations,Final,3,77,FM,1.75,12.0,"[11.0, 14.0, 10.0, 10.0, 10.0, 14.0, 10.0]"
,Rock'n'Roll-Ladies Formations,Final,3,77,FW,4.52,12.0,"[-25.0, -25.0, -35.0, -25.0, -35.0, -25.0, -25.0]"
,Rock'n'Roll-Ladies Formations,Final,3,77,sm,0.7,2.3,"[0.0, 0.0, 0.0, 0.0, -2.0, 0.0, 0.0]"
,Rock'n'Roll-Ladies Formations,Final,3,77,bm,0.0,3.0,"[0.0, 0.0, 0.0, 0.0, 0.0, 0.0, 0.0]"
,Rock'n'Roll-Ladies Formations,Final,4,128,DF,1.5,2.0,"[9.0, 11.0, 11.0, 12.0, 9.0, 13.0, 9.0]"
,Rock'n'Roll-Ladies Formations,Final,4,128,CO,1.11,2.0,"[7.5, 9.0, 8.25, 9.0, 8.25, 10.5, 6.75]"
,Rock'n'Roll-Ladies Formations,Final,4,128,FM,1.5,12.0,"[9.0, 12.0, 13.0, 11.0, 11.0, 14.0, 11.0]"
,Rock'n'Roll-Ladies Formations,Final,4,128,FW,7.0,12.0,"[-35.0, -25.0, -25.0, -25.0, -35.0, -15.0, -35.0]"
,Rock'n'Roll-Ladies Formations,Final,4,128,sm,0.99,2.3,"[0.0, -2.0, 0.0, -2.0, 0.0, -2.0, 0.0]"
yes,Rock'n'Roll-Ladies Formations,Final,4,128,bm,3.5,3.0,"[-10.0, 0.0, 0.0, 0.0, 0.0, 0.0, 0.0]"
,Rock'n'Roll-Ladies Formations,Final,5,104,DF,1.64,2.0,"[9.0, 13.0, 12.0, 9.0, 10.0, 10.0, 8.0]"
,Rock'n'Roll-Ladies Formations,Final,5,104,CO,1.37,2.0,"[7.5, 9.75, 10.5, 6.75, 7.5, 7.5, 6.75]"
,Rock'n'Roll-Ladies Formations,Final,5,104,FM,2.59,12.0,"[8.0, 15.0, 14.0, 9.0, 10.0, 13.0, 9.0]"
,Rock'n'Roll-Ladies Formations,Final,5,104,FW,8.81,12.0,"[-35.0, -15.0, -25.0, -35.0, -35.0, -15.0, -35.0]"
,Rock'n'Roll-Ladies Formations,Final,5,104,sm,0.7,2.3,"[0.0, 0.0, 0.0, 0.0, -2.0, 0.0, 0.0]"
,Rock'n'Roll-Ladies Formations,Final,5,104,bm,0.0,3.0,"[0.0, 0.0, 0.0, 0.0, 0.0, 0.0, 0.0]"
,Rock'n'Roll-Main Class Start,Final,1,28,DF,1.36,2.0,"[12.5, 10.0, 13.75, 12.5]"
,Rock'n'Roll-Main Class Start,Final,1,28,CO,1.3,2.0,"[9.0, 7.0, 7.0, 10.0]"
,Rock'n'Roll-Main Class Start,Final,1,28,FM,1.54,12.0,"[7.5, 5.0, 8.5, 5.0]"
,Rock'n'Roll-Main Class Start,Final,1,28,FW,8.29,12.0,"[-15.0, -35.0, -25.0, -35.0]"
,Rock'n'Roll-Main Class Start,Final,1,28,sm,1.66,2.3,"[-2.0, 0.0, 0.0, -4.0]"
,Rock'n'Roll-Main Class Start,Final,1,28,bm,0.0,3.0,"[0.0, 0.0, 0.0, 0.0]"
,Rock'n'Roll-Main Class Start,Final,2,142,DF,0.54,2.0,"[11.25, 11.25, 11.25, 12.5]"
,Rock'n'Roll-Main Class Start,Final,2,142,CO,1.79,2.0,"[9.0, 7.0, 12.0, 9.0]"
,Rock'n'Roll-Main Class Start,Final,2,142,FM,0.89,12.0,"[6.5, 5.0, 7.5, 6.5]"
,Rock'n'Roll-Main Class Start,Final,2,142,FW,7.07,12.0,"[-25.0, -35.0, -15.0, -25.0]"
,Rock'n'Roll-Main Class Start,Final,2,142,sm,0.0,2.3,"[0.0, 0.0, 0.0, 0.0]"
,Rock'n'Roll-Main Class Start,Final,2,142,bm,0.0,3.0,"[0.0, 0.0, 0.0, 0.0]"
,Rock'n'Roll-Main Class Start,Final,3,176,DF,1.53,2.0,"[11.25, 11.25, 7.5, 10.0]"
,Rock'n'Roll-Main Class Start,Final,3,176,CO,1.3,2.0,"[9.0, 9.0, 6.0, 9.0]"
,Rock'n'Roll-Main Class Start,Final,3,176,FM,0.5,12.0,"[7.5, 6.5, 7.5, 6.5]"
,Rock'n'Roll-Main Class Start,Final,3,176,FW,7.5,12.0,"[-35.0, -35.0, -50.0, -50.0]"
,Rock'n'Roll-Main Class Start,Final,3,176,sm,0.0,2.3,"[0.0, 0.0, 0.0, 0.0]"
,Rock'n'Roll-Main Class Start,Final,3,176,bm,0.0,3.0,"[0.0, 0.0, 0.0, 0.0]"
,Rock'n'Roll-Main Class Start,Final,4,36,DF,0.63,2.0,"[13.75, 12.5, 12.5, 13.75]"
,Rock'n'Roll-Main Class Start,Final,4,36,CO,0.83,2.0,"[12.0, 10.0, 11.0, 10.0]"
,Rock'n'Roll-Main Class Start,Final,4,36,FM,0.25,12.0,"[9.5, 9.5, 9.0, 9.0]"
,Rock'n'Roll-Main Class Start,Final,4,36,FW,4.33,12.0,"[-25.0, -25.0, -25.0, -35.0]"
,Rock'n'Roll-Main Class Start,Final,4,36,sm,0.87,2.3,"[0.0, 0.0, 0.0, -2.0]"
,Rock'n'Roll-Main Class Start,Final,4,36,bm,0.0,3.0,"[0.0, 0.0, 0.0, 0.0]"
,Rock'n'Roll-Main Class Start,Final,5,371,DF,0.54,2.0,"[11.25, 11.25, 12.5, 11.25]"
,Rock'n'Roll-Main Class Start,Final,5,371,CO,0.43,2.0,"[9.0, 9.0, 9.0, 10.0]"
,Rock'n'Roll-Main Class Start,Final,5,371,FM,0.43,12.0,"[7.5, 6.5, 6.5, 6.5]"
,Rock'n'Roll-Main Class Start,Final,5,371,FW,4.33,12.0,"[-35.0, -35.0, -25.0, -35.0]"
,Rock'n'Roll-Main Class Start,Final,5,371,sm,0.0,2.3,"[0.0, 0.0, 0.0, 0.0]"
,Rock'n'Roll-Main Class Start,Final,5,371,bm,0.0,3.0,"[0.0, 0.0, 0.0, 0.0]"
,Rock'n'Roll-Main Class Contact Style,First round,1,224,DF,1.98,2.0,"[12.5, 11.25, 15.0, 16.25]"
,Rock'n'Roll-Main Class Contact Style,First round,1,224,CO,0.83,2.0,"[10.0, 10.0, 11.0, 12.0]"
,Rock'n'Roll-Main Class Contact Style,First round,1,224,FM,0.41,12.0,"[9.5, 8.5, 9.5, 9.0]"
,Rock'n'Roll-Main Class Contact Style,First round,1,224,FW,5.45,12.0,"[-15.0, -25.0, -15.0, -10.0]"
,Rock'n'Roll-Main Class Contact Style,First round,1,224,sm,1.0,2.3,"[-2.0, 0.0, 0.0, -2.0]"
,Rock'n'Roll-Main Class Contact Style,First round,1,224,bm,0.0,3.0,"[0.0, 0.0, 0.0, 0.0]"
,Rock'n'Roll-Main Class Contact Style,First round,1,317,DF,1.04,2.0,"[7.5, 10.0, 10.0, 8.75]"
,Rock'n'Roll-Main Class Contact Style,First round,1,317,CO,1.5,2.0,"[8.0, 8.0, 5.0, 5.0]"
,Rock'n'Roll-Main Class Contact Style,First round,1,317,FM,0.65,12.0,"[6.5, 6.5, 6.5, 5.0]"
yes,Rock'n'Roll-Main Class Contact Style,First round,1,317,FW,16.35,12.0,"[-35.0, -35.0, -50.0, -75.0]"
,Rock'n'Roll-Main Class Contact Style,First round,1,317,sm,0.0,2.3,"[0.0, 0.0, 0.0, 0.0]"
,Rock'n'Roll-Main Class Contact Style,First round,1,317,bm,0.0,3.0,"[0.0, 0.0, 0.0, 0.0]"
,Rock'n'Roll-Main Class Contact Style,First round,2,71,DF,0.54,2.0,"[10.0, 11.25, 10.0, 10.0]"
,Rock'n'Roll-Main Class Contact Style,First round,2,71,CO,1.22,2.0,"[8.0, 9.0, 8.0, 11.0]"
,Rock'n'Roll-Main Class Contact Style,First round,2,71,FM,0.89,12.0,"[6.5, 7.5, 6.5, 5.0]"
,Rock'n'Roll-Main Class Contact Style,First round,2,71,FW,0.0,12.0,"[-35.0, -35.0, -35.0, -35.0]"
,Rock'n'Roll-Main Class Contact Style,First round,2,71,sm,0.0,2.3,"[0.0, 0.0, 0.0, 0.0]"
,Rock'n'Roll-Main Class Contact Style,First round,2,71,bm,0.0,3.0,"[0.0, 0.0, 0.0, 0.0]"
,Rock'n'Roll-Main Class Contact Style,First round,2,283,DF,1.88,2.0,"[11.25, 11.25, 10.0, 15.0]"
,Rock'n'Roll-Main Class Contact Style,First round,2,283,CO,1.64,2.0,"[8.0, 8.0, 9.0, 12.0]"
,Rock'n'Roll-Main Class Contact Style,First round,2,283,FM,0.83,12.0,"[7.5, 8.5, 6.5, 8.5]"
yes,Rock'n'Roll-Main Class Contact Style,First round,2,283,FW,14.31,12.0,"[-25.0, -15.0, -50.0, -15.0]"
,Rock'n'Roll-Main Class Contact Style,First round,2,283,sm,0.0,2.3,"[0.0, 0.0, 0.0, 0.0]"
,Rock'n'Roll-Main Class Contact Style,First round,2,283,bm,0.0,3.0,"[0.0, 0.0, 0.0, 0.0]"
yes,Rock'n'Roll-Main Class Contact Style,First round,3,172,DF,2.8,2.0,"[7.5, 10.0, 12.5, 15.0]"
,Rock'n'Roll-Main Class Contact Style,First round,3,172,CO,1.58,2.0,"[8.0, 7.0, 10.0, 11.0]"
,Rock'n'Roll-Main Class Contact Style,First round,3,172,FM,2.06,12.0,"[7.5, 2.5, 7.5, 6.5]"
,Rock'n'Roll-Main Class Contact Style,First round,3,172,FW,7.07,12.0,"[-25.0, -35.0, -25.0, -15.0]"
,Rock'n'Roll-Main Class Contact Style,First round,3,172,sm,0.87,2.3,"[0.0, 0.0, 0.0, -2.0]"
,Rock'n'Roll-Main Class Contact Style,First round,3,172,bm,0.0,3.0,"[0.0, 0.0, 0.0, 0.0]"
,Rock'n'Roll-Main Class Contact Style,First round,3,300,DF,0.63,2.0,"[10.0, 11.25, 10.0, 11.25]"
,Rock'n'Roll-Main Class Contact Style,First round,3,300,CO,1.12,2.0,"[6.0, 8.0, 7.0, 9.0]"
,Rock'n'Roll-Main Class Contact Style,First round,3,300,FM,1.06,12.0,"[6.5, 5.0, 5.0, 7.5]"
,Rock'n'Roll-Main Class Contact Style,First round,3,300,FW,10.23,12.0,"[-25.0, -35.0, -50.0, -25.0]"
,Rock'n'Roll-Main Class Contact Style,First round,3,300,sm,0.87,2.3,"[0.0, -2.0, 0.0, 0.0]"
,Rock'n'Roll-Main Class Contact Style,First round,3,300,bm,0.0,3.0,"[0.0, 0.0, 0.0, 0.0]"
,Rock'n'Roll-Main Class Contact Style,First round,4,181,DF,0.54,2.0,"[11.25, 11.25, 11.25, 12.5]"
,Rock'n'Roll-Main Class Contact Style,First round,4,181,CO,0.5,2.0,"[9.0, 8.0, 8.0, 9.0]"
,Rock'n'Roll-Main Class Contact Style,First round,4,181,FM,0.5,12.0,"[7.5, 6.5, 6.5, 7.5]"
,Rock'n'Roll-Main Class Contact Style,First round,4,181,FW,4.33,12.0,"[-25.0, -35.0, -35.0, -35.0]"
,Rock'n'Roll-Main Class Contact Style,First round,4,181,sm,0.0,2.3,"[0.0, 0.0, 0.0, 0.0]"
,Rock'n'Roll-Main Class Contact Style,First round,4,181,bm,0.0,3.0,"[0.0, 0.0, 0.0, 0.0]"
,Rock'n'Roll-Main Class Contact Style,First round,4,362,DF,1.04,2.0,"[13.75, 16.25, 16.25, 15.0]"
,Rock'n'Roll-Main Class Contact Style,First round,4,362,CO,1.48,2.0,"[10.0, 14.0, 12.0, 13.0]"
,Rock'n'Roll-Main Class Contact Style,First round,4,362,FM,0.41,12.0,"[9.0, 10.0, 9.5, 9.0]"
,Rock'n'Roll-Main Class Contact Style,First round,4,362,FW,3.54,12.0,"[-10.0, -10.0, -5.0, -15.0]"
,Rock'n'Roll-Main Class Contact Style,First round,4,362,sm,0.0,2.3,"[0.0, 0.0, 0.0, 0.0]"
,Rock'n'Roll-Main Class Contact Style,First round,4,362,bm,0.0,3.0,"[0.0, 0.0, 0.0, 0.0]"
,Rock'n'Roll-Main Class Contact Style,First round,5,363,DF,1.53,2.0,"[12.5, 12.5, 13.75, 16.25]"
,Rock'n'Roll-Main Class Contact Style,First round,5,363,CO,1.22,2.0,"[9.0, 12.0, 11.0, 12.0]"
,Rock'n'Roll-Main Class Contact Style,First round,5,363,FM,0.25,12.0,"[9.0, 8.5, 9.0, 8.5]"
,Rock'n'Roll-Main Class Contact Style,First round,5,363,FW,5.45,12.0,"[-10.0, -15.0, -25.0, -15.0]"
,Rock'n'Roll-Main Class Contact Style,First round,5,363,sm,0.0,2.3,"[0.0, 0.0, 0.0, 0.0]"
,Rock'n'Roll-Main Class Contact Style,First round,5,363,bm,0.0,3.0,"[0.0, 0.0, 0.0, 0.0]"
,Rock'n'Roll-Main Class Contact Style,Hope round,1,181,DF,1.04,2.0,"[11.25, 10.0, 12.5, 12.5]"
,Rock'n'Roll-Main Class Contact Style,Hope round,1,181,CO,0.5,2.0,"[10.0, 9.0, 9.0, 10.0]"
,Rock'n'Roll-Main Class Contact Style,Hope round,1,181,FM,0.71,12.0,"[7.5, 8.5, 7.5, 6.5]"
,Rock'n'Roll-Main Class Contact Style,Hope round,1,181,FW,4.33,12.0,"[-25.0, -25.0, -35.0, -25.0]"
,Rock'n'Roll-Main Class Contact Style,Hope round,1,181,sm,0.87,2.3,"[0.0, 0.0, 0.0, -2.0]"
,Rock'n'Roll-Main Class Contact Style,Hope round,1,181,bm,0.0,3.0,"[0.0, 0.0, 0.0, 0.0]"
,Rock'n'Roll-Main Class Contact Style,Hope round,1,300,DF,0.54,2.0,"[10.0, 8.75, 10.0, 10.0]"
,Rock'n'Roll-Main Class Contact Style,Hope round,1,300,CO,0.5,2.0,"[8.0, 8.0, 9.0, 9.0]"
,Rock'n'Roll-Main Class Contact Style,Hope round,1,300,FM,0.65,12.0,"[6.5, 5.0, 6.5, 6.5]"
,Rock'n'Roll-Main Class Contact Style,Hope round,1,300,FW,4.33,12.0,"[-25.0, -35.0, -35.0, -35.0]"
,Rock'n'Roll-Main Class Contact Style,Hope round,1,300,sm,0.87,2.3,"[0.0, 0.0, 0.0, -2.0]"
,Rock'n'Roll-Main Class Contact Style,Hope round,1,300,bm,0.0,3.0,"[0.0, 0.0, 0.0, 0.0]"
yes,Rock'n'Roll-Main Class Contact Style,Hope round,2,172,DF,2.07,2.0,"[10.0, 7.5, 12.5, 12.5]"
,Rock'n'Roll-Main Class Contact Style,Hope round,2,172,CO,1.3,2.0,"[8.0, 8.0, 11.0, 10.0]"
,Rock'n'Roll-Main Class Contact Style,Hope round,2,172,FM,0.43,12.0,"[6.5, 6.5, 7.5, 6.5]"
,Rock'n'Roll-Main Class Contact Style,Hope round,2,172,FW,4.33,12.0,"[-25.0, -25.0, -15.0, -25.0]"
,Rock'n'Roll-Main Class Contact Style,Hope round,2,172,sm,0.0,2.3,"[0.0, 0.0, 0.0, 0.0]"
,Rock'n'Roll-Main Class Contact Style,Hope round,2,172,bm,0.0,3.0,"[0.0, 0.0, 0.0, 0.0]"
,Rock'n'Roll-Main Class Contact Style,Hope round,2,317,DF,1.04,2.0,"[7.5, 10.0, 8.75, 7.5]"
,Rock'n'Roll-Main Class Contact Style,Hope round,2,317,CO,0.0,2.0,"[8.0, 8.0, 8.0, 8.0]"
,Rock'n'Roll-Main Class Contact Style,Hope round,2,317,FM,0.65,12.0,"[6.5, 5.0, 5.0, 5.0]"
yes,Rock'n'Roll-Main Class Contact Style,Hope round,2,317,FW,16.35,12.0,"[-35.0, -35.0, -50.0, -75.0]"
,Rock'n'Roll-Main Class Contact Style,Hope round,2,317,sm,0.87,2.3,"[-4.0, -2.0, -2.0, -2.0]"
,Rock'n'Roll-Main Class Contact Style,Hope round,2,317,bm,0.0,3.0,"[0.0, 0.0, 0.0, 0.0]"
,Rock'n'Roll-Main Class Contact Style,Hope round,3,71,DF,1.04,2.0,"[8.75, 10.0, 8.75, 11.25]"
,Rock'n'Roll-Main Class Contact Style,Hope round,3,71,CO,1.48,2.0,"[8.0, 9.0, 7.0, 11.0]"
,Rock'n'Roll-Main Class Contact Style,Hope round,3,71,FM,0.89,12.0,"[6.5, 7.5, 6.5, 5.0]"
,Rock'n'Roll-Main Class Contact Style,Hope round,3,71,FW,7.5,12.0,"[-35.0, -35.0, -50.0, -50.0]"
,Rock'n'Roll-Main Class Contact Style,Hope round,3,71,sm,0.0,2.3,"[0.0, 0.0, 0.0, 0.0]"
,Rock'n'Roll-Main Class Contact Style,Hope round,3,71,bm,0.0,3.0,"[0.0, 0.0, 0.0, 0.0]"
,Rock'n'Roll-Main Class Contact Style,Final - Foot technique,1,362,DF,0.55,2.0,"[7.5, 8.125, 8.125, 6.875, 8.125, 8.75, 8.125]"
,Rock'n'Roll-Main Class Contact Style,Final - Foot technique,1,362,CO,0.52,2.0,"[6.0, 7.0, 6.5, 5.5, 6.0, 7.0, 6.5]"
,Rock'n'Roll-Main Class Contact Style,Final - Foot technique,1,362,FM,0.36,12.0,"[4.5, 4.75, 4.75, 4.5, 4.5, 5.0, 3.75]"
,Rock'n'Roll-Main Class Contact Style,Final - Foot technique,1,362,FW,1.75,12.0,"[-55.0, -52.5, -52.5, -55.0, -55.0, -52.5, -57.5]"
,Rock'n'Roll-Main Class Contact Style,Final - Foot technique,1,362,sm,0.0,2.3,"[0.0, 0.0, 0.0, 0.0, 0.0, 0.0, 0.0]"
,Rock'n'Roll-Main Class Contact Style,Final - Foot technique,1,362,bm,0.0,3.0,"[0.0, 0.0, 0.0, 0.0, 0.0, 0.0, 0.0]"
,Rock'n'Roll-Main Class Contact Style,Final - Foot technique,2,71,DF,0.73,2.0,"[5.625, 5.625, 5.0, 3.75, 5.0, 3.75, 5.0]"
,Rock'n'Roll-Main Class Contact Style,Final - Foot technique,2,71,CO,0.59,2.0,"[4.5, 4.5, 4.0, 3.0, 4.5, 5.0, 4.0]"
,Rock'n'Roll-Main Class Contact Style,Final - Foot technique,2,71,FM,0.62,12.0,"[3.25, 2.5, 3.25, 2.5, 1.25, 2.5, 2.5]"
,Rock'n'Roll-Main Class Contact Style,Final - Foot technique,2,71,FW,3.71,12.0,"[-67.5, -67.5, -75.0, -75.0, -75.0, -67.5, -67.5]"
,Rock'n'Roll-Main Class Contact Style,Final - Foot technique,2,71,sm,0.7,2.3,"[0.0, 0.0, 0.0, 0.0, -2.0, 0.0, 0.0]"
yes,Rock'n'Roll-Main Class Contact Style,Final - Foot technique,2,71,bm,3.5,3.0,"[0.0, 0.0, 0.0, 0.0, -10.0, 0.0, 0.0]"
,Rock'n'Roll-Main Class Contact Style,Final - Foot technique,3,224,DF,0.62,2.0,"[7.5, 6.875, 8.125, 7.5, 7.5, 8.75, 6.875]"
,Rock'n'Roll-Main Class Contact Style,Final - Foot technique,3,224,CO,1.21,2.0,"[7.0, 6.0, 7.0, 4.5, 8.0, 7.5, 5.0]"
,Rock'n'Roll-Main Class Contact Style,Final - Foot technique,3,224,FM,0.23,12.0,"[4.75, 4.5, 4.75, 4.75, 4.5, 5.0, 4.25]"
,Rock'n'Roll-Main Class Contact Style,Final - Foot technique,3,224,FW,1.82,12.0,"[-57.5, -55.0, -57.5, -57.5, -55.0, -52.5, -57.5]"
,Rock'n'Roll-Main Class Contact Style,Final - Foot technique,3,224,sm,0.0,2.3,"[0.0, 0.0, 0.0, 0.0, 0.0, 0.0, 0.0]"
,Rock'n'Roll-Main Class Contact Style,Final - Foot technique,3,224,bm,0.0,3.0,"[0.0, 0.0, 0.0, 0.0, 0.0, 0.0, 0.0]"
,Rock'n'Roll-Main Class Contact Style,Final - Foot technique,4,363,DF,0.44,2.0,"[7.5, 7.5, 8.125, 6.875, 8.125, 7.5, 8.125]"
,Rock'n'Roll-Main Class Contact Style,Final - Foot technique,4,363,CO,0.42,2.0,"[6.5, 6.5, 6.5, 5.5, 6.5, 6.5, 7.0]"
,Rock'n'Roll-Main Class Contact Style,Final - Foot technique,4,363,FM,0.17,12.0,"[4.75, 4.5, 4.5, 4.5, 4.25, 4.75, 4.75]"
,Rock'n'Roll-Main Class Contact Style,Final - Foot technique,4,363,FW,1.6,12.0,"[-52.5, -55.0, -55.0, -55.0, -57.5, -52.5, -55.0]"
,Rock'n'Roll-Main Class Contact Style,Final - Foot technique,4,363,sm,0.0,2.3,"[0.0, 0.0, 0.0, 0.0, 0.0, 0.0, 0.0]"
,Rock'n'Roll-Main Class Contact Style,Final - Foot technique,4,363,bm,0.0,3.0,"[0.0, 0.0, 0.0, 0.0, 0.0, 0.0, 0.0]"
,Rock'n'Roll-Main Class Contact Style,Final - Foot technique,5,283,DF,0.85,2.0,"[6.875, 6.25, 6.25, 5.0, 5.0, 5.0, 4.375]"
,Rock'n'Roll-Main Class Contact Style,Final - Foot technique,5,283,CO,0.73,2.0,"[5.5, 5.0, 6.0, 3.5, 5.0, 5.0, 4.5]"
,Rock'n'Roll-Main Class Contact Style,Final - Foot technique,5,283,FM,0.25,12.0,"[3.25, 3.75, 3.75, 3.75, 3.25, 3.25, 3.25]"
,Rock'n'Roll-Main Class Contact Style,Final - Foot technique,5,283,FW,3.19,12.0,"[-62.5, -57.5, -67.5, -62.5, -62.5, -62.5, -67.5]"
,Rock'n'Roll-Main Class Contact Style,Final - Foot technique,5,283,sm,0.7,2.3,"[0.0, 0.0, 0.0, 0.0, -2.0, 0.0, 0.0]"
,Rock'n'Roll-Main Class Contact Style,Final - Foot technique,5,283,bm,0.0,3.0,"[0.0, 0.0, 0.0, 0.0, 0.0, 0.0, 0.0]"
,Rock'n'Roll-Main Class Contact Style,Final - Foot technique,6,181,DF,0.31,2.0,"[5.625, 6.25, 5.625, 5.625, 6.25, 5.625, 6.25]"
,Rock'n'Roll-Main Class Contact Style,Final - Foot technique,6,181,CO,0.62,2.0,"[5.0, 4.0, 4.5, 5.0, 5.5, 6.0, 4.5]"
,Rock'n'Roll-Main Class Contact Style,Final - Foot technique,6,181,FM,0.32,12.0,"[3.75, 3.75, 3.75, 4.25, 3.75, 4.25, 3.25]"
,Rock'n'Roll-Main Class Contact Style,Final - Foot technique,6,181,FW,2.9,12.0,"[-62.5, -55.0, -62.5, -57.5, -62.5, -62.5, -62.5]"
,Rock'n'Roll-Main Class Contact Style,Final - Foot technique,6,181,sm,0.0,2.3,"[0.0, 0.0, 0.0, 0.0, 0.0, 0.0, 0.0]"
,Rock'n'Roll-Main Class Contact Style,Final - Foot technique,6,181,bm,0.0,3.0,"[0.0, 0.0, 0.0, 0.0, 0.0, 0.0, 0.0]"
,Rock'n'Roll-Main Class Contact Style,Final - Acrobatic,1,362,DF,0.44,2.0,"[6.875, 7.5, 8.125, 7.5]"
,Rock'n'Roll-Main Class Contact Style,Final - Acrobatic,1,362,CO,0.56,2.0,"[6.0, 6.5, 7.5, 7.0]"
,Rock'n'Roll-Main Class Contact Style,Final - Acrobatic,1,362,FM,0.21,12.0,"[4.5, 4.75, 4.75, 4.25]"
,Rock'n'Roll-Main Class Contact Style,Final - Acrobatic,1,362,FW,1.77,12.0,"[-55.0, -52.5, -55.0, -57.5]"
,Rock'n'Roll-Main Class Contact Style,Final - Acrobatic,1,362,sm,0.0,2.3,"[0.0, 0.0, 0.0, 0.0]"
,Rock'n'Roll-Main Class Contact Style,Final - Acrobatic,1,362,bm,0.0,3.0,"[0.0, 0.0, 0.0, 0.0]"
,Rock'n'Roll-Main Class Contact Style,Final - Acrobatic,2,224,DF,0.52,2.0,"[6.875, 5.625, 6.875, 6.25]"
,Rock'n'Roll-Main Class Contact Style,Final - Acrobatic,2,224,CO,0.54,2.0,"[6.0, 5.0, 6.5, 6.0]"
,Rock'n'Roll-Main Class Contact Style,Final - Acrobatic,2,224,FM,0.45,12.0,"[4.75, 3.75, 4.5, 3.75]"
,Rock'n'Roll-Main Class Contact Style,Final - Acrobatic,2,224,FW,2.17,12.0,"[-62.5, -67.5, -62.5, -62.5]"
,Rock'n'Roll-Main Class Contact Style,Final - Acrobatic,2,224,sm,1.0,2.3,"[0.0, -2.0, 0.0, -2.0]"
,Rock'n'Roll-Main Class Contact Style,Final - Acrobatic,2,224,bm,0.0,3.0,"[0.0, 0.0, 0.0, 0.0]"
,Rock'n'Roll-Main Class Contact Style,Final - Acrobatic,3,283,DF,0.63,2.0,"[5.0, 6.25, 5.0, 6.25]"
,Rock'n'Roll-Main Class Contact Style,Final - Acrobatic,3,283,CO,0.43,2.0,"[5.0, 5.0, 5.0, 6.0]"
,Rock'n'Roll-Main Class Contact Style,Final - Acrobatic,3,283,FM,0.45,12.0,"[3.25, 3.25, 3.75, 2.5]"
,Rock'n'Roll-Main Class Contact Style,Final - Acrobatic,3,283,FW,2.17,12.0,"[-62.5, -62.5, -67.5, -62.5]"
,Rock'n'Roll-Main Class Contact Style,Final - Acrobatic,3,283,sm,1.0,2.3,"[0.0, 0.0, -2.0, -2.0]"
,Rock'n'Roll-Main Class Contact Style,Final - Acrobatic,3,283,bm,0.0,3.0,"[0.0, 0.0, 0.0, 0.0]"
,Rock'n'Roll-Main Class Contact Style,Final - Acrobatic,4,181,DF,0.27,2.0,"[5.625, 6.25, 5.625, 5.625]"
,Rock'n'Roll-Main Class Contact Style,Final - Acrobatic,4,181,CO,0.22,2.0,"[4.5, 4.5, 4.5, 5.0]"
,Rock'n'Roll-Main Class Contact Style,Final - Acrobatic,4,181,FM,0.35,12.0,"[3.75, 4.25, 3.75, 3.25]"
,Rock'n'Roll-Main Class Contact Style,Final - Acrobatic,4,181,FW,2.5,12.0,"[-62.5, -62.5, -67.5, -67.5]"
,Rock'n'Roll-Main Class Contact Style,Final - Acrobatic,4,181,sm,0.0,2.3,"[0.0, 0.0, 0.0, 0.0]"
,Rock'n'Roll-Main Class Contact Style,Final - Acrobatic,4,181,bm,0.0,3.0,"[0.0, 0.0, 0.0, 0.0]"
,Rock'n'Roll-Main Class Contact Style,Final - Acrobatic,5,363,DF,0.52,2.0,"[7.5, 8.125, 6.875, 8.125]"
,Rock'n'Roll-Main Class Contact Style,Final - Acrobatic,5,363,CO,0.61,2.0,"[5.5, 7.0, 5.5, 6.0]"
,Rock'n'Roll-Main Class Contact Style,Final - Acrobatic,5,363,FM,0.11,12.0,"[4.5, 4.5, 4.5, 4.25]"
,Rock'n'Roll-Main Class Contact Style,Final - Acrobatic,5,363,FW,3.06,12.0,"[-55.0, -55.0, -62.5, -57.5]"
,Rock'n'Roll-Main Class Contact Style,Final - Acrobatic,5,363,sm,0.0,2.3,"[0.0, 0.0, 0.0, 0.0]"
,Rock'n'Roll-Main Class Contact Style,Final - Acrobatic,5,363,bm,0.0,3.0,"[0.0, 0.0, 0.0, 0.0]"
,Rock'n'Roll-Main Class Contact Style,Final - Acrobatic,6,71,DF,0.31,2.0,"[5.0, 5.625, 5.0, 5.625]"
,Rock'n'Roll-Main Class Contact Style,Final - Acrobatic,6,71,CO,0.25,2.0,"[4.0, 4.5, 4.0, 4.5]"
,Rock'n'Roll-Main Class Contact Style,Final - Acrobatic,6,71,FM,0.38,12.0,"[3.25, 3.25, 2.5, 2.5]"
,Rock'n'Roll-Main Class Contact Style,Final - Acrobatic,6,71,FW,3.25,12.0,"[-67.5, -75.0, -75.0, -75.0]"
,Rock'n'Roll-Main Class Contact Style,Final - Acrobatic,6,71,sm,1.0,2.3,"[0.0, 0.0, -2.0, -2.0]"
,Rock'n'Roll-Main Class Contact Style,Final - Acrobatic,6,71,bm,0.0,3.0,"[0.0, 0.0, 0.0, 0.0]"
,Rock'n'Roll-Main Class Free Style,First round,1,184,DF,1.4,2.0,"[12.5, 11.25, 13.75, 10.0]"
,Rock'n'Roll-Main Class Free Style,First round,1,184,CO,0.43,2.0,"[9.0, 9.0, 8.0, 9.0]"
,Rock'n'Roll-Main Class Free Style,First round,1,184,FM,0.54,12.0,"[8.5, 7.5, 9.0, 8.5]"
,Rock'n'Roll-Main Class Free Style,First round,1,184,FW,5.0,12.0,"[-15.0, -25.0, -15.0, -25.0]"
,Rock'n'Roll-Main Class Free Style,First round,1,184,sm,1.41,2.3,"[0.0, -2.0, -4.0, -2.0]"
yes,Rock'n'Roll-Main Class Free Style,First round,1,184,bm,4.33,3.0,"[0.0, -10.0, 0.0, 0.0]"
yes,Rock'n'Roll-Main Class Free Style,First round,1,47,DF,2.17,2.0,"[15.0, 15.0, 10.0, 15.0]"
yes,Rock'n'Roll-Main Class Free Style,First round,1,47,CO,2.49,2.0,"[12.0, 11.0, 6.0, 12.0]"
,Rock'n'Roll-Main Class Free Style,First round,1,47,FM,0.41,12.0,"[9.5, 8.5, 9.0, 8.5]"
,Rock'n'Roll-Main Class Free Style,First round,1,47,FW,4.15,12.0,"[-5.0, -15.0, -15.0, -10.0]"
,Rock'n'Roll-Main Class Free Style,First round,1,47,sm,0.0,2.3,"[0.0, 0.0, 0.0, 0.0]"
,Rock'n'Roll-Main Class Free Style,First round,1,47,bm,0.0,3.0,"[0.0, 0.0, 0.0, 0.0]"
,Rock'n'Roll-Main Class Free Style,First round,2,15,DF,1.53,2.0,"[10.0, 11.25, 7.5, 11.25]"
,Rock'n'Roll-Main Class Free Style,First round,2,15,CO,1.22,2.0,"[7.0, 10.0, 7.0, 8.0]"
,Rock'n'Roll-Main Class Free Style,First round,2,15,FM,0.65,12.0,"[6.5, 5.0, 6.5, 6.5]"
,Rock'n'Roll-Main Class Free Style,First round,2,15,FW,5.0,12.0,"[-25.0, -35.0, -25.0, -35.0]"
,Rock'n'Roll-Main Class Free Style,First round,2,15,sm,0.87,2.3,"[0.0, -2.0, 0.0, 0.0]"
,Rock'n'Roll-Main Class Free Style,First round,2,15,bm,0.0,3.0,"[0.0, 0.0, 0.0, 0.0]"
,Rock'n'Roll-Main Class Free Style,First round,2,86,DF,1.25,2.0,"[2.5, 2.5, 0.0, 0.0]"
,Rock'n'Roll-Main Class Free Style,First round,2,86,CO,0.87,2.0,"[2.0, 0.0, 0.0, 0.0]"
,Rock'n'Roll-Main Class Free Style,First round,2,86,FM,2.67,12.0,"[0.0, 6.5, 6.5, 5.0]"
yes,Rock'n'Roll-Main Class Free Style,First round,2,86,FW,26.69,12.0,"[-100.0, -35.0, -35.0, -50.0]"
,Rock'n'Roll-Main Class Free Style,First round,2,86,sm,0.0,2.3,"[0.0, 0.0, 0.0, 0.0]"
yes,Rock'n'Roll-Main Class Free Style,First round,2,86,bm,12.25,3.0,"[0.0, -30.0, -10.0, 0.0]"
,Rock'n'Roll-Main Class Free Style,First round,3,90,DF,0.63,2.0,"[16.25, 17.5, 17.5, 16.25]"
,Rock'n'Roll-Main Class Free Style,First round,3,90,CO,1.66,2.0,"[12.0, 16.0, 12.0, 14.0]"
,Rock'n'Roll-Main Class Free Style,First round,3,90,FM,0.56,12.0,"[10.0, 8.5, 9.5, 9.0]"
,Rock'n'Roll-Main Class Free Style,First round,3,90,FW,6.12,12.0,"[0.0, -15.0, -10.0, -15.0]"
,Rock'n'Roll-Main Class Free Style,First round,3,90,sm,0.0,2.3,"[0.0, 0.0, 0.0, 0.0]"
,Rock'n'Roll-Main Class Free Style,First round,3,90,bm,0.0,3.0,"[0.0, 0.0, 0.0, 0.0]"
,Rock'n'Roll-Main Class Free Style,First round,3,263,DF,1.36,2.0,"[11.25, 8.75, 8.75, 7.5]"
,Rock'n'Roll-Main Class Free Style,First round,3,263,CO,0.71,2.0,"[6.0, 7.0, 7.0, 8.0]"
,Rock'n'Roll-Main Class Free Style,First round,3,263,FM,0.65,12.0,"[6.5, 5.0, 5.0, 5.0]"
,Rock'n'Roll-Main Class Free Style,First round,3,263,FW,6.5,12.0,"[-35.0, -50.0, -35.0, -35.0]"
,Rock'n'Roll-Main Class Free Style,First round,3,263,sm,0.87,2.3,"[0.0, 0.0, 0.0, -2.0]"
,Rock'n'Roll-Main Class Free Style,First round,3,263,bm,0.0,3.0,"[0.0, 0.0, 0.0, 0.0]"
,Rock'n'Roll-Main Class Free Style,First round,4,41,DF,1.4,2.0,"[12.5, 16.25, 15.0, 13.75]"
yes,Rock'n'Roll-Main Class Free Style,First round,4,41,CO,2.28,2.0,"[8.0, 14.0, 13.0, 12.0]"
,Rock'n'Roll-Main Class Free Style,First round,4,41,FM,0.22,12.0,"[9.0, 9.0, 9.5, 9.0]"
,Rock'n'Roll-Main Class Free Style,First round,4,41,FW,5.0,12.0,"[-5.0, -15.0, -5.0, -15.0]"
,Rock'n'Roll-Main Class Free Style,First round,4,41,sm,0.0,2.3,"[0.0, 0.0, 0.0, 0.0]"
,Rock'n'Roll-Main Class Free Style,First round,4,41,bm,0.0,3.0,"[0.0, 0.0, 0.0, 0.0]"
,Rock'n'Roll-Main Class Free Style,First round,4,63,DF,1.04,2.0,"[12.5, 13.75, 11.25, 11.25]"
,Rock'n'Roll-Main Class Free Style,First round,4,63,CO,1.92,2.0,"[9.0, 13.0, 8.0, 9.0]"
,Rock'n'Roll-Main Class Free Style,First round,4,63,FM,0.65,12.0,"[9.0, 7.5, 7.5, 7.5]"
,Rock'n'Roll-Main Class Free Style,First round,4,63,FW,2.17,12.0,"[-10.0, -15.0, -15.0, -15.0]"
,Rock'n'Roll-Main Class Free Style,First round,4,63,sm,0.0,2.3,"[0.0, 0.0, 0.0, 0.0]"
,Rock'n'Roll-Main Class Free Style,First round,4,63,bm,0.0,3.0,"[0.0, 0.0, 0.0, 0.0]"
,Rock'n'Roll-Main Class Free Style,Final - Foot technique,1,263,DF,0.4,2.0,"[5.625, 5.0, 5.0, 5.0, 4.375, 5.625, 5.0]"
,Rock'n'Roll-Main Class Free Style,Final - Foot technique,1,263,CO,0.88,2.0,"[4.5, 3.5, 4.5, 3.0, 4.0, 6.0, 4.0]"
,Rock'n'Roll-Main Class Free Style,Final - Foot technique,1,263,FM,0.37,12.0,"[3.25, 3.25, 2.5, 3.25, 2.5, 3.25, 2.5]"
,Rock'n'Roll-Main Class Free Style,Final - Foot technique,1,263,FW,4.71,12.0,"[-67.5, -75.0, -67.5, -67.5, -67.5, -57.5, -67.5]"
,Rock'n'Roll-Main Class Free Style,Final - Foot technique,1,263,sm,0.0,2.3,"[0.0, 0.0, 0.0, 0.0, 0.0, 0.0, 0.0]"
,Rock'n'Roll-Main Class Free Style,Final - Foot technique,1,263,bm,0.0,3.0,"[0.0, 0.0, 0.0, 0.0, 0.0, 0.0, 0.0]"
,Rock'n'Roll-Main Class Free Style,Final - Foot technique,2,63,DF,0.91,2.0,"[5.625, 5.0, 6.25, 5.625, 6.875, 3.75, 5.625]"
,Rock'n'Roll-Main Class Free Style,Final - Foot technique,2,63,CO,0.62,2.0,"[4.5, 5.0, 5.5, 4.5, 6.0, 5.0, 4.0]"
,Rock'n'Roll-Main Class Free Style,Final - Foot technique,2,63,FM,0.25,12.0,"[3.75, 3.75, 3.25, 3.75, 3.25, 3.25, 3.25]"
,Rock'n'Roll-Main Class Free Style,Final - Foot technique,2,63,FW,2.47,12.0,"[-62.5, -67.5, -62.5, -62.5, -62.5, -67.5, -67.5]"
,Rock'n'Roll-Main Class Free Style,Final - Foot technique,2,63,sm,0.99,2.3,"[0.0, -2.0, -2.0, 0.0, 0.0, -2.0, -2.0]"
,Rock'n'Roll-Main Class Free Style,Final - Foot technique,2,63,bm,0.0,3.0,"[0.0, 0.0, 0.0, 0.0, 0.0, 0.0, 0.0]"
,Rock'n'Roll-Main Class Free Style,Final - Foot technique,3,47,DF,0.85,2.0,"[6.875, 6.875, 8.125, 7.5, 6.875, 7.5, 9.375]"
,Rock'n'Roll-Main Class Free Style,Final - Foot technique,3,47,CO,0.56,2.0,"[6.0, 6.0, 7.5, 6.0, 6.0, 6.5, 7.0]"
,Rock'n'Roll-Main Class Free Style,Final - Foot technique,3,47,FM,0.36,12.0,"[4.25, 3.75, 3.75, 4.25, 3.25, 4.25, 4.25]"
,Rock'n'Roll-Main Class Free Style,Final - Foot technique,3,47,FW,1.75,12.0,"[-57.5, -57.5, -55.0, -55.0, -57.5, -52.5, -55.0]"
,Rock'n'Roll-Main Class Free Style,Final - Foot technique,3,47,sm,0.0,2.3,"[0.0, 0.0, 0.0, 0.0, 0.0, 0.0, 0.0]"
,Rock'n'Roll-Main Class Free Style,Final - Foot technique,3,47,bm,0.0,3.0,"[0.0, 0.0, 0.0, 0.0, 0.0, 0.0, 0.0]"
,Rock'n'Roll-Main Class Free Style,Final - Foot technique,4,41,DF,0.62,2.0,"[5.625, 5.625, 5.625, 5.0, 6.25, 6.25, 4.375]"
,Rock'n'Roll-Main Class Free Style,Final - Foot technique,4,41,CO,0.45,2.0,"[4.5, 4.5, 5.0, 4.5, 5.0, 5.5, 4.0]"
,Rock'n'Roll-Main Class Free Style,Final - Foot technique,4,41,FM,0.35,12.0,"[3.75, 4.25, 4.25, 3.75, 3.75, 4.75, 4.25]"
,Rock'n'Roll-Main Class Free Style,Final - Foot technique,4,41,FW,4.16,12.0,"[-62.5, -57.5, -67.5, -67.5, -62.5, -57.5, -67.5]"
,Rock'n'Roll-Main Class Free Style,Final - Foot technique,4,41,sm,0.99,2.3,"[-2.0, -2.0, -2.0, 0.0, 0.0, 0.0, 0.0]"
yes,Rock'n'Roll-Main Class Free Style,Final - Foot technique,4,41,bm,4.52,3.0,"[0.0, 0.0, -10.0, 0.0, -10.0, 0.0, 0.0]"
,Rock'n'Roll-Main Class Free Style,Final - Foot technique,5,15,DF,0.81,2.0,"[5.625, 5.625, 5.625, 4.375, 6.875, 5.0, 4.375]"
,Rock'n'Roll-Main Class Free Style,Final - Foot technique,5,15,CO,0.74,2.0,"[4.5, 4.5, 4.5, 3.0, 4.5, 5.0, 3.0]"
,Rock'n'Roll-Main Class Free Style,Final - Foot technique,5,15,FM,0.34,12.0,"[3.25, 3.25, 2.5, 3.25, 3.25, 3.25, 2.5]"
,Rock'n'Roll-Main Class Free Style,Final - Foot technique,5,15,FW,3.19,12.0,"[-62.5, -62.5, -67.5, -62.5, -57.5, -57.5, -62.5]"
,Rock'n'Roll-Main Class Free Style,Final - Foot technique,5,15,sm,1.4,2.3,"[0.0, -2.0, -2.0, 0.0, -4.0, 0.0, -2.0]"
,Rock'n'Roll-Main Class Free Style,Final - Foot technique,5,15,bm,0.0,3.0,"[0.0, 0.0, 0.0, 0.0, 0.0, 0.0, 0.0]"
,Rock'n'Roll-Main Class Free Style,Final - Foot technique,6,90,DF,0.56,2.0,"[8.125, 8.125, 8.75, 8.75, 9.375, 7.5, 8.75]"
,Rock'n'Roll-Main Class Free Style,Final - Foot technique,6,90,CO,0.52,2.0,"[7.0, 6.5, 7.5, 7.5, 8.0, 6.5, 7.0]"
,Rock'n'Roll-Main Class Free Style,Final - Foot technique,6,90,FM,0.21,12.0,"[4.5, 4.5, 4.5, 5.0, 4.25, 4.5, 4.5]"
,Rock'n'Roll-Main Class Free Style,Final - Foot technique,6,90,FW,1.13,12.0,"[-55.0, -52.5, -55.0, -52.5, -55.0, -55.0, -55.0]"
,Rock'n'Roll-Main Class Free Style,Final - Foot technique,6,90,sm,0.0,2.3,"[0.0, 0.0, 0.0, 0.0, 0.0, 0.0, 0.0]"
,Rock'n'Roll-Main Class Free Style,Final - Foot technique,6,90,bm,0.0,3.0,"[0.0, 0.0, 0.0, 0.0, 0.0, 0.0, 0.0]"
,Rock'n'Roll-Main Class Free Style,Final - Acrobatic,1,90,DF,0.27,2.0,"[7.5, 7.5, 7.5, 8.125]"
,Rock'n'Roll-Main Class Free Style,Final - Acrobatic,1,90,CO,0.56,2.0,"[6.5, 7.5, 7.0, 6.0]"
,Rock'n'Roll-Main Class Free Style,Final - Acrobatic,1,90,FM,0.11,12.0,"[4.5, 4.25, 4.5, 4.5]"
,Rock'n'Roll-Main Class Free Style,Final - Acrobatic,1,90,FW,1.25,12.0,"[-55.0, -57.5, -55.0, -57.5]"
,Rock'n'Roll-Main Class Free Style,Final - Acrobatic,1,90,sm,0.0,2.3,"[0.0, 0.0, 0.0, 0.0]"
,Rock'n'Roll-Main Class Free Style,Final - Acrobatic,1,90,bm,0.0,3.0,"[0.0, 0.0, 0.0, 0.0]"
,Rock'n'Roll-Main Class Free Style,Final - Acrobatic,2,263,DF,0.7,2.0,"[4.375, 3.75, 5.0, 5.625]"
,Rock'n'Roll-Main Class Free Style,Final - Acrobatic,2,263,CO,0.43,2.0,"[4.0, 4.0, 4.0, 5.0]"
,Rock'n'Roll-Main Class Free Style,Final - Acrobatic,2,263,FM,0.82,12.0,"[3.25, 1.25, 3.25, 2.5]"
,Rock'n'Roll-Main Class Free Style,Final - Acrobatic,2,263,FW,5.12,12.0,"[-62.5, -75.0, -62.5, -67.5]"
,Rock'n'Roll-Main Class Free Style,Final - Acrobatic,2,263,sm,0.0,2.3,"[0.0, 0.0, 0.0, 0.0]"
,Rock'n'Roll-Main Class Free Style,Final - Acrobatic,2,263,bm,0.0,3.0,"[0.0, 0.0, 0.0, 0.0]"
,Rock'n'Roll-Main Class Free Style,Final - Acrobatic,3,63,DF,0.92,2.0,"[5.625, 6.25, 3.75, 5.0]"
,Rock'n'Roll-Main Class Free Style,Final - Acrobatic,3,63,CO,0.71,2.0,"[5.0, 6.0, 4.0, 5.0]"
,Rock'n'Roll-Main Class Free Style,Final - Acrobatic,3,63,FM,0.22,12.0,"[3.75, 3.25, 3.25, 3.25]"
,Rock'n'Roll-Main Class Free Style,Final - Acrobatic,3,63,FW,2.5,12.0,"[-62.5, -67.5, -62.5, -67.5]"
,Rock'n'Roll-Main Class Free Style,Final - Acrobatic,3,63,sm,1.0,2.3,"[0.0, -2.0, 0.0, -2.0]"
,Rock'n'Roll-Main Class Free Style,Final - Acrobatic,3,63,bm,0.0,3.0,"[0.0, 0.0, 0.0, 0.0]"
,Rock'n'Roll-Main Class Free Style,Final - Acrobatic,4,47,DF,0.31,2.0,"[7.5, 6.875, 6.875, 7.5]"
,Rock'n'Roll-Main Class Free Style,Final - Acrobatic,4,47,CO,0.56,2.0,"[6.5, 6.0, 7.0, 7.5]"
,Rock'n'Roll-Main Class Free Style,Final - Acrobatic,4,47,FM,0.32,12.0,"[4.5, 3.75, 4.5, 4.5]"
,Rock'n'Roll-Main Class Free Style,Final - Acrobatic,4,47,FW,3.25,12.0,"[-55.0, -62.5, -55.0, -55.0]"
,Rock'n'Roll-Main Class Free Style,Final - Acrobatic,4,47,sm,0.0,2.3,"[0.0, 0.0, 0.0, 0.0]"
,Rock'n'Roll-Main Class Free Style,Final - Acrobatic,4,47,bm,0.0,3.0,"[0.0, 0.0, 0.0, 0.0]"
,Rock'n'Roll-Main Class Free Style,Final - Acrobatic,5,15,DF,1.4,2.0,"[3.125, 4.375, 6.875, 5.625]"
,Rock'n'Roll-Main Class Free Style,Final - Acrobatic,5,15,CO,1.03,2.0,"[2.0, 4.0, 4.5, 4.5]"
,Rock'n'Roll-Main Class Free Style,Final - Acrobatic,5,15,FM,0.32,12.0,"[2.5, 2.5, 3.25, 2.5]"
,Rock'n'Roll-Main Class Free Style,Final - Acrobatic,5,15,FW,4.46,12.0,"[-67.5, -75.0, -62.5, -67.5]"
,Rock'n'Roll-Main Class Free Style,Final - Acrobatic,5,15,sm,0.0,2.3,"[0.0, 0.0, 0.0, 0.0]"
yes,Rock'n'Roll-Main Class Free Style,Final - Acrobatic,5,15,bm,12.99,3.0,"[0.0, -30.0, 0.0, 0.0]"
,Rock'n'Roll-Main Class Free Style,Final - Acrobatic,6,41,DF,0.44,2.0,"[5.625, 6.875, 6.25, 6.25]"
,Rock'n'Roll-Main Class Free Style,Final - Acrobatic,6,41,CO,0.56,2.0,"[4.5, 6.0, 5.0, 5.5]"
,Rock'n'Roll-Main Class Free Style,Final - Acrobatic,6,41,FM,0.37,12.0,"[4.5, 3.75, 4.75, 4.25]"
,Rock'n'Roll-Main Class Free Style,Final - Acrobatic,6,41,FW,2.17,12.0,"[-62.5, -62.5, -57.5, -62.5]"
,Rock'n'Roll-Main Class Free Style,Final - Acrobatic,6,41,sm,0.87,2.3,"[0.0, -2.0, 0.0, 0.0]"
,Rock'n'Roll-Main Class Free Style,Final - Acrobatic,6,41,bm,0.0,3.0,"[0.0, 0.0, 0.0, 0.0]"
,Rock'n'Roll-Main Class Start,Final,1,28,Acro 1,11.79,12.0,"[0.0, -25.0, -25.0]"
,Rock'n'Roll-Main Class Start,Final,1,28,Acro 2,10.8,12.0,"[-10.0, -15.0, -35.0]"
yes,Rock'n'Roll-Main Class Start,Final,1,28,Acro 3,17.8,12.0,"[-10.0, -15.0, -50.0]"
yes,Rock'n'Roll-Main Class Start,Final,1,28,Acro 4,14.72,12.0,"[-15.0, -25.0, -50.0]"
,Rock'n'Roll-Main Class Start,Final,1,28,Acro 5,10.8,12.0,"[0.0, -5.0, -25.0]"
,Rock'n'Roll-Main Class Start,Final,1,28,Acro 6,7.07,12.0,"[-10.0, -10.0, -25.0]"
,Rock'n'Roll-Main Class Start,Final,2,142,Acro 1,6.24,12.0,"[0.0, -10.0, -15.0]"
,Rock'n'Roll-Main Class Start,Final,2,142,Acro 2,6.24,12.0,"[0.0, -5.0, -15.0]"
,Rock'n'Roll-Main Class Start,Final,2,142,Acro 3,10.27,12.0,"[-10.0, -35.0, -25.0]"
,Rock'n'Roll-Main Class Start,Final,2,142,Acro 4,0.0,12.0,"[-100.0, -100.0, -100.0]"
,Rock'n'Roll-Main Class Start,Final,2,142,Acro 5,10.27,12.0,"[0.0, -15.0, -25.0]"
,Rock'n'Roll-Main Class Start,Final,2,142,Acro 6,7.07,12.0,"[-35.0, -35.0, -50.0]"
,Rock'n'Roll-Main Class Start,Final,3,176,Acro 1,4.08,12.0,"[-5.0, -10.0, -15.0]"
,Rock'n'Roll-Main Class Start,Final,3,176,Acro 2,11.79,12.0,"[-10.0, -35.0, -35.0]"
,Rock'n'Roll-Main Class Start,Final,3,176,Acro 3,10.27,12.0,"[0.0, -10.0, -25.0]"
,Rock'n'Roll-Main Class Start,Final,3,176,Acro 4,8.16,12.0,"[-15.0, -25.0, -35.0]"
,Rock'n'Roll-Main Class Start,Final,3,176,Acro 5,4.71,12.0,"[-25.0, -35.0, -35.0]"
,Rock'n'Roll-Main Class Start,Final,3,176,Acro 6,10.8,12.0,"[-5.0, 0.0, -25.0]"
,Rock'n'Roll-Main Class Start,Final,4,36,Acro 1,2.36,12.0,"[-5.0, -10.0, -10.0]"
,Rock'n'Roll-Main Class Start,Final,4,36,Acro 2,4.71,12.0,"[-15.0, -15.0, -25.0]"
,Rock'n'Roll-Main Class Start,Final,4,36,Acro 3,4.71,12.0,"[-15.0, -25.0, -15.0]"
,Rock'n'Roll-Main Class Start,Final,4,36,Acro 4,6.24,12.0,"[-15.0, -10.0, -25.0]"
,Rock'n'Roll-Main Class Start,Final,4,36,Acro 5,9.43,12.0,"[-15.0, -35.0, -35.0]"
,Rock'n'Roll-Main Class Start,Final,4,36,Acro 6,7.07,12.0,"[0.0, -15.0, -15.0]"
,Rock'n'Roll-Main Class Start,Final,5,371,Acro 1,7.07,12.0,"[-10.0, -25.0, -25.0]"
,Rock'n'Roll-Main Class Start,Final,5,371,Acro 2,8.16,12.0,"[-15.0, -25.0, -35.0]"
,Rock'n'Roll-Main Class Start,Final,5,371,Acro 3,8.16,12.0,"[-15.0, -25.0, -35.0]"
,Rock'n'Roll-Main Class Start,Final,5,371,Acro 4,4.71,12.0,"[-15.0, -25.0, -25.0]"
,Rock'n'Roll-Main Class Start,Final,5,371,Acro 5,7.07,12.0,"[-35.0, -50.0, -50.0]"
,Rock'n'Roll-Main Class Start,Final,5,371,Acro 6,7.07,12.0,"[-35.0, -35.0, -50.0]"
,Rock'n'Roll-Main Class Contact Style,First round,1,224,Acro 1,0.0,12.0,"[-10.0, -10.0, -10.0]"
,Rock'n'Roll-Main Class Contact Style,First round,1,224,Acro 2,4.08,12.0,"[-5.0, -10.0, 0.0]"
,Rock'n'Roll-Main Class Contact Style,First round,1,224,Acro 3,10.27,12.0,"[-10.0, -35.0, -25.0]"
,Rock'n'Roll-Main Class Contact Style,First round,1,224,Acro 4,6.24,12.0,"[-10.0, -25.0, -15.0]"
,Rock'n'Roll-Main Class Contact Style,First round,1,224,Acro 5,6.24,12.0,"[-10.0, -15.0, 0.0]"
,Rock'n'Roll-Main Class Contact Style,First round,1,224,Acro 6,0.0,12.0,"[-1.0, -1.0, -1.0]"
yes,Rock'n'Roll-Main Class Contact Style,First round,1,317,Acro 1,14.72,12.0,"[-15.0, -50.0, -25.0]"
,Rock'n'Roll-Main Class Contact Style,First round,1,317,Acro 2,7.07,12.0,"[-10.0, -25.0, -10.0]"
yes,Rock'n'Roll-Main Class Contact Style,First round,1,317,Acro 3,16.5,12.0,"[-15.0, -50.0, -50.0]"
,Rock'n'Roll-Main Class Contact Style,First round,1,317,Acro 4,10.27,12.0,"[-10.0, -35.0, -25.0]"
yes,Rock'n'Roll-Main Class Contact Style,First round,1,317,Acro 5,14.34,12.0,"[-15.0, -50.0, -35.0]"
,Rock'n'Roll-Main Class Contact Style,First round,1,317,Acro 6,0.0,12.0,"[-1.0, -1.0, -1.0]"
,Rock'n'Roll-Main Class Contact Style,First round,2,71,Acro 1,11.79,12.0,"[-10.0, -35.0, -10.0]"
,Rock'n'Roll-Main Class Contact Style,First round,2,71,Acro 2,4.08,12.0,"[-15.0, -5.0, -10.0]"
,Rock'n'Roll-Main Class Contact Style,First round,2,71,Acro 3,4.08,12.0,"[-15.0, -10.0, -5.0]"
,Rock'n'Roll-Main Class Contact Style,First round,2,71,Acro 4,9.43,12.0,"[-15.0, -35.0, -15.0]"
,Rock'n'Roll-Main Class Contact Style,First round,2,71,Acro 5,9.43,12.0,"[-5.0, -25.0, -25.0]"
,Rock'n'Roll-Main Class Contact Style,First round,2,71,Acro 6,0.0,12.0,"[-1.0, -1.0, -1.0]"
,Rock'n'Roll-Main Class Contact Style,First round,2,283,Acro 1,0.0,12.0,"[-5.0, -5.0, -5.0]"
,Rock'n'Roll-Main Class Contact Style,First round,2,283,Acro 2,2.36,12.0,"[-10.0, -15.0, -10.0]"
,Rock'n'Roll-Main Class Contact Style,First round,2,283,Acro 3,7.07,12.0,"[-10.0, -25.0, -10.0]"
,Rock'n'Roll-Main Class Contact Style,First round,2,283,Acro 4,9.43,12.0,"[-15.0, -35.0, -15.0]"
,Rock'n'Roll-Main Class Contact Style,First round,2,283,Acro 5,4.08,12.0,"[-5.0, -15.0, -10.0]"
,Rock'n'Roll-Main Class Contact Style,First round,2,283,Acro 6,0.0,12.0,"[-1.0, -1.0, -1.0]"
,Rock'n'Roll-Main Class Contact Style,First round,3,300,Acro 1,6.24,12.0,"[0.0, -15.0, -5.0]"
,Rock'n'Roll-Main Class Contact Style,First round,3,300,Acro 2,10.8,12.0,"[-10.0, -35.0, -15.0]"
,Rock'n'Roll-Main Class Contact Style,First round,3,300,Acro 3,4.71,12.0,"[-10.0, -10.0, 0.0]"
,Rock'n'Roll-Main Class Contact Style,First round,3,300,Acro 4,9.43,12.0,"[-15.0, -15.0, -35.0]"
,Rock'n'Roll-Main Class Contact Style,First round,3,300,Acro 5,6.24,12.0,"[-10.0, -15.0, -25.0]"
,Rock'n'Roll-Main Class Contact Style,First round,3,300,Acro 6,0.0,12.0,"[-1.0, -1.0, -1.0]"
,Rock'n'Roll-Main Class Contact Style,First round,3,172,Acro 1,4.71,12.0,"[-25.0, -35.0, -25.0]"
,Rock'n'Roll-Main Class Contact Style,First round,3,172,Acro 2,2.36,12.0,"[-10.0, -15.0, -10.0]"
,Rock'n'Roll-Main Class Contact Style,First round,3,172,Acro 3,10.8,12.0,"[-35.0, -15.0, -10.0]"
,Rock'n'Roll-Main Class Contact Style,First round,3,172,Acro 4,6.24,12.0,"[-10.0, -25.0, -15.0]"
,Rock'n'Roll-Main Class Contact Style,First round,3,172,Acro 5,2.36,12.0,"[-15.0, -10.0, -10.0]"
,Rock'n'Roll-Main Class Contact Style,First round,3,172,Acro 6,0.0,12.0,"[-1.0, -1.0, -1.0]"
,Rock'n'Roll-Main Class Contact Style,First round,4,362,Acro 1,2.36,12.0,"[0.0, -5.0, 0.0]"
,Rock'n'Roll-Main Class Contact Style,First round,4,362,Acro 2,2.36,12.0,"[-5.0, -10.0, -5.0]"
,Rock'n'Roll-Main Class Contact Style,First round,4,362,Acro 3,4.08,12.0,"[-5.0, -15.0, -10.0]"
,Rock'n'Roll-Main Class Contact Style,First round,4,362,Acro 4,4.08,12.0,"[0.0, -5.0, -10.0]"
,Rock'n'Roll-Main Class Contact Style,First round,4,362,Acro 5,4.71,12.0,"[-10.0, 0.0, 0.0]"
,Rock'n'Roll-Main Class Contact Style,First round,4,362,Acro 6,0.0,12.0,"[-1.0, -1.0, -1.0]"
,Rock'n'Roll-Main Class Contact Style,First round,4,181,Acro 1,4.71,12.0,"[-10.0, 0.0, -10.0]"
,Rock'n'Roll-Main Class Contact Style,First round,4,181,Acro 2,0.0,12.0,"[-35.0, -35.0, -35.0]"
,Rock'n'Roll-Main Class Contact Style,First round,4,181,Acro 3,10.8,12.0,"[-10.0, -15.0, -35.0]"
,Rock'n'Roll-Main Class Contact Style,First round,4,181,Acro 4,4.71,12.0,"[-25.0, -35.0, -35.0]"
,Rock'n'Roll-Main Class Contact Style,First round,4,181,Acro 5,10.27,12.0,"[-25.0, -35.0, -50.0]"
,Rock'n'Roll-Main Class Contact Style,First round,4,181,Acro 6,0.0,12.0,"[-1.0, -1.0, -1.0]"
,Rock'n'Roll-Main Class Contact Style,First round,5,363,Acro 1,0.0,12.0,"[0.0, 0.0, 0.0]"
,Rock'n'Roll-Main Class Contact Style,First round,5,363,Acro 2,2.36,12.0,"[-10.0, -10.0, -5.0]"
,Rock'n'Roll-Main Class Contact Style,First round,5,363,Acro 3,4.08,12.0,"[-5.0, -10.0, 0.0]"
,Rock'n'Roll-Main Class Contact Style,First round,5,363,Acro 4,2.36,12.0,"[-5.0, 0.0, -5.0]"
,Rock'n'Roll-Main Class Contact Style,First round,5,363,Acro 5,2.36,12.0,"[-5.0, -10.0, -10.0]"
,Rock'n'Roll-Main Class Contact Style,First round,5,363,Acro 6,0.0,12.0,"[-1.0, -1.0, -1.0]"
,Rock'n'Roll-Main Class Contact Style,Hope round,1,300,Acro 1,4.71,12.0,"[-25.0, -15.0, -15.0]"
,Rock'n'Roll-Main Class Contact Style,Hope round,1,300,Acro 2,10.27,12.0,"[-25.0, -50.0, -35.0]"
,Rock'n'Roll-Main Class Contact Style,Hope round,1,300,Acro 3,2.36,12.0,"[-10.0, -10.0, -15.0]"
,Rock'n'Roll-Main Class Contact Style,Hope round,1,300,Acro 4,7.07,12.0,"[-10.0, -25.0, -25.0]"
,Rock'n'Roll-Main Class Contact Style,Hope round,1,300,Acro 5,0.0,12.0,"[-25.0, -25.0, -25.0]"
,Rock'n'Roll-Main Class Contact Style,Hope round,1,300,Acro 6,0.0,12.0,"[-1.0, -1.0, -1.0]"
,Rock'n'Roll-Main Class Contact Style,Hope round,1,181,Acro 1,9.43,12.0,"[-5.0, -5.0, -25.0]"
,Rock'n'Roll-Main Class Contact Style,Hope round,1,181,Acro 2,9.43,12.0,"[-15.0, -15.0, -35.0]"
,Rock'n'Roll-Main Class Contact Style,Hope round,1,181,Acro 3,6.24,12.0,"[-10.0, -15.0, -25.0]"
,Rock'n'Roll-Main Class Contact Style,Hope round,1,181,Acro 4,2.36,12.0,"[-15.0, -15.0, -10.0]"
,Rock'n'Roll-Main Class Contact Style,Hope round,1,181,Acro 5,4.71,12.0,"[-25.0, -25.0, -35.0]"
,Rock'n'Roll-Main Class Contact Style,Hope round,1,181,Acro 6,0.0,12.0,"[-1.0, -1.0, -1.0]"
,Rock'n'Roll-Main Class Contact Style,Hope round,2,317,Acro 1,8.16,12.0,"[-15.0, -25.0, -35.0]"
,Rock'n'Roll-Main Class Contact Style,Hope round,2,317,Acro 2,10.8,12.0,"[-10.0, -15.0, -35.0]"
,Rock'n'Roll-Main Class Contact Style,Hope round,2,317,Acro 3,11.79,12.0,"[-25.0, -25.0, -50.0]"
,Rock'n'Roll-Main Class Contact Style,Hope round,2,317,Acro 4,0.0,12.0,"[-25.0, -25.0, -25.0]"
,Rock'n'Roll-Main Class Contact Style,Hope round,2,317,Acro 5,4.71,12.0,"[-15.0, -15.0, -25.0]"
,Rock'n'Roll-Main Class Contact Style,Hope round,2,317,Acro 6,0.0,12.0,"[-1.0, -1.0, -1.0]"
,Rock'n'Roll-Main Class Contact Style,Hope round,2,172,Acro 1,4.71,12.0,"[-15.0, -25.0, -15.0]"
,Rock'n'Roll-Main Class Contact Style,Hope round,2,172,Acro 2,7.07,12.0,"[-10.0, -25.0, -25.0]"
,Rock'n'Roll-Main Class Contact Style,Hope round,2,172,Acro 3,4.71,12.0,"[-25.0, -15.0, -15.0]"
,Rock'n'Roll-Main Class Contact Style,Hope round,2,172,Acro 4,4.71,12.0,"[-25.0, -15.0, -25.0]"
,Rock'n'Roll-Main Class Contact Style,Hope round,2,172,Acro 5,6.24,12.0,"[-25.0, -10.0, -15.0]"
,Rock'n'Roll-Main Class Contact Style,Hope round,2,172,Acro 6,0.0,12.0,"[-1.0, -1.0, -1.0]"
,Rock'n'Roll-Main Class Contact Style,Hope round,3,71,Acro 1,2.36,12.0,"[-10.0, -15.0, -15.0]"
,Rock'n'Roll-Main Class Contact Style,Hope round,3,71,Acro 2,2.36,12.0,"[-10.0, -15.0, -10.0]"
,Rock'n'Roll-Main Class Contact Style,Hope round,3,71,Acro 3,8.5,12.0,"[-5.0, -25.0, -10.0]"
,Rock'n'Roll-Main Class Contact Style,Hope round,3,71,Acro 4,0.0,12.0,"[-25.0, -25.0, -25.0]"
,Rock'n'Roll-Main Class Contact Style,Hope round,3,71,Acro 5,2.36,12.0,"[-10.0, -15.0, -10.0]"
,Rock'n'Roll-Main Class Contact Style,Hope round,3,71,Acro 6,0.0,12.0,"[-1.0, -1.0, -1.0]"
,Rock'n'Roll-Main Class Contact Style,Final - Acrobatic,1,362,Acro 1,2.36,12.0,"[-5.0, 0.0, 0.0]"
,Rock'n'Roll-Main Class Contact Style,Final - Acrobatic,1,362,Acro 2,0.0,12.0,"[-5.0, -5.0, -5.0]"
,Rock'n'Roll-Main Class Contact Style,Final - Acrobatic,1,362,Acro 3,0.0,12.0,"[-5.0, -5.0, -5.0]"
,Rock'n'Roll-Main Class Contact Style,Final - Acrobatic,1,362,Acro 4,2.36,12.0,"[-15.0, -10.0, -15.0]"
,Rock'n'Roll-Main Class Contact Style,Final - Acrobatic,1,362,Acro 5,7.07,12.0,"[0.0, 0.0, -15.0]"
,Rock'n'Roll-Main Class Contact Style,Final - Acrobatic,1,362,Acro 6,2.36,12.0,"[-5.0, -10.0, -5.0]"
,Rock'n'Roll-Main Class Contact Style,Final - Acrobatic,2,224,Acro 1,6.24,12.0,"[-10.0, -25.0, -15.0]"
,Rock'n'Roll-Main Class Contact Style,Final - Acrobatic,2,224,Acro 2,2.36,12.0,"[-10.0, -15.0, -10.0]"
,Rock'n'Roll-Main Class Contact Style,Final - Acrobatic,2,224,Acro 3,2.36,12.0,"[-5.0, -10.0, -10.0]"
,Rock'n'Roll-Main Class Contact Style,Final - Acrobatic,2,224,Acro 4,4.71,12.0,"[-5.0, -15.0, -5.0]"
,Rock'n'Roll-Main Class Contact Style,Final - Acrobatic,2,224,Acro 5,6.24,12.0,"[-10.0, -25.0, -15.0]"
,Rock'n'Roll-Main Class Contact Style,Final - Acrobatic,2,224,Acro 6,0.0,12.0,"[-10.0, -10.0, -10.0]"
,Rock'n'Roll-Main Class Contact Style,Final - Acrobatic,3,283,Acro 1,4.71,12.0,"[-15.0, -25.0, -25.0]"
,Rock'n'Roll-Main Class Contact Style,Final - Acrobatic,3,283,Acro 2,2.36,12.0,"[-10.0, -5.0, -5.0]"
,Rock'n'Roll-Main Class Contact Style,Final - Acrobatic,3,283,Acro 3,4.71,12.0,"[-15.0, -15.0, -25.0]"
,Rock'n'Roll-Main Class Contact Style,Final - Acrobatic,3,283,Acro 4,6.24,12.0,"[-10.0, -25.0, -15.0]"
,Rock'n'Roll-Main Class Contact Style,Final - Acrobatic,3,283,Acro 5,2.36,12.0,"[-10.0, -15.0, -15.0]"
,Rock'n'Roll-Main Class Contact Style,Final - Acrobatic,3,283,Acro 6,8.16,12.0,"[-15.0, -25.0, -35.0]"
,Rock'n'Roll-Main Class Contact Style,Final - Acrobatic,4,181,Acro 1,2.36,12.0,"[-15.0, -15.0, -10.0]"
,Rock'n'Roll-Main Class Contact Style,Final - Acrobatic,4,181,Acro 2,4.71,12.0,"[-5.0, -15.0, -5.0]"
,Rock'n'Roll-Main Class Contact Style,Final - Acrobatic,4,181,Acro 3,2.36,12.0,"[-10.0, -15.0, -10.0]"
,Rock'n'Roll-Main Class Contact Style,Final - Acrobatic,4,181,Acro 4,4.71,12.0,"[-15.0, -15.0, -25.0]"
,Rock'n'Roll-Main Class Contact Style,Final - Acrobatic,4,181,Acro 5,8.5,12.0,"[-10.0, -25.0, -5.0]"
,Rock'n'Roll-Main Class Contact Style,Final - Acrobatic,4,181,Acro 6,6.24,12.0,"[-10.0, -25.0, -15.0]"
,Rock'n'Roll-Main Class Contact Style,Final - Acrobatic,5,363,Acro 1,0.0,12.0,"[0.0, 0.0, 0.0]"
,Rock'n'Roll-Main Class Contact Style,Final - Acrobatic,5,363,Acro 2,2.36,12.0,"[-5.0, 0.0, 0.0]"
,Rock'n'Roll-Main Class Contact Style,Final - Acrobatic,5,363,Acro 3,2.36,12.0,"[-5.0, -10.0, -5.0]"
,Rock'n'Roll-Main Class Contact Style,Final - Acrobatic,5,363,Acro 4,0.0,12.0,"[0.0, 0.0, 0.0]"
,Rock'n'Roll-Main Class Contact Style,Final - Acrobatic,5,363,Acro 5,8.5,12.0,"[-10.0, -5.0, -25.0]"
,Rock'n'Roll-Main Class Contact Style,Final - Acrobatic,5,363,Acro 6,2.36,12.0,"[-10.0, -10.0, -5.0]"
,Rock'n'Roll-Main Class Contact Style,Final - Acrobatic,6,71,Acro 1,6.24,12.0,"[-10.0, -25.0, -15.0]"
,Rock'n'Roll-Main Class Contact Style,Final - Acrobatic,6,71,Acro 2,7.07,12.0,"[-10.0, -25.0, -10.0]"
,Rock'n'Roll-Main Class Contact Style,Final - Acrobatic,6,71,Acro 3,4.71,12.0,"[-25.0, -35.0, -25.0]"
,Rock'n'Roll-Main Class Contact Style,Final - Acrobatic,6,71,Acro 4,4.71,12.0,"[-15.0, -25.0, -15.0]"
,Rock'n'Roll-Main Class Contact Style,Final - Acrobatic,6,71,Acro 5,8.16,12.0,"[-5.0, -15.0, -25.0]"
,Rock'n'Roll-Main Class Contact Style,Final - Acrobatic,6,71,Acro 6,4.71,12.0,"[-15.0, -25.0, -25.0]"
,Rock'n'Roll-Main Class Free Style,First round,1,47,Acro 1,2.36,12.0,"[-15.0, -15.0, -10.0]"
,Rock'n'Roll-Main Class Free Style,First round,1,47,Acro 2,4.08,12.0,"[0.0, -10.0, -5.0]"
,Rock'n'Roll-Main Class Free Style,First round,1,47,Acro 3,2.36,12.0,"[-10.0, -10.0, -15.0]"
,Rock'n'Roll-Main Class Free Style,First round,1,47,Acro 4,2.36,12.0,"[-15.0, -10.0, -15.0]"
,Rock'n'Roll-Main Class Free Style,First round,1,47,Acro 5,8.5,12.0,"[-5.0, -25.0, -10.0]"
,Rock'n'Roll-Main Class Free Style,First round,1,47,Acro 6,0.0,12.0,"[-1.0, -1.0, -1.0]"
,Rock'n'Roll-Main Class Free Style,First round,1,184,Acro 1,11.79,12.0,"[-100.0, -75.0, -75.0]"
,Rock'n'Roll-Main Class Free Style,First round,1,184,Acro 2,6.24,12.0,"[-25.0, -10.0, -15.0]"
,Rock'n'Roll-Main Class Free Style,First round,1,184,Acro 3,2.36,12.0,"[-10.0, -10.0, -15.0]"
,Rock'n'Roll-Main Class Free Style,First round,1,184,Acro 4,2.36,12.0,"[-10.0, -15.0, -10.0]"
,Rock'n'Roll-Main Class Free Style,First round,1,184,Acro 5,0.0,12.0,"[-15.0, -15.0, -15.0]"
,Rock'n'Roll-Main Class Free Style,First round,1,184,Acro 6,0.0,12.0,"[-1.0, -1.0, -1.0]"
,Rock'n'Roll-Main Class Free Style,First round,2,15,Acro 1,6.24,12.0,"[-15.0, -10.0, -25.0]"
,Rock'n'Roll-Main Class Free Style,First round,2,15,Acro 2,6.24,12.0,"[-25.0, -10.0, -15.0]"
,Rock'n'Roll-Main Class Free Style,First round,2,15,Acro 3,8.16,12.0,"[-35.0, -15.0, -25.0]"
,Rock'n'Roll-Main Class Free Style,First round,2,15,Acro 4,4.71,12.0,"[-35.0, -25.0, -35.0]"
yes,Rock'n'Roll-Main Class Free Style,First round,2,15,Acro 5,16.5,12.0,"[-75.0, -50.0, -35.0]"
,Rock'n'Roll-Main Class Free Style,First round,2,15,Acro 6,0.0,12.0,"[-1.0, -1.0, -1.0]"
,Rock'n'Roll-Main Class Free Style,First round,2,86,Acro 1,11.79,12.0,"[-75.0, -75.0, -50.0]"
,Rock'n'Roll-Main Class Free Style,First round,2,86,Acro 2,0.0,12.0,"[-100.0, -100.0, -100.0]"
,Rock'n'Roll-Main Class Free Style,First round,2,86,Acro 3,0.0,12.0,"[-100.0, -100.0, -100.0]"
,Rock'n'Roll-Main Class Free Style,First round,2,86,Acro 4,0.0,12.0,"[-100.0, -100.0, -100.0]"
,Rock'n'Roll-Main Class Free Style,First round,2,86,Acro 5,0.0,12.0,"[-100.0, -100.0, -100.0]"
,Rock'n'Roll-Main Class Free Style,First round,2,86,Acro 6,0.0,12.0,"[-1.0, -1.0, -1.0]"
,Rock'n'Roll-Main Class Free Style,First round,3,263,Acro 1,8.16,12.0,"[-15.0, -5.0, -25.0]"
,Rock'n'Roll-Main Class Free Style,First round,3,263,Acro 2,0.0,12.0,"[-15.0, -15.0, -15.0]"
,Rock'n'Roll-Main Class Free Style,First round,3,263,Acro 3,0.0,12.0,"[-25.0, -25.0, -25.0]"
,Rock'n'Roll-Main Class Free Style,First round,3,263,Acro 4,4.71,12.0,"[-25.0, -25.0, -35.0]"
,Rock'n'Roll-Main Class Free Style,First round,3,263,Acro 5,2.36,12.0,"[-10.0, -10.0, -15.0]"
,Rock'n'Roll-Main Class Free Style,First round,3,263,Acro 6,0.0,12.0,"[-1.0, -1.0, -1.0]"
,Rock'n'Roll-Main Class Free Style,First round,3,90,Acro 1,2.36,12.0,"[-10.0, -10.0, -5.0]"
,Rock'n'Roll-Main Class Free Style,First round,3,90,Acro 2,2.36,12.0,"[-5.0, -5.0, -10.0]"
,Rock'n'Roll-Main Class Free Style,First round,3,90,Acro 3,2.36,12.0,"[-10.0, -10.0, -15.0]"
,Rock'n'Roll-Main Class Free Style,First round,3,90,Acro 4,0.0,12.0,"[-10.0, -10.0, -10.0]"
,Rock'n'Roll-Main Class Free Style,First round,3,90,Acro 5,2.36,12.0,"[0.0, 0.0, -5.0]"
,Rock'n'Roll-Main Class Free Style,First round,3,90,Acro 6,0.0,12.0,"[-1.0, -1.0, -1.0]"
,Rock'n'Roll-Main Class Free Style,First round,4,63,Acro 1,0.0,12.0,"[-10.0, -10.0, -10.0]"
,Rock'n'Roll-Main Class Free Style,First round,4,63,Acro 2,6.24,12.0,"[-10.0, -15.0, -25.0]"
,Rock'n'Roll-Main Class Free Style,First round,4,63,Acro 3,6.24,12.0,"[-15.0, -10.0, -25.0]"
,Rock'n'Roll-Main Class Free Style,First round,4,63,Acro 4,0.0,12.0,"[-25.0, -25.0, -25.0]"
,Rock'n'Roll-Main Class Free Style,First round,4,63,Acro 5,2.36,12.0,"[-10.0, -10.0, -15.0]"
,Rock'n'Roll-Main Class Free Style,First round,4,63,Acro 6,0.0,12.0,"[-1.0, -1.0, -1.0]"
,Rock'n'Roll-Main Class Free Style,First round,4,41,Acro 1,10.27,12.0,"[-25.0, 0.0, -10.0]"
,Rock'n'Roll-Main Class Free Style,First round,4,41,Acro 2,6.24,12.0,"[-25.0, -10.0, -15.0]"
,Rock'n'Roll-Main Class Free Style,First round,4,41,Acro 3,10.27,12.0,"[-50.0, -25.0, -35.0]"
,Rock'n'Roll-Main Class Free Style,First round,4,41,Acro 4,4.71,12.0,"[-15.0, -25.0, -25.0]"
,Rock'n'Roll-Main Class Free Style,First round,4,41,Acro 5,2.36,12.0,"[-15.0, -15.0, -10.0]"
,Rock'n'Roll-Main Class Free Style,First round,4,41,Acro 6,0.0,12.0,"[-1.0, -1.0, -1.0]"
,Rock'n'Roll-Main Class Free Style,Final - Acrobatic,1,90,Acro 1,4.08,12.0,"[-10.0, -5.0, -15.0]"
,Rock'n'Roll-Main Class Free Style,Final - Acrobatic,1,90,Acro 2,2.36,12.0,"[-10.0, -10.0, -15.0]"
,Rock'n'Roll-Main Class Free Style,Final - Acrobatic,1,90,Acro 3,4.71,12.0,"[0.0, 0.0, -10.0]"
,Rock'n'Roll-Main Class Free Style,Final - Acrobatic,1,90,Acro 4,0.0,12.0,"[-15.0, -15.0, -15.0]"
,Rock'n'Roll-Main Class Free Style,Final - Acrobatic,1,90,Acro 5,2.36,12.0,"[-15.0, -10.0, -15.0]"
,Rock'n'Roll-Main Class Free Style,Final - Acrobatic,1,90,Acro 6,4.71,12.0,"[0.0, 0.0, -10.0]"
,Rock'n'Roll-Main Class Free Style,Final - Acrobatic,2,263,Acro 1,6.24,12.0,"[-10.0, 0.0, -15.0]"
,Rock'n'Roll-Main Class Free Style,Final - Acrobatic,2,263,Acro 2,10.27,12.0,"[-25.0, -10.0, -35.0]"
,Rock'n'Roll-Main Class Free Style,Final - Acrobatic,2,263,Acro 3,6.24,12.0,"[-15.0, -10.0, -25.0]"
,Rock'n'Roll-Main Class Free Style,Final - Acrobatic,2,263,Acro 4,4.71,12.0,"[-15.0, -15.0, -25.0]"
,Rock'n'Roll-Main Class Free Style,Final - Acrobatic,2,263,Acro 5,4.71,12.0,"[-25.0, -25.0, -35.0]"
,Rock'n'Roll-Main Class Free Style,Final - Acrobatic,2,263,Acro 6,6.24,12.0,"[-10.0, -25.0, -15.0]"
,Rock'n'Roll-Main Class Free Style,Final - Acrobatic,3,63,Acro 1,4.71,12.0,"[-15.0, -15.0, -25.0]"
,Rock'n'Roll-Main Class Free Style,Final - Acrobatic,3,63,Acro 2,4.71,12.0,"[-25.0, -15.0, -25.0]"
,Rock'n'Roll-Main Class Free Style,Final - Acrobatic,3,63,Acro 3,4.71,12.0,"[-25.0, -15.0, -25.0]"
,Rock'n'Roll-Main Class Free Style,Final - Acrobatic,3,63,Acro 4,7.07,12.0,"[-15.0, 0.0, -15.0]"
,Rock'n'Roll-Main Class Free Style,Final - Acrobatic,3,63,Acro 5,7.07,12.0,"[-35.0, -35.0, -50.0]"
,Rock'n'Roll-Main Class Free Style,Final - Acrobatic,3,63,Acro 6,7.07,12.0,"[0.0, -15.0, -15.0]"
,Rock'n'Roll-Main Class Free Style,Final - Acrobatic,4,47,Acro 1,6.24,12.0,"[-10.0, 0.0, -15.0]"
,Rock'n'Roll-Main Class Free Style,Final - Acrobatic,4,47,Acro 2,2.36,12.0,"[-10.0, -15.0, -15.0]"
,Rock'n'Roll-Main Class Free Style,Final - Acrobatic,4,47,Acro 3,2.36,12.0,"[-10.0, -15.0, -15.0]"
,Rock'n'Roll-Main Class Free Style,Final - Acrobatic,4,47,Acro 4,7.07,12.0,"[-10.0, -10.0, -25.0]"
,Rock'n'Roll-Main Class Free Style,Final - Acrobatic,4,47,Acro 5,4.08,12.0,"[-5.0, -10.0, -15.0]"
,Rock'n'Roll-Main Class Free Style,Final - Acrobatic,4,47,Acro 6,2.36,12.0,"[0.0, 0.0, -5.0]"
,Rock'n'Roll-Main Class Free Style,Final - Acrobatic,5,15,Acro 1,2.36,12.0,"[-10.0, -10.0, -15.0]"
,Rock'n'Roll-Main Class Free Style,Final - Acrobatic,5,15,Acro 2,9.43,12.0,"[-15.0, -15.0, -35.0]"
,Rock'n'Roll-Main Class Free Style,Final - Acrobatic,5,15,Acro 3,4.71,12.0,"[-15.0, -25.0, -25.0]"
,Rock'n'Roll-Main Class Free Style,Final - Acrobatic,5,15,Acro 4,9.43,12.0,"[-15.0, -15.0, -35.0]"
,Rock'n'Roll-Main Class Free Style,Final - Acrobatic,5,15,Acro 5,7.07,12.0,"[-35.0, -35.0, -50.0]"
,Rock'n'Roll-Main Class Free Style,Final - Acrobatic,5,15,Acro 6,0.0,12.0,"[-100.0, -100.0, -100.0]"
,Rock'n'Roll-Main Class Free Style,Final - Acrobatic,6,41,Acro 1,6.24,12.0,"[-10.0, -15.0, -25.0]"
,Rock'n'Roll-Main Class Free Style,Final - Acrobatic,6,41,Acro 2,2.36,12.0,"[-10.0, -10.0, -5.0]"
,Rock'n'Roll-Main Class Free Style,Final - Acrobatic,6,41,Acro 3,4.71,12.0,"[-10.0, 0.0, -10.0]"
,Rock'n'Roll-Main Class Free Style,Final - Acrobatic,6,41,Acro 4,6.24,12.0,"[-10.0, -25.0, -15.0]"
,Rock'n'Roll-Main Class Free Style,Final - Acrobatic,6,41,Acro 5,8.16,12.0,"[-15.0, -25.0, -35.0]"
,Rock'n'Roll-Main Class Free Style,Final - Acrobatic,6,41,Acro 6,4.71,12.0,"[-35.0, -25.0, -35.0]"
