rt_id,Judge,Type,Category,Round,Heat,Stn,stanica,FW,FM,DF,CO,sm,bm,turnir,krit,val1,val2,val3,Acro 1,Acro 2,Acro 3,Acro 4,Acro 5,Acro 6,Acro 7,Acro 8
1301,B,,Rock'n'Roll-Small Formations Juniors,Final,1,57,1,-35,6,8,6.75,-2,0,110,DF,1.5,1.5,1,0,0,0,0,0,0,-1,-1
1301,B,,Rock'n'Roll-Small Formations Juniors,Final,1,57,1,-35,6,8,6.75,-2,0,110,FM,1,1,1,0,0,0,0,0,0,-1,-1
1301,B,,Rock'n'Roll-Small Formations Juniors,Final,1,57,1,-35,6,8,6.75,-2,0,110,CO,1.5,1.5,1.5,0,0,0,0,0,0,-1,-1
1301,B,,Rock'n'Roll-Small Formations Juniors,Final,2,133,1,-50,6,8,3.75,-6,0,110,CO,1.5,1,0,0,0,0,0,0,0,-1,-1
1301,B,,Rock'n'Roll-Small Formations Juniors,Final,2,133,1,-50,6,8,3.75,-6,0,110,DF,1.5,1,1.5,0,0,0,0,0,0,-1,-1
1301,B,,Rock'n'Roll-Small Formations Juniors,Final,2,133,1,-50,6,8,3.75,-6,0,110,FM,1,1,1,0,0,0,0,0,0,-1,-1
1301,B,,Rock'n'Roll-Small Formations Juniors,Final,3,151,1,-35,7,10,7.5,-4,0,110,CO,2,1.5,1.5,0,0,0,0,0,0,-1,-1
1301,B,,Rock'n'Roll-Small Formations Juniors,Final,3,151,1,-35,7,10,7.5,-4,0,110,DF,1.5,1.5,2,0,0,0,0,0,0,-1,-1
1301,B,,Rock'n'Roll-Small Formations Juniors,Final,3,151,1,-35,7,10,7.5,-4,0,110,FM,1,1,1.5,0,0,0,0,0,0,-1,-1
1301,B,,Rock'n'Roll-Small Formations Juniors,Final,4,102,1,-25,9,10,8.25,0,0,110,DF,2,1.5,1.5,0,0,0,0,0,0,-1,-1
1301,B,,Rock'n'Roll-Small Formations Juniors,Final,4,102,1,-25,9,10,8.25,0,0,110,FM,1.5,1.5,1.5,0,0,0,0,0,0,-1,-1
1301,B,,Rock'n'Roll-Small Formations Juniors,Final,4,102,1,-25,9,10,8.25,0,0,110,CO,2,1.5,2,0,0,0,0,0,0,-1,-1
1301,C,,Rock'n'Roll-Small Formations Juniors,Final,1,57,2,-35,8,6,6,0,0,110,DF,1,1,1,0,0,0,0,0,0,-1,-1
1301,C,,Rock'n'Roll-Small Formations Juniors,Final,1,57,2,-35,8,6,6,0,0,110,FM,1.5,1,1.5,0,0,0,0,0,0,-1,-1
1301,C,,Rock'n'Roll-Small Formations Juniors,Final,1,57,2,-35,8,6,6,0,0,110,CO,1,1.5,1.5,0,0,0,0,0,0,-1,-1
1301,C,,Rock'n'Roll-Small Formations Juniors,Final,2,133,2,-50,5,9,4.5,-4,0,110,CO,1.5,0.5,1,0,0,0,0,0,0,-1,-1
1301,C,,Rock'n'Roll-Small Formations Juniors,Final,2,133,2,-50,5,9,4.5,-4,0,110,DF,1.5,1.5,1.5,0,0,0,0,0,0,-1,-1
1301,C,,Rock'n'Roll-Small Formations Juniors,Final,2,133,2,-50,5,9,4.5,-4,0,110,FM,1,0.5,1,0,0,0,0,0,0,-1,-1
1301,C,,Rock'n'Roll-Small Formations Juniors,Final,3,151,2,-75,8,4,3,-2,0,110,FM,1.5,1,1.5,0,0,0,0,0,0,-1,-1
1301,C,,Rock'n'Roll-Small Formations Juniors,Final,3,151,2,-75,8,4,3,-2,0,110,CO,1,0.5,0.5,0,0,0,0,0,0,-1,-1
1301,C,,Rock'n'Roll-Small Formations Juniors,Final,3,151,2,-75,8,4,3,-2,0,110,DF,0.5,0.5,1,0,0,0,0,0,0,-1,-1
1301,C,,Rock'n'Roll-Small Formations Juniors,Final,4,102,2,-50,7,8,5.25,0,0,110,FM,1,1,1.5,0,0,0,0,0,0,-1,-1
1301,C,,Rock'n'Roll-Small Formations Juniors,Final,4,102,2,-50,7,8,5.25,0,0,110,DF,1.5,1.5,1,0,0,0,0,0,0,-1,-1
1301,C,,Rock'n'Roll-Small Formations Juniors,Final,4,102,2,-50,7,8,5.25,0,0,110,CO,1,1,1.5,0,0,0,0,0,0,-1,-1
1301,D,,Rock'n'Roll-Small Formations Juniors,Final,1,57,3,-15,8,8,7.5,-6,0,110,CO,1,2,2,0,0,0,0,0,0,-1,-1
1301,D,,Rock'n'Roll-Small Formations Juniors,Final,1,57,3,-15,8,8,7.5,-6,0,110,DF,1,1.5,1.5,0,0,0,0,0,0,-1,-1
1301,D,,Rock'n'Roll-Small Formations Juniors,Final,1,57,3,-15,8,8,7.5,-6,0,110,FM,1,1.5,1.5,0,0,0,0,0,0,-1,-1
1301,D,,Rock'n'Roll-Small Formations Juniors,Final,2,133,3,-25,7,7,7.5,-2,0,110,CO,1,2,2,0,0,0,0,0,0,-1,-1
1301,D,,Rock'n'Roll-Small Formations Juniors,Final,2,133,3,-25,7,7,7.5,-2,0,110,DF,1,1,1.5,0,0,0,0,0,0,-1,-1
1301,D,,Rock'n'Roll-Small Formations Juniors,Final,2,133,3,-25,7,7,7.5,-2,0,110,FM,1,1,1.5,0,0,0,0,0,0,-1,-1
1301,D,,Rock'n'Roll-Small Formations Juniors,Final,3,151,3,-25,6,7,6.75,-2,0,110,DF,1,1.5,1,0,0,0,0,0,0,-1,-1
1301,D,,Rock'n'Roll-Small Formations Juniors,Final,3,151,3,-25,6,7,6.75,-2,0,110,FM,1,1,1,0,0,0,0,0,0,-1,-1
1301,D,,Rock'n'Roll-Small Formations Juniors,Final,3,151,3,-25,6,7,6.75,-2,0,110,CO,1,1.5,2,0,0,0,0,0,0,-1,-1
1301,D,,Rock'n'Roll-Small Formations Juniors,Final,4,102,3,-35,9,9,8.25,0,0,110,DF,1.5,1.5,1.5,0,0,0,0,0,0,-1,-1
1301,D,,Rock'n'Roll-Small Formations Juniors,Final,4,102,3,-35,9,9,8.25,0,0,110,FM,1.5,1.5,1.5,0,0,0,0,0,0,-1,-1
1301,D,,Rock'n'Roll-Small Formations Juniors,Final,4,102,3,-35,9,9,8.25,0,0,110,CO,1.5,2,2,0,0,0,0,0,0,-1,-1
1301,E,,Rock'n'Roll-Small Formations Juniors,Final,1,57,4,-35,6,7,6,-2,0,110,CO,1,1.5,1.5,0,0,0,0,0,0,-1,-1
1301,E,,Rock'n'Roll-Small Formations Juniors,Final,1,57,4,-35,6,7,6,-2,0,110,DF,1,1,1.5,0,0,0,0,0,0,-1,-1
1301,E,,Rock'n'Roll-Small Formations Juniors,Final,1,57,4,-35,6,7,6,-2,0,110,FM,1,1,1,0,0,0,0,0,0,-1,-1
1301,E,,Rock'n'Roll-Small Formations Juniors,Final,2,133,4,-50,4,5,4.5,-6,0,110,FM,0.5,0.5,1,0,0,0,0,0,0,-1,-1
1301,E,,Rock'n'Roll-Small Formations Juniors,Final,2,133,4,-50,4,5,4.5,-6,0,110,CO,1,1,1,0,0,0,0,0,0,-1,-1
1301,E,,Rock'n'Roll-Small Formations Juniors,Final,2,133,4,-50,4,5,4.5,-6,0,110,DF,1,0.5,1,0,0,0,0,0,0,-1,-1
1301,E,,Rock'n'Roll-Small Formations Juniors,Final,3,151,4,-75,3,5,3.75,0,0,110,FM,0.5,0.5,0.5,0,0,0,0,0,0,-1,-1
1301,E,,Rock'n'Roll-Small Formations Juniors,Final,3,151,4,-75,3,5,3.75,0,0,110,DF,1,0.5,1,0,0,0,0,0,0,-1,-1
1301,E,,Rock'n'Roll-Small Formations Juniors,Final,3,151,4,-75,3,5,3.75,0,0,110,CO,0.5,1,1,0,0,0,0,0,0,-1,-1
1301,E,,Rock'n'Roll-Small Formations Juniors,Final,4,102,4,-25,10,9,7.5,0,0,110,CO,1.5,1.5,2,0,0,0,0,0,0,-1,-1
1301,E,,Rock'n'Roll-Small Formations Juniors,Final,4,102,4,-25,10,9,7.5,0,0,110,DF,1,1.5,2,0,0,0,0,0,0,-1,-1
1301,E,,Rock'n'Roll-Small Formations Juniors,Final,4,102,4,-25,10,9,7.5,0,0,110,FM,1.5,1.5,2,0,0,0,0,0,0,-1,-1
1301,F,,Rock'n'Roll-Small Formations Juniors,Final,1,57,5,-35,5,6,4.5,-2,0,110,CO,1,1,1,0,0,0,0,0,0,-1,-1
1301,F,,Rock'n'Roll-Small Formations Juniors,Final,1,57,5,-35,5,6,4.5,-2,0,110,DF,0.5,1.5,1,0,0,0,0,0,0,-1,-1
1301,F,,Rock'n'Roll-Small Formations Juniors,Final,1,57,5,-35,5,6,4.5,-2,0,110,FM,0.5,1,1,0,0,0,0,0,0,-1,-1
1301,F,,Rock'n'Roll-Small Formations Juniors,Final,2,133,5,-50,7,6,3.75,-4,0,110,DF,1,1,1,0,0,0,0,0,0,-1,-1
1301,F,,Rock'n'Roll-Small Formations Juniors,Final,2,133,5,-50,7,6,3.75,-4,0,110,FM,1,1.5,1,0,0,0,0,0,0,-1,-1
1301,F,,Rock'n'Roll-Small Formations Juniors,Final,2,133,5,-50,7,6,3.75,-4,0,110,CO,1,1,0.5,0,0,0,0,0,0,-1,-1
1301,F,,Rock'n'Roll-Small Formations Juniors,Final,3,151,5,-50,5,4,3,-4,0,110,DF,0.5,0.5,1,0,0,0,0,0,0,-1,-1
1301,F,,Rock'n'Roll-Small Formations Juniors,Final,3,151,5,-50,5,4,3,-4,0,110,FM,0.5,1,1,0,0,0,0,0,0,-1,-1
1301,F,,Rock'n'Roll-Small Formations Juniors,Final,3,151,5,-50,5,4,3,-4,0,110,CO,0.5,1,0.5,0,0,0,0,0,0,-1,-1
1301,F,,Rock'n'Roll-Small Formations Juniors,Final,4,102,5,-15,9,10,8.25,0,0,110,CO,2,2,1.5,0,0,0,0,0,0,-1,-1
1301,F,,Rock'n'Roll-Small Formations Juniors,Final,4,102,5,-15,9,10,8.25,0,0,110,DF,1.5,2,1.5,0,0,0,0,0,0,-1,-1
1301,F,,Rock'n'Roll-Small Formations Juniors,Final,4,102,5,-15,9,10,8.25,0,0,110,FM,1.5,1.5,1.5,0,0,0,0,0,0,-1,-1
1302,B,,Rock'n'Roll-Small Formations,Final,1,33,1,-25,9,10,8.25,0,0,110,CO,2,2,1.5,0,0,0,0,0,0,-1,-1
1302,B,,Rock'n'Roll-Small Formations,Final,1,33,1,-25,9,10,8.25,0,0,110,DF,2,1.5,1.5,0,0,0,0,0,0,-1,-1
1302,B,,Rock'n'Roll-Small Formations,Final,1,33,1,-25,9,10,8.25,0,0,110,FM,1.5,1.5,1.5,0,0,0,0,0,0,-1,-1
1302,B,,Rock'n'Roll-Small Formations,Final,2,335,1,-35,9,8,6,-2,-10,110,CO,1.5,1,1.5,0,0,0,0,0,0,-1,-1
1302,B,,Rock'n'Roll-Small Formations,Final,2,335,1,-35,9,8,6,-2,-10,110,FM,1.5,1.5,1.5,0,0,0,0,0,0,-1,-1
1302,B,,Rock'n'Roll-Small Formations,Final,2,335,1,-35,9,8,6,-2,-10,110,DF,1.5,1,1.5,0,0,0,0,0,0,-1,-1
1302,B,,Rock'n'Roll-Small Formations,Final,3,179,1,-35,9,10,8.25,-4,0,110,CO,2,1.5,2,0,0,0,0,0,0,-1,-1
1302,B,,Rock'n'Roll-Small Formations,Final,3,179,1,-35,9,10,8.25,-4,0,110,DF,2,1.5,1.5,0,0,0,0,0,0,-1,-1
1302,B,,Rock'n'Roll-Small Formations,Final,3,179,1,-35,9,10,8.25,-4,0,110,FM,1.5,1.5,1.5,0,0,0,0,0,0,-1,-1
1302,C,,Rock'n'Roll-Small Formations,Final,1,33,2,-35,8,6,5.25,0,0,110,CO,1,1,1.5,0,0,0,0,0,0,-1,-1
1302,C,,Rock'n'Roll-Small Formations,Final,1,33,2,-35,8,6,5.25,0,0,110,DF,0.5,1.5,1,0,0,0,0,0,0,-1,-1
1302,C,,Rock'n'Roll-Small Formations,Final,1,33,2,-35,8,6,5.25,0,0,110,FM,1.5,1,1.5,0,0,0,0,0,0,-1,-1
1302,C,,Rock'n'Roll-Small Formations,Final,2,335,2,-50,6,5,6.75,-2,-10,110,DF,0.5,1,1,0,0,0,0,0,0,-1,-1
1302,C,,Rock'n'Roll-Small Formations,Final,2,335,2,-50,6,5,6.75,-2,-10,110,FM,1,1,1,0,0,0,0,0,0,-1,-1
1302,C,,Rock'n'Roll-Small Formations,Final,2,335,2,-50,6,5,6.75,-2,-10,110,CO,1.5,1,2,0,0,0,0,0,0,-1,-1
1302,C,,Rock'n'Roll-Small Formations,Final,3,179,2,-35,8,8,7.5,-2,0,110,DF,1.5,1,1.5,0,0,0,0,0,0,-1,-1
1302,C,,Rock'n'Roll-Small Formations,Final,3,179,2,-35,8,8,7.5,-2,0,110,FM,1.5,1,1.5,0,0,0,0,0,0,-1,-1
1302,C,,Rock'n'Roll-Small Formations,Final,3,179,2,-35,8,8,7.5,-2,0,110,CO,1.5,1.5,2,0,0,0,0,0,0,-1,-1
1302,D,,Rock'n'Roll-Small Formations,Final,1,33,3,-35,9,7,7.5,0,0,110,CO,1.5,1.5,2,0,0,0,0,0,0,-1,-1
1302,D,,Rock'n'Roll-Small Formations,Final,1,33,3,-35,9,7,7.5,0,0,110,DF,1,1.5,1,0,0,0,0,0,0,-1,-1
1302,D,,Rock'n'Roll-Small Formations,Final,1,33,3,-35,9,7,7.5,0,0,110,FM,1.5,1.5,1.5,0,0,0,0,0,0,-1,-1
1302,D,,Rock'n'Roll-Small Formations,Final,2,335,3,-50,6,7,6.75,-2,0,110,CO,1,1.5,2,0,0,0,0,0,0,-1,-1
1302,D,,Rock'n'Roll-Small Formations,Final,2,335,3,-50,6,7,6.75,-2,0,110,DF,1,1,1.5,0,0,0,0,0,0,-1,-1
1302,D,,Rock'n'Roll-Small Formations,Final,2,335,3,-50,6,7,6.75,-2,0,110,FM,1,1,1,0,0,0,0,0,0,-1,-1
1302,D,,Rock'n'Roll-Small Formations,Final,3,179,3,-35,9,10,7.5,0,0,110,CO,1.5,1.5,2,0,0,0,0,0,0,-1,-1
1302,D,,Rock'n'Roll-Small Formations,Final,3,179,3,-35,9,10,7.5,0,0,110,FM,1.5,1.5,1.5,0,0,0,0,0,0,-1,-1
1302,D,,Rock'n'Roll-Small Formations,Final,3,179,3,-35,9,10,7.5,0,0,110,DF,1.5,2,1.5,0,0,0,0,0,0,-1,-1
1302,E,,Rock'n'Roll-Small Formations,Final,1,33,4,-35,8,10,6,0,0,110,CO,1.5,1.5,1,0,0,0,0,0,0,-1,-1
1302,E,,Rock'n'Roll-Small Formations,Final,1,33,4,-35,8,10,6,0,0,110,DF,1.5,2,1.5,0,0,0,0,0,0,-1,-1
1302,E,,Rock'n'Roll-Small Formations,Final,1,33,4,-35,8,10,6,0,0,110,FM,1,1.5,1.5,0,0,0,0,0,0,-1,-1
1302,E,,Rock'n'Roll-Small Formations,Final,2,335,4,-50,5,6,4.5,0,-10,110,CO,1,1,1,0,0,0,0,0,0,-1,-1
1302,E,,Rock'n'Roll-Small Formations,Final,2,335,4,-50,5,6,4.5,0,-10,110,DF,1,1,1,0,0,0,0,0,0,-1,-1
1302,E,,Rock'n'Roll-Small Formations,Final,2,335,4,-50,5,6,4.5,0,-10,110,FM,0.5,1,1,0,0,0,0,0,0,-1,-1
1302,E,,Rock'n'Roll-Small Formations,Final,3,179,4,-35,8,8,6.75,0,0,110,DF,1,1.5,1.5,0,0,0,0,0,0,-1,-1
1302,E,,Rock'n'Roll-Small Formations,Final,3,179,4,-35,8,8,6.75,0,0,110,FM,1,1.5,1.5,0,0,0,0,0,0,-1,-1
1302,E,,Rock'n'Roll-Small Formations,Final,3,179,4,-35,8,8,6.75,0,0,110,CO,1.5,1.5,1.5,0,0,0,0,0,0,-1,-1
1302,F,,Rock'n'Roll-Small Formations,Final,1,33,5,-25,9,7,6.75,0,0,110,DF,1,1,1.5,0,0,0,0,0,0,-1,-1
1302,F,,Rock'n'Roll-Small Formations,Final,1,33,5,-25,9,7,6.75,0,0,110,FM,1.5,1.5,1.5,0,0,0,0,0,0,-1,-1
1302,F,,Rock'n'Roll-Small Formations,Final,1,33,5,-25,9,7,6.75,0,0,110,CO,2,1.5,1,0,0,0,0,0,0,-1,-1
1302,F,,Rock'n'Roll-Small Formations,Final,2,335,5,-35,8,7,6,0,-10,110,CO,1.5,1.5,1,0,0,0,0,0,0,-1,-1
1302,F,,Rock'n'Roll-Small Formations,Final,2,335,5,-35,8,7,6,0,-10,110,DF,1,1,1.5,0,0,0,0,0,0,-1,-1
1302,F,,Rock'n'Roll-Small Formations,Final,2,335,5,-35,8,7,6,0,-10,110,FM,1.5,1,1.5,0,0,0,0,0,0,-1,-1
1302,F,,Rock'n'Roll-Small Formations,Final,3,179,5,-25,8,7,6.75,0,0,110,CO,1.5,1.5,1.5,0,0,0,0,0,0,-1,-1
1302,F,,Rock'n'Roll-Small Formations,Final,3,179,5,-25,8,7,6.75,0,0,110,DF,1,1,1.5,0,0,0,0,0,0,-1,-1
1302,F,,Rock'n'Roll-Small Formations,Final,3,179,5,-25,8,7,6.75,0,0,110,FM,1,1.5,1.5,0,0,0,0,0,0,-1,-1
1303,B,,Rock'n'Roll-Kids,Final,1,194,1,-75,2.5,7.5,5,-4,-10,110,CO,1,1,0.5,0,0,0,0,0,0,-1,-1
1303,B,,Rock'n'Roll-Kids,Final,1,194,1,-75,2.5,7.5,5,-4,-10,110,DF,1,1,1,0,0,0,0,0,0,-1,-1
1303,C,,Rock'n'Roll-Kids,Final,1,194,2,-50,2.5,6.25,5,-4,-10,110,CO,1,0.5,1,0,0,0,0,0,0,-1,-1
1303,C,,Rock'n'Roll-Kids,Final,1,194,2,-50,2.5,6.25,5,-4,-10,110,DF,1,0.5,1,0,0,0,0,0,0,-1,-1
1303,D,,Rock'n'Roll-Kids,Final,1,194,3,-35,5,6.25,7,-2,-20,110,CO,0.5,1.5,1.5,0,0,0,0,0,0,-1,-1
1303,D,,Rock'n'Roll-Kids,Final,1,194,3,-35,5,6.25,7,-2,-20,110,DF,0.5,1,1,0,0,0,0,0,0,-1,-1
1303,E,,Rock'n'Roll-Kids,Final,1,194,4,-75,2.5,3.75,3,-6,0,110,CO,0.5,0.5,0.5,0,0,0,0,0,0,-1,-1
1303,E,,Rock'n'Roll-Kids,Final,1,194,4,-75,2.5,3.75,3,-6,0,110,DF,0.5,0.5,0.5,0,0,0,0,0,0,-1,-1
1303,F,,Rock'n'Roll-Kids,Final,1,194,5,-25,6.5,7.5,6,-4,0,110,CO,1,1,1,0,0,0,0,0,0,-1,-1
1303,F,,Rock'n'Roll-Kids,Final,1,194,5,-25,6.5,7.5,6,-4,0,110,DF,1,1,1,0,0,0,0,0,0,-1,-1
1304,B,,Rock'n'Roll-Beginners,Final,1,214,1,-50,6.5,10,7,-4,0,110,CO,1.5,1,1,0,0,0,0,0,0,-1,-1
1304,B,,Rock'n'Roll-Beginners,Final,1,214,1,-50,6.5,10,7,-4,0,110,DF,1.5,1.5,1,0,0,0,0,0,0,-1,-1
1304,B,,Rock'n'Roll-Beginners,Final,2,182,1,-35,6.5,13.75,10,0,0,110,DF,2,2,1.5,0,0,0,0,0,0,-1,-1
1304,B,,Rock'n'Roll-Beginners,Final,2,182,1,-35,6.5,13.75,10,0,0,110,CO,2,1.5,1.5,0,0,0,0,0,0,-1,-1
1304,B,,Rock'n'Roll-Beginners,Final,3,7,1,-50,5,10,8,0,0,110,CO,1.5,1.5,1,0,0,0,0,0,0,-1,-1
1304,B,,Rock'n'Roll-Beginners,Final,3,7,1,-50,5,10,8,0,0,110,DF,1.5,1.5,1,0,0,0,0,0,0,-1,-1
1304,B,,Rock'n'Roll-Beginners,Final,4,150,1,-35,5,12.5,9,0,0,110,CO,2,1.5,1,0,0,0,0,0,0,-1,-1
1304,B,,Rock'n'Roll-Beginners,Final,4,150,1,-35,5,12.5,9,0,0,110,DF,2,1.5,1.5,0,0,0,0,0,0,-1,-1
1304,C,,Rock'n'Roll-Beginners,Final,1,214,2,-50,2.5,6.25,7,-4,0,110,CO,1,1,1.5,0,0,0,0,0,0,-1,-1
1304,C,,Rock'n'Roll-Beginners,Final,1,214,2,-50,2.5,6.25,7,-4,0,110,DF,0.5,1,1,0,0,0,0,0,0,-1,-1
1304,C,,Rock'n'Roll-Beginners,Final,2,182,2,-50,6.5,13.75,8,0,0,110,DF,1.5,2,2,0,0,0,0,0,0,-1,-1
1304,C,,Rock'n'Roll-Beginners,Final,2,182,2,-50,6.5,13.75,8,0,0,110,CO,1,1.5,1.5,0,0,0,0,0,0,-1,-1
1304,C,,Rock'n'Roll-Beginners,Final,3,7,2,-75,5,8.75,7,0,0,110,DF,1,1,1.5,0,0,0,0,0,0,-1,-1
1304,C,,Rock'n'Roll-Beginners,Final,3,7,2,-75,5,8.75,7,0,0,110,CO,1,1,1.5,0,0,0,0,0,0,-1,-1
1304,C,,Rock'n'Roll-Beginners,Final,4,150,2,-35,2.5,11.25,5,0,0,110,CO,1,1,0.5,0,0,0,0,0,0,-1,-1
1304,C,,Rock'n'Roll-Beginners,Final,4,150,2,-35,2.5,11.25,5,0,0,110,DF,1.5,1.5,1.5,0,0,0,0,0,0,-1,-1
1304,D,,Rock'n'Roll-Beginners,Final,1,214,3,-50,5,10,10,-2,0,110,CO,1,2,2,0,0,0,0,0,0,-1,-1
1304,D,,Rock'n'Roll-Beginners,Final,1,214,3,-50,5,10,10,-2,0,110,DF,1,1,1.5,0,0,0,0,0,0,-1,-1
1304,D,,Rock'n'Roll-Beginners,Final,2,182,3,-35,6.5,13.75,11,0,0,110,CO,1.5,2,2,0,0,0,0,0,0,-1,-1
1304,D,,Rock'n'Roll-Beginners,Final,2,182,3,-35,6.5,13.75,11,0,0,110,DF,1.5,2,1.5,0,0,0,0,0,0,-1,-1
1304,D,,Rock'n'Roll-Beginners,Final,3,7,3,-50,5,8.75,10,0,0,110,DF,1,1,1,0,0,0,0,0,0,-1,-1
1304,D,,Rock'n'Roll-Beginners,Final,3,7,3,-50,5,8.75,10,0,0,110,CO,1,2,2,0,0,0,0,0,0,-1,-1
1304,D,,Rock'n'Roll-Beginners,Final,4,150,3,-35,5,12.5,9,0,0,110,CO,1,1.5,2,0,0,0,0,0,0,-1,-1
1304,D,,Rock'n'Roll-Beginners,Final,4,150,3,-35,5,12.5,9,0,0,110,DF,1.5,1.5,1.5,0,0,0,0,0,0,-1,-1
1304,E,,Rock'n'Roll-Beginners,Final,1,214,4,-50,5,10,8,-2,0,110,CO,1,1.5,1.5,0,0,0,0,0,0,-1,-1
1304,E,,Rock'n'Roll-Beginners,Final,1,214,4,-50,5,10,8,-2,0,110,DF,1,1.5,1.5,0,0,0,0,0,0,-1,-1
1304,E,,Rock'n'Roll-Beginners,Final,2,182,4,-50,6.5,11.25,10,0,0,110,CO,1,2,2,0,0,0,0,0,0,-1,-1
1304,E,,Rock'n'Roll-Beginners,Final,2,182,4,-50,6.5,11.25,10,0,0,110,DF,1.5,1.5,1.5,0,0,0,0,0,0,-1,-1
1304,E,,Rock'n'Roll-Beginners,Final,3,7,4,-75,2.5,5,5,0,0,110,CO,0.5,1,1,0,0,0,0,0,0,-1,-1
1304,E,,Rock'n'Roll-Beginners,Final,3,7,4,-75,2.5,5,5,0,0,110,DF,0.5,0.5,1,0,0,0,0,0,0,-1,-1
1304,E,,Rock'n'Roll-Beginners,Final,4,150,4,-50,2.5,8.75,6,0,0,110,CO,1,1,1,0,0,0,0,0,0,-1,-1
1304,E,,Rock'n'Roll-Beginners,Final,4,150,4,-50,2.5,8.75,6,0,0,110,DF,1.5,1,1,0,0,0,0,0,0,-1,-1
1304,F,,Rock'n'Roll-Beginners,Final,1,214,5,-50,6.5,7.5,7,0,0,110,CO,1,1.5,1,0,0,0,0,0,0,-1,-1
1304,F,,Rock'n'Roll-Beginners,Final,1,214,5,-50,6.5,7.5,7,0,0,110,DF,1,1,1,0,0,0,0,0,0,-1,-1
1304,F,,Rock'n'Roll-Beginners,Final,2,182,5,-50,6.5,10,8,0,0,110,CO,1,1.5,1.5,0,0,0,0,0,0,-1,-1
1304,F,,Rock'n'Roll-Beginners,Final,2,182,5,-50,6.5,10,8,0,0,110,DF,1,2,1,0,0,0,0,0,0,-1,-1
1304,F,,Rock'n'Roll-Beginners,Final,3,7,5,-50,2.5,6.25,4,0,0,110,CO,0.5,1,0.5,0,0,0,0,0,0,-1,-1
1304,F,,Rock'n'Roll-Beginners,Final,3,7,5,-50,2.5,6.25,4,0,0,110,DF,0.5,1,1,0,0,0,0,0,0,-1,-1
1304,F,,Rock'n'Roll-Beginners,Final,4,150,5,-35,6.5,10,7,0,0,110,CO,1,1,1.5,0,0,0,0,0,0,-1,-1
1304,F,,Rock'n'Roll-Beginners,Final,4,150,5,-35,6.5,10,7,0,0,110,DF,1,1.5,1.5,0,0,0,0,0,0,-1,-1
1305,B,,Rock'n'Roll-Juveniles,Final,1,430,1,-15,6.5,15,11,0,0,110,CO,2,1.5,2,0,0,0,0,0,0,-1,-1
1305,B,,Rock'n'Roll-Juveniles,Final,1,430,1,-15,6.5,15,11,0,0,110,DF,2,2,2,0,0,0,0,0,0,-1,-1
1305,B,,Rock'n'Roll-Juveniles,Final,2,78,1,-25,7.5,13.75,10,0,0,110,DF,2,2,1.5,0,0,0,0,0,0,-1,-1
1305,B,,Rock'n'Roll-Juveniles,Final,2,78,1,-25,7.5,13.75,10,0,0,110,CO,1.5,1.5,2,0,0,0,0,0,0,-1,-1
1305,B,,Rock'n'Roll-Juveniles,Final,3,114,1,-50,5,10,10,0,0,110,CO,1.5,1.5,2,0,0,0,0,0,0,-1,-1
1305,B,,Rock'n'Roll-Juveniles,Final,3,114,1,-50,5,10,10,0,0,110,DF,1.5,1,1.5,0,0,0,0,0,0,-1,-1
1305,B,,Rock'n'Roll-Juveniles,Final,4,60,1,-35,6.5,11.25,8,0,0,110,CO,1.5,1,1.5,0,0,0,0,0,0,-1,-1
1305,B,,Rock'n'Roll-Juveniles,Final,4,60,1,-35,6.5,11.25,8,0,0,110,DF,1.5,1.5,1.5,0,0,0,0,0,0,-1,-1
1305,B,,Rock'n'Roll-Juveniles,Final,5,491,1,-10,9.5,16.25,13,0,0,110,CO,2.5,2,2,0,0,0,0,0,0,-1,-1
1305,B,,Rock'n'Roll-Juveniles,Final,5,491,1,-10,9.5,16.25,13,0,0,110,DF,2.5,2,2,0,0,0,0,0,0,-1,-1
1305,B,,Rock'n'Roll-Juveniles,Final,6,118,1,-35,6.5,11.25,9,0,0,110,CO,1.5,1.5,1.5,0,0,0,0,0,0,-1,-1
1305,B,,Rock'n'Roll-Juveniles,Final,6,118,1,-35,6.5,11.25,9,0,0,110,DF,1.5,1.5,1.5,0,0,0,0,0,0,-1,-1
1305,C,,Rock'n'Roll-Juveniles,Final,1,430,2,-10,9.5,16.25,14,0,0,110,CO,2.5,2,2.5,0,0,0,0,0,0,-1,-1
1305,C,,Rock'n'Roll-Juveniles,Final,1,430,2,-10,9.5,16.25,14,0,0,110,DF,2,2,2.5,0,0,0,0,0,0,-1,-1
1305,C,,Rock'n'Roll-Juveniles,Final,2,78,2,-25,8.5,12.5,10,0,0,110,CO,1.5,2,1.5,0,0,0,0,0,0,-1,-1
1305,C,,Rock'n'Roll-Juveniles,Final,2,78,2,-25,8.5,12.5,10,0,0,110,DF,1.5,2,1.5,0,0,0,0,0,0,-1,-1
1305,C,,Rock'n'Roll-Juveniles,Final,3,114,2,-50,6.5,10,9,0,0,110,CO,1,1.5,2,0,0,0,0,0,0,-1,-1
1305,C,,Rock'n'Roll-Juveniles,Final,3,114,2,-50,6.5,10,9,0,0,110,DF,1.5,1.5,1,0,0,0,0,0,0,-1,-1
1305,C,,Rock'n'Roll-Juveniles,Final,4,60,2,-10,8.5,11.25,8,0,0,110,CO,1,1.5,1.5,0,0,0,0,0,0,-1,-1
1305,C,,Rock'n'Roll-Juveniles,Final,4,60,2,-10,8.5,11.25,8,0,0,110,DF,1,2,1.5,0,0,0,0,0,0,-1,-1
1305,C,,Rock'n'Roll-Juveniles,Final,5,491,2,-5,10,16.25,13,0,0,110,CO,2,2.5,2,0,0,0,0,0,0,-1,-1
1305,C,,Rock'n'Roll-Juveniles,Final,5,491,2,-5,10,16.25,13,0,0,110,DF,2,2.5,2,0,0,0,0,0,0,-1,-1
1305,C,,Rock'n'Roll-Juveniles,Final,6,118,2,-35,5,12.5,9,0,0,110,CO,1,2,1.5,0,0,0,0,0,0,-1,-1
1305,C,,Rock'n'Roll-Juveniles,Final,6,118,2,-35,5,12.5,9,0,0,110,DF,1,2,2,0,0,0,0,0,0,-1,-1
1305,D,,Rock'n'Roll-Juveniles,Final,1,430,3,-25,7.5,11.25,10,0,0,110,CO,1.5,1.5,2,0,0,0,0,0,0,-1,-1
1305,D,,Rock'n'Roll-Juveniles,Final,1,430,3,-25,7.5,11.25,10,0,0,110,DF,1.5,1.5,1.5,0,0,0,0,0,0,-1,-1
1305,D,,Rock'n'Roll-Juveniles,Final,2,78,3,-50,6.5,13.75,10,0,0,110,DF,1.5,1.5,2,0,0,0,0,0,0,-1,-1
1305,D,,Rock'n'Roll-Juveniles,Final,2,78,3,-50,6.5,13.75,10,0,0,110,CO,1.5,1.5,2,0,0,0,0,0,0,-1,-1
1305,D,,Rock'n'Roll-Juveniles,Final,3,114,3,-35,5,12.5,9,0,0,110,CO,1.5,1,2,0,0,0,0,0,0,-1,-1
1305,D,,Rock'n'Roll-Juveniles,Final,3,114,3,-35,5,12.5,9,0,0,110,DF,1.5,1.5,1.5,0,0,0,0,0,0,-1,-1
1305,D,,Rock'n'Roll-Juveniles,Final,4,60,3,-50,6.5,12.5,10,0,0,110,CO,1.5,1.5,2,0,0,0,0,0,0,-1,-1
1305,D,,Rock'n'Roll-Juveniles,Final,4,60,3,-50,6.5,12.5,10,0,0,110,DF,1.5,1.5,1.5,0,0,0,0,0,0,-1,-1
1305,D,,Rock'n'Roll-Juveniles,Final,5,491,3,-35,6.5,15,10,0,0,110,CO,2,1.5,1.5,0,0,0,0,0,0,-1,-1
1305,D,,Rock'n'Roll-Juveniles,Final,5,491,3,-35,6.5,15,10,0,0,110,DF,2,2,1.5,0,0,0,0,0,0,-1,-1
1305,D,,Rock'n'Roll-Juveniles,Final,6,118,3,-35,5,12.5,10,0,0,110,DF,1.5,1.5,1.5,0,0,0,0,0,0,-1,-1
1305,D,,Rock'n'Roll-Juveniles,Final,6,118,3,-35,5,12.5,10,0,0,110,CO,1.5,2,1.5,0,0,0,0,0,0,-1,-1
1305,E,,Rock'n'Roll-Juveniles,Final,1,430,4,-15,8.5,15,13,0,0,110,DF,2,2,2,0,0,0,0,0,0,-1,-1
1305,E,,Rock'n'Roll-Juveniles,Final,1,430,4,-15,8.5,15,13,0,0,110,CO,2,2,2,0,0,0,0,0,0,-1,-1
1305,E,,Rock'n'Roll-Juveniles,Final,2,78,4,-25,7.5,12.5,11,0,0,110,CO,1.5,1.5,2,0,0,0,0,0,0,-1,-1
1305,E,,Rock'n'Roll-Juveniles,Final,2,78,4,-25,7.5,12.5,11,0,0,110,DF,1.5,2,1.5,0,0,0,0,0,0,-1,-1
1305,E,,Rock'n'Roll-Juveniles,Final,3,114,4,-50,5,7.5,8,0,0,110,CO,1,1,1.5,0,0,0,0,0,0,-1,-1
1305,E,,Rock'n'Roll-Juveniles,Final,3,114,4,-50,5,7.5,8,0,0,110,DF,1,1,1,0,0,0,0,0,0,-1,-1
1305,E,,Rock'n'Roll-Juveniles,Final,4,60,4,-50,6.5,10,10,0,0,110,CO,1.5,1.5,1.5,0,0,0,0,0,0,-1,-1
1305,E,,Rock'n'Roll-Juveniles,Final,4,60,4,-50,6.5,10,10,0,0,110,DF,1,1.5,1.5,0,0,0,0,0,0,-1,-1
1305,E,,Rock'n'Roll-Juveniles,Final,5,491,4,-15,9,15,13,0,0,110,DF,2,2,2,0,0,0,0,0,0,-1,-1
1305,E,,Rock'n'Roll-Juveniles,Final,5,491,4,-15,9,15,13,0,0,110,CO,2,2,2,0,0,0,0,0,0,-1,-1
1305,E,,Rock'n'Roll-Juveniles,Final,6,118,4,-35,7.5,10,9,-2,0,110,CO,1,1.5,1.5,0,0,0,0,0,0,-1,-1
1305,E,,Rock'n'Roll-Juveniles,Final,6,118,4,-35,7.5,10,9,-2,0,110,DF,1,1.5,1.5,0,0,0,0,0,0,-1,-1
1305,F,,Rock'n'Roll-Juveniles,Final,1,430,5,-10,9,12.5,9,0,0,110,CO,1.5,1.5,1.5,0,0,0,0,0,0,-1,-1
1305,F,,Rock'n'Roll-Juveniles,Final,1,430,5,-10,9,12.5,9,0,0,110,DF,1.5,2,1.5,0,0,0,0,0,0,-1,-1
1305,F,,Rock'n'Roll-Juveniles,Final,2,78,5,-25,8.5,12.5,8,0,0,110,CO,1,1.5,1.5,0,0,0,0,0,0,-1,-1
1305,F,,Rock'n'Roll-Juveniles,Final,2,78,5,-25,8.5,12.5,8,0,0,110,DF,1.5,2,1.5,0,0,0,0,0,0,-1,-1
1305,F,,Rock'n'Roll-Juveniles,Final,3,114,5,-25,6.5,7.5,7,0,0,110,CO,1,1.5,1,0,0,0,0,0,0,-1,-1
1305,F,,Rock'n'Roll-Juveniles,Final,3,114,5,-25,6.5,7.5,7,0,0,110,DF,0.5,1.5,1,0,0,0,0,0,0,-1,-1
1305,F,,Rock'n'Roll-Juveniles,Final,4,60,5,-25,6.5,10,8,0,0,110,CO,1.5,1.5,1,0,0,0,0,0,0,-1,-1
1305,F,,Rock'n'Roll-Juveniles,Final,4,60,5,-25,6.5,10,8,0,0,110,DF,1,1.5,1.5,0,0,0,0,0,0,-1,-1
1305,F,,Rock'n'Roll-Juveniles,Final,5,491,5,-10,9,18.75,11,0,0,110,CO,1.5,2,2,0,0,0,0,0,0,-1,-1
1305,F,,Rock'n'Roll-Juveniles,Final,5,491,5,-10,9,18.75,11,0,0,110,DF,2,2.5,2,0,0,0,0,0,0,-1,-1
1305,F,,Rock'n'Roll-Juveniles,Final,6,118,5,-35,7.5,11.25,6,-2,0,110,DF,1,1.5,1,0,0,0,0,0,0,-1,-1
1305,F,,Rock'n'Roll-Juveniles,Final,6,118,5,-35,7.5,11.25,6,-2,0,110,CO,1,1,1,0,0,0,0,0,0,-1,-1
1306,B,,Rock'n'Roll-Girl Formations,Final,1,313,1,-50,8,7,4.5,-6,0,110,CO,1,1,1,0,0,0,0,0,0,-1,-1
1306,B,,Rock'n'Roll-Girl Formations,Final,1,313,1,-50,8,7,4.5,-6,0,110,DF,1,1,1.5,0,0,0,0,0,0,-1,-1
1306,B,,Rock'n'Roll-Girl Formations,Final,1,313,1,-50,8,7,4.5,-6,0,110,FM,1.5,1,1.5,0,0,0,0,0,0,-1,-1
1306,B,,Rock'n'Roll-Girl Formations,Final,2,37,1,-25,10,12,9,0,0,110,CO,2,2,2,0,0,0,0,0,0,-1,-1
1306,B,,Rock'n'Roll-Girl Formations,Final,2,37,1,-25,10,12,9,0,0,110,DF,2.5,2,1.5,0,0,0,0,0,0,-1,-1
1306,B,,Rock'n'Roll-Girl Formations,Final,2,37,1,-25,10,12,9,0,0,110,FM,2,1.5,1.5,0,0,0,0,0,0,-1,-1
1306,B,,Rock'n'Roll-Girl Formations,Final,3,65,1,-35,9,9,8.25,-2,0,110,DF,1.5,1.5,1.5,0,0,0,0,0,0,-1,-1
1306,B,,Rock'n'Roll-Girl Formations,Final,3,65,1,-35,9,9,8.25,-2,0,110,FM,2,1,1.5,0,0,0,0,0,0,-1,-1
1306,B,,Rock'n'Roll-Girl Formations,Final,3,65,1,-35,9,9,8.25,-2,0,110,CO,2,1.5,2,0,0,0,0,0,0,-1,-1
1306,B,,Rock'n'Roll-Girl Formations,Final,4,144,1,-25,10,10,9,-2,0,110,DF,1.5,2,1.5,0,0,0,0,0,0,-1,-1
1306,B,,Rock'n'Roll-Girl Formations,Final,4,144,1,-25,10,10,9,-2,0,110,FM,2,1.5,1.5,0,0,0,0,0,0,-1,-1
1306,B,,Rock'n'Roll-Girl Formations,Final,4,144,1,-25,10,10,9,-2,0,110,CO,2,2,2,0,0,0,0,0,0,-1,-1
1306,B,,Rock'n'Roll-Girl Formations,Final,5,67,1,-35,7,8,6.75,-6,0,110,CO,1.5,1.5,1.5,0,0,0,0,0,0,-1,-1
1306,B,,Rock'n'Roll-Girl Formations,Final,5,67,1,-35,7,8,6.75,-6,0,110,DF,1.5,1,1.5,0,0,0,0,0,0,-1,-1
1306,B,,Rock'n'Roll-Girl Formations,Final,5,67,1,-35,7,8,6.75,-6,0,110,FM,1,1,1.5,0,0,0,0,0,0,-1,-1
1306,C,,Rock'n'Roll-Girl Formations,Final,1,313,2,-50,7,5,3.75,-6,0,110,FM,1,1,1.5,0,0,0,0,0,0,-1,-1
1306,C,,Rock'n'Roll-Girl Formations,Final,1,313,2,-50,7,5,3.75,-6,0,110,CO,1,1,0.5,0,0,0,0,0,0,-1,-1
1306,C,,Rock'n'Roll-Girl Formations,Final,1,313,2,-50,7,5,3.75,-6,0,110,DF,0.5,1,1,0,0,0,0,0,0,-1,-1
1306,C,,Rock'n'Roll-Girl Formations,Final,2,37,2,-10,12,11,8.25,0,0,110,FM,2,2,2,0,0,0,0,0,0,-1,-1
1306,C,,Rock'n'Roll-Girl Formations,Final,2,37,2,-10,12,11,8.25,0,0,110,DF,1.5,2,2,0,0,0,0,0,0,-1,-1
1306,C,,Rock'n'Roll-Girl Formations,Final,2,37,2,-10,12,11,8.25,0,0,110,CO,1.5,1.5,2.5,0,0,0,0,0,0,-1,-1
1306,C,,Rock'n'Roll-Girl Formations,Final,3,65,2,-35,8,8,7.5,0,0,110,CO,1.5,1.5,2,0,0,0,0,0,0,-1,-1
1306,C,,Rock'n'Roll-Girl Formations,Final,3,65,2,-35,8,8,7.5,0,0,110,DF,1.5,1,1.5,0,0,0,0,0,0,-1,-1
1306,C,,Rock'n'Roll-Girl Formations,Final,3,65,2,-35,8,8,7.5,0,0,110,FM,1.5,1,1.5,0,0,0,0,0,0,-1,-1
1306,C,,Rock'n'Roll-Girl Formations,Final,4,144,2,-15,10,9,7.5,0,0,110,CO,1,2,2,0,0,0,0,0,0,-1,-1
1306,C,,Rock'n'Roll-Girl Formations,Final,4,144,2,-15,10,9,7.5,0,0,110,DF,1,2,1.5,0,0,0,0,0,0,-1,-1
1306,C,,Rock'n'Roll-Girl Formations,Final,4,144,2,-15,10,9,7.5,0,0,110,FM,1,2,2,0,0,0,0,0,0,-1,-1
1306,C,,Rock'n'Roll-Girl Formations,Final,5,67,2,-35,6,6,3.75,-2,0,110,DF,0.5,1,1.5,0,0,0,0,0,0,-1,-1
1306,C,,Rock'n'Roll-Girl Formations,Final,5,67,2,-35,6,6,3.75,-2,0,110,FM,1,1,1,0,0,0,0,0,0,-1,-1
1306,C,,Rock'n'Roll-Girl Formations,Final,5,67,2,-35,6,6,3.75,-2,0,110,CO,1,1,0.5,0,0,0,0,0,0,-1,-1
1306,D,,Rock'n'Roll-Girl Formations,Final,1,313,3,-50,5,9,6.75,-6,0,110,DF,1.5,1.5,1.5,0,0,0,0,0,0,-1,-1
1306,D,,Rock'n'Roll-Girl Formations,Final,1,313,3,-50,5,9,6.75,-6,0,110,FM,1,1.5,0,0,0,0,0,0,0,-1,-1
1306,D,,Rock'n'Roll-Girl Formations,Final,1,313,3,-50,5,9,6.75,-6,0,110,CO,1.5,1.5,1.5,0,0,0,0,0,0,-1,-1
1306,D,,Rock'n'Roll-Girl Formations,Final,2,37,3,-15,12,13,9,0,0,110,CO,2,2,2,0,0,0,0,0,0,-1,-1
1306,D,,Rock'n'Roll-Girl Formations,Final,2,37,3,-15,12,13,9,0,0,110,DF,2,2.5,2,0,0,0,0,0,0,-1,-1
1306,D,,Rock'n'Roll-Girl Formations,Final,2,37,3,-15,12,13,9,0,0,110,FM,2,2,2,0,0,0,0,0,0,-1,-1
1306,D,,Rock'n'Roll-Girl Formations,Final,3,65,3,-35,9,9,7.5,-2,0,110,CO,1.5,1.5,2,0,0,0,0,0,0,-1,-1
1306,D,,Rock'n'Roll-Girl Formations,Final,3,65,3,-35,9,9,7.5,-2,0,110,DF,1.5,1.5,1.5,0,0,0,0,0,0,-1,-1
1306,D,,Rock'n'Roll-Girl Formations,Final,3,65,3,-35,9,9,7.5,-2,0,110,FM,1.5,1.5,1.5,0,0,0,0,0,0,-1,-1
1306,D,,Rock'n'Roll-Girl Formations,Final,4,144,3,-35,9,11,8.25,0,0,110,CO,2,1.5,2,0,0,0,0,0,0,-1,-1
1306,D,,Rock'n'Roll-Girl Formations,Final,4,144,3,-35,9,11,8.25,0,0,110,FM,1.5,1.5,1.5,0,0,0,0,0,0,-1,-1
1306,D,,Rock'n'Roll-Girl Formations,Final,4,144,3,-35,9,11,8.25,0,0,110,DF,2,2,1.5,0,0,0,0,0,0,-1,-1
1306,D,,Rock'n'Roll-Girl Formations,Final,5,67,3,-35,8,8,6.75,-4,0,110,CO,1.5,1.5,1.5,0,0,0,0,0,0,-1,-1
1306,D,,Rock'n'Roll-Girl Formations,Final,5,67,3,-35,8,8,6.75,-4,0,110,DF,1.5,1.5,1,0,0,0,0,0,0,-1,-1
1306,D,,Rock'n'Roll-Girl Formations,Final,5,67,3,-35,8,8,6.75,-4,0,110,FM,1.5,1,1.5,0,0,0,0,0,0,-1,-1
1306,E,,Rock'n'Roll-Girl Formations,Final,1,313,4,-75,3,4,3,-8,0,110,CO,0.5,0.5,1,0,0,0,0,0,0,-1,-1
1306,E,,Rock'n'Roll-Girl Formations,Final,1,313,4,-75,3,4,3,-8,0,110,DF,0.5,0.5,1,0,0,0,0,0,0,-1,-1
1306,E,,Rock'n'Roll-Girl Formations,Final,1,313,4,-75,3,4,3,-8,0,110,FM,0.5,0.5,0.5,0,0,0,0,0,0,-1,-1
1306,E,,Rock'n'Roll-Girl Formations,Final,2,37,4,-15,10,10,7.5,0,0,110,DF,1.5,1.5,2,0,0,0,0,0,0,-1,-1
1306,E,,Rock'n'Roll-Girl Formations,Final,2,37,4,-15,10,10,7.5,0,0,110,FM,1.5,1.5,2,0,0,0,0,0,0,-1,-1
1306,E,,Rock'n'Roll-Girl Formations,Final,2,37,4,-15,10,10,7.5,0,0,110,CO,1.5,2,1.5,0,0,0,0,0,0,-1,-1
1306,E,,Rock'n'Roll-Girl Formations,Final,3,65,4,-50,8,8,6,0,0,110,DF,1.5,1,1.5,0,0,0,0,0,0,-1,-1
1306,E,,Rock'n'Roll-Girl Formations,Final,3,65,4,-50,8,8,6,0,0,110,FM,1,1.5,1.5,0,0,0,0,0,0,-1,-1
1306,E,,Rock'n'Roll-Girl Formations,Final,3,65,4,-50,8,8,6,0,0,110,CO,1,1.5,1.5,0,0,0,0,0,0,-1,-1
1306,E,,Rock'n'Roll-Girl Formations,Final,4,144,4,-25,8,9,6,0,0,110,CO,1.5,1,1.5,0,0,0,0,0,0,-1,-1
1306,E,,Rock'n'Roll-Girl Formations,Final,4,144,4,-25,8,9,6,0,0,110,DF,1.5,1,2,0,0,0,0,0,0,-1,-1
1306,E,,Rock'n'Roll-Girl Formations,Final,4,144,4,-25,8,9,6,0,0,110,FM,1,1.5,1.5,0,0,0,0,0,0,-1,-1
1306,E,,Rock'n'Roll-Girl Formations,Final,5,67,4,-50,5,5,4.5,-2,0,110,CO,1,1,1,0,0,0,0,0,0,-1,-1
1306,E,,Rock'n'Roll-Girl Formations,Final,5,67,4,-50,5,5,4.5,-2,0,110,DF,0.5,1,1,0,0,0,0,0,0,-1,-1
1306,E,,Rock'n'Roll-Girl Formations,Final,5,67,4,-50,5,5,4.5,-2,0,110,FM,0.5,1,1,0,0,0,0,0,0,-1,-1
1306,F,,Rock'n'Roll-Girl Formations,Final,1,313,5,-50,6,4,3.75,-4,0,110,CO,0.5,1,1,0,0,0,0,0,0,-1,-1
1306,F,,Rock'n'Roll-Girl Formations,Final,1,313,5,-50,6,4,3.75,-4,0,110,FM,1,1,1,0,0,0,0,0,0,-1,-1
1306,F,,Rock'n'Roll-Girl Formations,Final,1,313,5,-50,6,4,3.75,-4,0,110,DF,0.5,0.5,1,0,0,0,0,0,0,-1,-1
1306,F,,Rock'n'Roll-Girl Formations,Final,2,37,5,-15,11,10,9,0,0,110,CO,2,2,2,0,0,0,0,0,0,-1,-1
1306,F,,Rock'n'Roll-Girl Formations,Final,2,37,5,-15,11,10,9,0,0,110,DF,1.5,2,1.5,0,0,0,0,0,0,-1,-1
1306,F,,Rock'n'Roll-Girl Formations,Final,2,37,5,-15,11,10,9,0,0,110,FM,1.5,2,2,0,0,0,0,0,0,-1,-1
1306,F,,Rock'n'Roll-Girl Formations,Final,3,65,5,-25,9,9,6.75,-2,0,110,CO,1.5,1.5,1.5,0,0,0,0,0,0,-1,-1
1306,F,,Rock'n'Roll-Girl Formations,Final,3,65,5,-25,9,9,6.75,-2,0,110,DF,1.5,1.5,1.5,0,0,0,0,0,0,-1,-1
1306,F,,Rock'n'Roll-Girl Formations,Final,3,65,5,-25,9,9,6.75,-2,0,110,FM,1.5,2,1,0,0,0,0,0,0,-1,-1
1306,F,,Rock'n'Roll-Girl Formations,Final,4,144,5,-25,7,9,5.25,0,0,110,DF,1.5,1.5,1.5,0,0,0,0,0,0,-1,-1
1306,F,,Rock'n'Roll-Girl Formations,Final,4,144,5,-25,7,9,5.25,0,0,110,FM,1,1.5,1,0,0,0,0,0,0,-1,-1
1306,F,,Rock'n'Roll-Girl Formations,Final,4,144,5,-25,7,9,5.25,0,0,110,CO,1.5,1,1,0,0,0,0,0,0,-1,-1
1306,F,,Rock'n'Roll-Girl Formations,Final,5,67,5,-35,7,5,6,-2,0,110,DF,0.5,1,1,0,0,0,0,0,0,-1,-1
1306,F,,Rock'n'Roll-Girl Formations,Final,5,67,5,-35,7,5,6,-2,0,110,FM,1,1.5,1,0,0,0,0,0,0,-1,-1
1306,F,,Rock'n'Roll-Girl Formations,Final,5,67,5,-35,7,5,6,-2,0,110,CO,1,1.5,1.5,0,0,0,0,0,0,-1,-1
1308,B,,Rock'n'Roll-Juniors,Final,1,363,1,-15,8.5,11,11,0,0,110,CO,2,1.5,2,0,0,0,0,0,2.75,-1,-1
1308,B,,Rock'n'Roll-Juniors,Final,1,363,1,-15,8.5,11,11,0,0,110,DF,2,2,1.5,0,0,0,0,0,2.75,-1,-1
1308,B,,Rock'n'Roll-Juniors,Final,2,364,1,-25,7.5,10,12,0,0,110,CO,2,1.5,2,0,0,0,0,0,2.75,-1,-1
1308,B,,Rock'n'Roll-Juniors,Final,2,364,1,-25,7.5,10,12,0,0,110,CO,2,2,2,0,0,0,0,0,2.75,-1,-1
1308,B,,Rock'n'Roll-Juniors,Final,2,364,1,-25,7.5,10,12,0,0,110,DF,2,1.5,1.5,0,0,0,0,0,2.75,-1,-1
1308,B,,Rock'n'Roll-Juniors,Final,3,142,1,-35,6.5,8,8,-4,0,110,CO,1.5,1,1.5,0,0,0,0,0,1.75,-1,-1
1308,B,,Rock'n'Roll-Juniors,Final,3,142,1,-35,6.5,8,8,-4,0,110,DF,1.5,1,1.5,0,0,0,0,0,1.75,-1,-1
1308,B,,Rock'n'Roll-Juniors,Final,3,142,1,-35,6.5,8,8,-4,0,110,CO,1,1,1.5,0,0,0,0,0,1.75,-1,-1
1308,B,,Rock'n'Roll-Juniors,Final,4,371,1,-35,6.5,8,9,0,0,110,CO,2,1,1.5,0,0,0,0,0,2.25,-1,-1
1308,B,,Rock'n'Roll-Juniors,Final,4,371,1,-35,6.5,8,9,0,0,110,DF,1.5,1,1.5,0,0,0,0,0,2.25,-1,-1
1308,B,,Rock'n'Roll-Juniors,Final,4,371,1,-35,6.5,8,9,0,0,110,CO,1.5,1.5,1.5,0,0,0,0,0,2.25,-1,-1
1308,B,,Rock'n'Roll-Juniors,Final,5,494,1,-5,9.5,13,13,0,0,110,CO,2,2,2,0,0,0,0,0,3,-1,-1
1308,B,,Rock'n'Roll-Juniors,Final,5,494,1,-5,9.5,13,13,0,0,110,CO,2.5,2,2,0,0,0,0,0,3,-1,-1
1308,B,,Rock'n'Roll-Juniors,Final,5,494,1,-5,9.5,13,13,0,0,110,DF,2.5,2,2,0,0,0,0,0,3,-1,-1
1308,C,,Rock'n'Roll-Juniors,Final,1,363,2,-5,9.5,11,11,0,0,110,CO,1.5,2,2,0,0,0,0,0,2.75,-1,-1
1308,C,,Rock'n'Roll-Juniors,Final,1,363,2,-5,9.5,11,11,0,0,110,DF,1.5,2,2,0,0,0,0,0,2.75,-1,-1
1308,C,,Rock'n'Roll-Juniors,Final,2,364,2,-35,7.5,10,11,0,0,110,CO,2,2,1.5,0,0,0,0,0,2.75,-1,-1
1308,C,,Rock'n'Roll-Juniors,Final,2,364,2,-35,7.5,10,11,0,0,110,DF,2,1.5,1.5,0,0,0,0,0,2.75,-1,-1
1308,C,,Rock'n'Roll-Juniors,Final,2,364,2,-35,7.5,10,11,0,0,110,CO,2,1.5,2,0,0,0,0,0,2.75,-1,-1
1308,C,,Rock'n'Roll-Juniors,Final,3,142,2,-75,2.5,8,8,-4,0,110,CO,1.5,1,2,0,0,0,0,0,2.25,-1,-1
1308,C,,Rock'n'Roll-Juniors,Final,3,142,2,-75,2.5,8,8,-4,0,110,DF,1.5,1,1.5,0,0,0,0,0,2.25,-1,-1
1308,C,,Rock'n'Roll-Juniors,Final,3,142,2,-75,2.5,8,8,-4,0,110,CO,1.5,1,1.5,0,0,0,0,0,2.25,-1,-1
1308,C,,Rock'n'Roll-Juniors,Final,4,371,2,-35,6.5,7,6,0,0,110,CO,1,1,1,0,0,0,0,0,2.25,-1,-1
1308,C,,Rock'n'Roll-Juniors,Final,4,371,2,-35,6.5,7,6,0,0,110,CO,1.5,1,2,0,0,0,0,0,2.25,-1,-1
1308,C,,Rock'n'Roll-Juniors,Final,4,371,2,-35,6.5,7,6,0,0,110,DF,1.5,0.5,1.5,0,0,0,0,0,2.25,-1,-1
1308,C,,Rock'n'Roll-Juniors,Final,5,494,2,-5,10,11,13,0,0,110,DF,2,2,1.5,0,0,0,0,0,2.75,-1,-1
1308,C,,Rock'n'Roll-Juniors,Final,5,494,2,-5,10,11,13,0,0,110,CO,2,1.5,2,0,0,0,0,0,2.75,-1,-1
1308,C,,Rock'n'Roll-Juniors,Final,5,494,2,-5,10,11,13,0,0,110,CO,2,2.5,2,0,0,0,0,0,2.75,-1,-1
1308,D,,Rock'n'Roll-Juniors,Final,1,363,3,-15,8.5,12,12,0,0,110,DF,2,2,2,0,0,0,0,0,2.75,-1,-1
1308,D,,Rock'n'Roll-Juniors,Final,1,363,3,-15,8.5,12,12,0,0,110,CO,2,2,2,0,0,0,0,0,2.75,-1,-1
1308,D,,Rock'n'Roll-Juniors,Final,1,363,3,-15,8.5,12,12,0,0,110,CO,2,1.5,2,0,0,0,0,0,2.75,-1,-1
1308,D,,Rock'n'Roll-Juniors,Final,2,364,3,-25,7.5,10,10,0,0,110,CO,1,2,2,0,0,0,0,0,2.25,-1,-1
1308,D,,Rock'n'Roll-Juniors,Final,2,364,3,-25,7.5,10,10,0,0,110,CO,1.5,1.5,1.5,0,0,0,0,0,2.25,-1,-1
1308,D,,Rock'n'Roll-Juniors,Final,2,364,3,-25,7.5,10,10,0,0,110,DF,1.5,2,1.5,0,0,0,0,0,2.25,-1,-1
1308,D,,Rock'n'Roll-Juniors,Final,3,142,3,-50,6.5,8,10,-2,0,110,CO,1,1,1.5,0,0,0,0,0,1.75,-1,-1
1308,D,,Rock'n'Roll-Juniors,Final,3,142,3,-50,6.5,8,10,-2,0,110,CO,1.5,1.5,2,0,0,0,0,0,1.75,-1,-1
1308,D,,Rock'n'Roll-Juniors,Final,3,142,3,-50,6.5,8,10,-2,0,110,DF,1.5,1,1.5,0,0,0,0,0,1.75,-1,-1
1308,D,,Rock'n'Roll-Juniors,Final,4,371,3,-50,5,7,8,0,0,110,CO,1.5,1.5,1,0,0,0,0,0,1.25,-1,-1
1308,D,,Rock'n'Roll-Juniors,Final,4,371,3,-50,5,7,8,0,0,110,DF,1.5,1,1,0,0,0,0,0,1.25,-1,-1
1308,D,,Rock'n'Roll-Juniors,Final,4,371,3,-50,5,7,8,0,0,110,CO,1,0.5,1,0,0,0,0,0,1.25,-1,-1
1308,D,,Rock'n'Roll-Juniors,Final,5,494,3,-35,7.5,10,9,0,0,110,CO,1.5,1.5,1.5,0,0,0,0,0,2.25,-1,-1
1308,D,,Rock'n'Roll-Juniors,Final,5,494,3,-35,7.5,10,9,0,0,110,DF,1.5,2,1.5,0,0,0,0,0,2.25,-1,-1
1308,D,,Rock'n'Roll-Juniors,Final,5,494,3,-35,7.5,10,9,0,0,110,CO,1,1.5,2,0,0,0,0,0,2.25,-1,-1
1308,E,,Rock'n'Roll-Juniors,Final,1,363,4,-15,8.5,10,12,0,0,110,CO,1.5,2,1.5,0,0,0,0,0,2.5,-1,-1
1308,E,,Rock'n'Roll-Juniors,Final,1,363,4,-15,8.5,10,12,0,0,110,CO,2,2,2,0,0,0,0,0,2.5,-1,-1
1308,E,,Rock'n'Roll-Juniors,Final,1,363,4,-15,8.5,10,12,0,0,110,DF,1.5,2,1.5,0,0,0,0,0,2.5,-1,-1
1308,E,,Rock'n'Roll-Juniors,Final,2,364,4,-25,8.5,10,10,0,0,110,CO,1.5,2,1.5,0,0,0,0,0,2.75,-1,-1
1308,E,,Rock'n'Roll-Juniors,Final,2,364,4,-25,8.5,10,10,0,0,110,CO,2,1.5,2,0,0,0,0,0,2.75,-1,-1
1308,E,,Rock'n'Roll-Juniors,Final,2,364,4,-25,8.5,10,10,0,0,110,DF,2,1.5,1.5,0,0,0,0,0,2.75,-1,-1
1308,E,,Rock'n'Roll-Juniors,Final,3,142,4,-50,6.5,7,6,-2,0,110,DF,1,1,1.5,0,0,0,0,0,2,-1,-1
1308,E,,Rock'n'Roll-Juniors,Final,3,142,4,-50,6.5,7,6,-2,0,110,CO,1,1,1,0,0,0,0,0,2,-1,-1
1308,E,,Rock'n'Roll-Juniors,Final,3,142,4,-50,6.5,7,6,-2,0,110,CO,1.5,1,1.5,0,0,0,0,0,2,-1,-1
1308,E,,Rock'n'Roll-Juniors,Final,4,371,4,-50,5,6,6,0,0,110,CO,1,1,1,0,0,0,0,0,2,-1,-1
1308,E,,Rock'n'Roll-Juniors,Final,4,371,4,-50,5,6,6,0,0,110,CO,1,1,2,0,0,0,0,0,2,-1,-1
1308,E,,Rock'n'Roll-Juniors,Final,4,371,4,-50,5,6,6,0,0,110,DF,1,1,1,0,0,0,0,0,2,-1,-1
1308,E,,Rock'n'Roll-Juniors,Final,5,494,4,-15,8.5,12,12,0,0,110,CO,1.5,2,2,0,0,0,0,0,2.75,-1,-1
1308,E,,Rock'n'Roll-Juniors,Final,5,494,4,-15,8.5,12,12,0,0,110,DF,2,2,2,0,0,0,0,0,2.75,-1,-1
1308,F,,Rock'n'Roll-Juniors,Final,1,363,5,-15,8.5,9,7,0,0,110,DF,1.5,1.5,1.5,0,0,0,0,0,2,-1,-1
1308,F,,Rock'n'Roll-Juniors,Final,1,363,5,-15,8.5,9,7,0,0,110,CO,1,1.5,1,0,0,0,0,0,2,-1,-1
1308,F,,Rock'n'Roll-Juniors,Final,1,363,5,-15,8.5,9,7,0,0,110,CO,1,2,1,0,0,0,0,0,2,-1,-1
1308,F,,Rock'n'Roll-Juniors,Final,2,364,5,-10,8.5,13,11,0,0,110,DF,2,1.5,2,0,0,0,0,0,2.5,-1,-1
1308,F,,Rock'n'Roll-Juniors,Final,2,364,5,-10,8.5,13,11,0,0,110,CO,1,2,2,0,0,0,0,0,2.5,-1,-1
1308,F,,Rock'n'Roll-Juniors,Final,2,364,5,-10,8.5,13,11,0,0,110,CO,2,2,1.5,0,0,0,0,0,2.5,-1,-1
1308,F,,Rock'n'Roll-Juniors,Final,3,142,5,-35,2.5,6,6,-2,0,110,CO,1,1,1,0,0,0,0,0,1.5,-1,-1
1308,F,,Rock'n'Roll-Juniors,Final,3,142,5,-35,2.5,6,6,-2,0,110,DF,0.5,1,1.5,0,0,0,0,0,1.5,-1,-1
1308,F,,Rock'n'Roll-Juniors,Final,4,371,5,-25,6.5,5,6,0,0,110,CO,1,1,1,0,0,0,0,0,1.5,-1,-1
1308,F,,Rock'n'Roll-Juniors,Final,4,371,5,-25,6.5,5,6,0,0,110,DF,1,0.5,1,0,0,0,0,0,1.5,-1,-1
1308,F,,Rock'n'Roll-Juniors,Final,5,494,5,-15,8.5,9,8,0,0,110,CO,1,1.5,1,0,0,0,0,0,1.75,-1,-1
1308,F,,Rock'n'Roll-Juniors,Final,5,494,5,-15,8.5,9,8,0,0,110,CO,1.5,1.5,1,0,0,0,0,0,1.75,-1,-1
1308,F,,Rock'n'Roll-Juniors,Final,5,494,5,-15,8.5,9,8,0,0,110,DF,1.5,1.5,1.5,0,0,0,0,0,1.75,-1,-1
1314,B,F,Rock'n'Roll-Main Class Contact Style,Final - Foot technique,1,458,1,-55,4.75,8.125,7,0,0,110,CO,2.5,2,2.5,0,0,0,0,0,0,-1,-1
1314,B,F,Rock'n'Roll-Main Class Contact Style,Final - Foot technique,1,458,1,-55,4.75,8.125,7,0,0,110,DF,2.5,2,2,0,0,0,0,0,0,-1,-1
1314,B,F,Rock'n'Roll-Main Class Contact Style,Final - Foot technique,2,181,1,-62.5,3.25,5,4.5,0,0,110,CO,1.5,1.5,1.5,0,0,0,0,0,0,-1,-1
1314,B,F,Rock'n'Roll-Main Class Contact Style,Final - Foot technique,2,181,1,-62.5,3.25,5,4.5,0,0,110,DF,1.5,1.5,1,0,0,0,0,0,0,-1,-1
1314,B,F,Rock'n'Roll-Main Class Contact Style,Final - Foot technique,3,71,1,-75,3.25,5,4,0,0,110,CO,1.5,1.5,1,0,0,0,0,0,0,-1,-1
1314,B,F,Rock'n'Roll-Main Class Contact Style,Final - Foot technique,3,71,1,-75,3.25,5,4,0,0,110,DF,1.5,1,1.5,0,0,0,0,0,0,-1,-1
1314,B,F,Rock'n'Roll-Main Class Contact Style,Final - Foot technique,4,362,1,-55,4.5,7.5,6,0,0,110,CO,2,2,2,0,0,0,0,0,0,-1,-1
1314,B,F,Rock'n'Roll-Main Class Contact Style,Final - Foot technique,4,362,1,-55,4.5,7.5,6,0,0,110,DF,2,2,2,0,0,0,0,0,0,-1,-1
1314,C,F,Rock'n'Roll-Main Class Contact Style,Final - Foot technique,1,458,2,-55,4.75,7.5,5.5,0,0,110,CO,2,2,1.5,0,0,0,0,0,0,-1,-1
1314,C,F,Rock'n'Roll-Main Class Contact Style,Final - Foot technique,1,458,2,-55,4.75,7.5,5.5,0,0,110,DF,2,2,2,0,0,0,0,0,0,-1,-1
1314,C,F,Rock'n'Roll-Main Class Contact Style,Final - Foot technique,2,181,2,-62.5,2.5,5,3.5,-2,0,110,CO,1,1.5,1,0,0,0,0,0,0,-1,-1
1314,C,F,Rock'n'Roll-Main Class Contact Style,Final - Foot technique,2,181,2,-62.5,2.5,5,3.5,-2,0,110,DF,0.5,1.5,2,0,0,0,0,0,0,-1,-1
1314,C,F,Rock'n'Roll-Main Class Contact Style,Final - Foot technique,3,71,2,-87.5,1.25,2.5,2,0,0,110,DF,0.5,0.5,1,0,0,0,0,0,0,-1,-1
1314,C,F,Rock'n'Roll-Main Class Contact Style,Final - Foot technique,3,71,2,-87.5,1.25,2.5,2,0,0,110,CO,1,0.5,0.5,0,0,0,0,0,0,-1,-1
1314,C,F,Rock'n'Roll-Main Class Contact Style,Final - Foot technique,4,362,2,-55,5,6.875,4,0,0,110,CO,1,1.5,1.5,0,0,0,0,0,0,-1,-1
1314,C,F,Rock'n'Roll-Main Class Contact Style,Final - Foot technique,4,362,2,-55,5,6.875,4,0,0,110,DF,1.5,2,2,0,0,0,0,0,0,-1,-1
1314,D,F,Rock'n'Roll-Main Class Contact Style,Final - Foot technique,1,458,3,-62.5,3.75,6.875,5.5,0,0,110,CO,1.5,2,2,0,0,0,0,0,0,-1,-1
1314,D,F,Rock'n'Roll-Main Class Contact Style,Final - Foot technique,1,458,3,-62.5,3.75,6.875,5.5,0,0,110,DF,2,2,1.5,0,0,0,0,0,0,-1,-1
1314,D,F,Rock'n'Roll-Main Class Contact Style,Final - Foot technique,2,181,3,-62.5,3.75,6.25,5,0,0,110,CO,1.5,1.5,2,0,0,0,0,0,0,-1,-1
1314,D,F,Rock'n'Roll-Main Class Contact Style,Final - Foot technique,2,181,3,-62.5,3.75,6.25,5,0,0,110,DF,1.5,2,1.5,0,0,0,0,0,0,-1,-1
1314,D,F,Rock'n'Roll-Main Class Contact Style,Final - Foot technique,3,71,3,-75,3.25,5.625,5,0,0,110,DF,1.5,1.5,1.5,0,0,0,0,0,0,-1,-1
1314,D,F,Rock'n'Roll-Main Class Contact Style,Final - Foot technique,3,71,3,-75,3.25,5.625,5,0,0,110,CO,1.5,2,1.5,0,0,0,0,0,0,-1,-1
1314,D,F,Rock'n'Roll-Main Class Contact Style,Final - Foot technique,4,362,3,-62.5,3.25,6.25,6,0,0,110,DF,1.5,2,1.5,0,0,0,0,0,0,-1,-1
1314,D,F,Rock'n'Roll-Main Class Contact Style,Final - Foot technique,4,362,3,-62.5,3.25,6.25,6,0,0,110,CO,2,2,2,0,0,0,0,0,0,-1,-1
1314,E,F,Rock'n'Roll-Main Class Contact Style,Final - Foot technique,1,458,4,-55,4.5,8.125,6.5,0,0,110,CO,2,2.5,2,0,0,0,0,0,0,-1,-1
1314,E,F,Rock'n'Roll-Main Class Contact Style,Final - Foot technique,1,458,4,-55,4.5,8.125,6.5,0,0,110,DF,2,2.5,2,0,0,0,0,0,0,-1,-1
1314,E,F,Rock'n'Roll-Main Class Contact Style,Final - Foot technique,2,181,4,-75,2.5,5,4.5,0,0,110,CO,1.5,1.5,1.5,0,0,0,0,0,0,-1,-1
1314,E,F,Rock'n'Roll-Main Class Contact Style,Final - Foot technique,2,181,4,-75,2.5,5,4.5,0,0,110,DF,1,1.5,1.5,0,0,0,0,0,0,-1,-1
1314,E,F,Rock'n'Roll-Main Class Contact Style,Final - Foot technique,3,71,4,-75,2.5,3.75,3,0,0,110,CO,1,1,1,0,0,0,0,0,0,-1,-1
1314,E,F,Rock'n'Roll-Main Class Contact Style,Final - Foot technique,3,71,4,-75,2.5,3.75,3,0,0,110,DF,1,1,1,0,0,0,0,0,0,-1,-1
1314,E,F,Rock'n'Roll-Main Class Contact Style,Final - Foot technique,4,362,4,-57.5,4.5,6.875,6,0,0,110,DF,1.5,2,2,0,0,0,0,0,0,-1,-1
1314,E,F,Rock'n'Roll-Main Class Contact Style,Final - Foot technique,4,362,4,-57.5,4.5,6.875,6,0,0,110,CO,1.5,2,2,0,0,0,0,0,0,-1,-1
1314,F,F,Rock'n'Roll-Main Class Contact Style,Final - Foot technique,1,458,5,-55,4.75,8.125,6.5,0,0,110,CO,2,2.5,2,0,0,0,0,0,0,-1,-1
1314,F,F,Rock'n'Roll-Main Class Contact Style,Final - Foot technique,1,458,5,-55,4.75,8.125,6.5,0,0,110,DF,2.5,2,2,0,0,0,0,0,0,-1,-1
1314,F,F,Rock'n'Roll-Main Class Contact Style,Final - Foot technique,2,181,5,-62.5,3.25,4.375,3.5,0,0,110,CO,1,1.5,1,0,0,0,0,0,0,-1,-1
1314,F,F,Rock'n'Roll-Main Class Contact Style,Final - Foot technique,2,181,5,-62.5,3.25,4.375,3.5,0,0,110,DF,1,1,1.5,0,0,0,0,0,0,-1,-1
1314,F,F,Rock'n'Roll-Main Class Contact Style,Final - Foot technique,3,71,5,-67.5,3.25,3.125,3,0,0,110,CO,1,1.5,0.5,0,0,0,0,0,0,-1,-1
1314,F,F,Rock'n'Roll-Main Class Contact Style,Final - Foot technique,3,71,5,-67.5,3.25,3.125,3,0,0,110,DF,0.5,1,1,0,0,0,0,0,0,-1,-1
1314,F,F,Rock'n'Roll-Main Class Contact Style,Final - Foot technique,4,362,5,-52.5,4.75,6.875,5.5,0,0,110,CO,2,2,1.5,0,0,0,0,0,0,-1,-1
1314,F,F,Rock'n'Roll-Main Class Contact Style,Final - Foot technique,4,362,5,-52.5,4.75,6.875,5.5,0,0,110,DF,2,2,1.5,0,0,0,0,0,0,-1,-1
1315,B,F,Rock'n'Roll-Main Class Free Style,Final - Foot technique,1,180,1,-57.5,4.75,6.875,6,0,0,110,CO,2,2,2,0,0,0,0,0,0,-1,-1
1315,B,F,Rock'n'Roll-Main Class Free Style,Final - Foot technique,1,180,1,-57.5,4.75,6.875,6,0,0,110,DF,2,2,1.5,0,0,0,0,0,0,-1,-1
1315,B,F,Rock'n'Roll-Main Class Free Style,Final - Foot technique,2,184,1,-62.5,3.75,6.25,5.5,-4,0,110,CO,2,1.5,2,0,0,0,0,0,0,-1,-1
1315,B,F,Rock'n'Roll-Main Class Free Style,Final - Foot technique,2,184,1,-62.5,3.75,6.25,5.5,-4,0,110,DF,2,1.5,1.5,0,0,0,0,0,0,-1,-1
1315,B,F,Rock'n'Roll-Main Class Free Style,Final - Foot technique,3,86,1,-62.5,3.25,6.25,5,0,0,110,CO,2,1.5,1.5,0,0,0,0,0,0,-1,-1
1315,B,F,Rock'n'Roll-Main Class Free Style,Final - Foot technique,3,86,1,-62.5,3.25,6.25,5,0,0,110,DF,1.5,2,1.5,0,0,0,0,0,0,-1,-1
1315,B,F,Rock'n'Roll-Main Class Free Style,Final - Foot technique,4,47,1,-55,4.25,6.875,5.5,0,0,110,CO,2,1.5,2,0,0,0,0,0,0,-1,-1
1315,B,F,Rock'n'Roll-Main Class Free Style,Final - Foot technique,4,47,1,-55,4.25,6.875,5.5,0,0,110,DF,2,2,1.5,0,0,0,0,0,0,-1,-1
1315,B,F,Rock'n'Roll-Main Class Free Style,Final - Foot technique,5,222,1,-67.5,2.5,5,4,0,0,110,CO,1.5,1,1.5,0,0,0,0,0,0,-1,-1
1315,B,F,Rock'n'Roll-Main Class Free Style,Final - Foot technique,5,222,1,-67.5,2.5,5,4,0,0,110,DF,1.5,1,1.5,0,0,0,0,0,0,-1,-1
1315,B,F,Rock'n'Roll-Main Class Free Style,Final - Foot technique,6,154,1,-62.5,3.25,6.25,4.5,-2,0,110,CO,1.5,1.5,1.5,0,0,0,0,0,0,-1,-1
1315,B,F,Rock'n'Roll-Main Class Free Style,Final - Foot technique,6,154,1,-62.5,3.25,6.25,4.5,-2,0,110,DF,2,1,2,0,0,0,0,0,0,-1,-1
1315,C,F,Rock'n'Roll-Main Class Free Style,Final - Foot technique,1,180,2,-62.5,4.5,4.375,5,0,0,110,DF,1,1.5,1,0,0,0,0,0,0,-1,-1
1315,C,F,Rock'n'Roll-Main Class Free Style,Final - Foot technique,1,180,2,-62.5,4.5,4.375,5,0,0,110,CO,1.5,2,1.5,0,0,0,0,0,0,-1,-1
1315,C,F,Rock'n'Roll-Main Class Free Style,Final - Foot technique,2,184,2,-62.5,4.25,3.75,2.5,0,0,110,CO,1,0.5,1,0,0,0,0,0,0,-1,-1
1315,C,F,Rock'n'Roll-Main Class Free Style,Final - Foot technique,2,184,2,-62.5,4.25,3.75,2.5,0,0,110,DF,1,1,1,0,0,0,0,0,0,-1,-1
1315,C,F,Rock'n'Roll-Main Class Free Style,Final - Foot technique,3,86,2,-67.5,2.5,3.75,3.5,0,0,110,CO,1,1,1.5,0,0,0,0,0,0,-1,-1
1315,C,F,Rock'n'Roll-Main Class Free Style,Final - Foot technique,3,86,2,-67.5,2.5,3.75,3.5,0,0,110,DF,0.5,1.5,1,0,0,0,0,0,0,-1,-1
1315,C,F,Rock'n'Roll-Main Class Free Style,Final - Foot technique,4,47,2,-62.5,4.25,4.375,5,0,0,110,CO,1.5,1.5,2,0,0,0,0,0,0,-1,-1
1315,C,F,Rock'n'Roll-Main Class Free Style,Final - Foot technique,4,47,2,-62.5,4.25,4.375,5,0,0,110,DF,1,1,1.5,0,0,0,0,0,0,-1,-1
1315,C,F,Rock'n'Roll-Main Class Free Style,Final - Foot technique,5,222,2,-67.5,2.5,3.75,3.5,-4,0,110,CO,1,1,1.5,0,0,0,0,0,0,-1,-1
1315,C,F,Rock'n'Roll-Main Class Free Style,Final - Foot technique,5,222,2,-67.5,2.5,3.75,3.5,-4,0,110,DF,0.5,1,1.5,0,0,0,0,0,0,-1,-1
1315,C,F,Rock'n'Roll-Main Class Free Style,Final - Foot technique,6,154,2,-57.5,3.25,3.75,3,-2,0,110,CO,1,1,1,0,0,0,0,0,0,-1,-1
1315,C,F,Rock'n'Roll-Main Class Free Style,Final - Foot technique,6,154,2,-57.5,3.25,3.75,3,-2,0,110,DF,1,0.5,1.5,0,0,0,0,0,0,-1,-1
1315,D,F,Rock'n'Roll-Main Class Free Style,Final - Foot technique,1,180,3,-57.5,4.5,6.875,6,0,0,110,CO,2,2,2,0,0,0,0,0,0,-1,-1
1315,D,F,Rock'n'Roll-Main Class Free Style,Final - Foot technique,1,180,3,-57.5,4.5,6.875,6,0,0,110,DF,2,2,1.5,0,0,0,0,0,0,-1,-1
1315,D,F,Rock'n'Roll-Main Class Free Style,Final - Foot technique,2,184,3,-62.5,4.25,5.625,6,0,0,110,CO,2,2,2,0,0,0,0,0,0,-1,-1
1315,D,F,Rock'n'Roll-Main Class Free Style,Final - Foot technique,2,184,3,-62.5,4.25,5.625,6,0,0,110,DF,1.5,1.5,1.5,0,0,0,0,0,0,-1,-1
1315,D,F,Rock'n'Roll-Main Class Free Style,Final - Foot technique,3,86,3,-67.5,3.25,6.25,5.5,0,0,110,CO,2,1.5,2,0,0,0,0,0,0,-1,-1
1315,D,F,Rock'n'Roll-Main Class Free Style,Final - Foot technique,3,86,3,-67.5,3.25,6.25,5.5,0,0,110,DF,1.5,2,1.5,0,0,0,0,0,0,-1,-1
1315,D,F,Rock'n'Roll-Main Class Free Style,Final - Foot technique,4,47,3,-62.5,3.75,5.625,6,0,0,110,CO,2,2,2,0,0,0,0,0,0,-1,-1
1315,D,F,Rock'n'Roll-Main Class Free Style,Final - Foot technique,4,47,3,-62.5,3.75,5.625,6,0,0,110,DF,1.5,1.5,1.5,0,0,0,0,0,0,-1,-1
1315,D,F,Rock'n'Roll-Main Class Free Style,Final - Foot technique,5,222,3,-67.5,3.25,5.625,5,0,0,110,CO,1.5,1.5,2,0,0,0,0,0,0,-1,-1
1315,D,F,Rock'n'Roll-Main Class Free Style,Final - Foot technique,5,222,3,-67.5,3.25,5.625,5,0,0,110,DF,1.5,1.5,1.5,0,0,0,0,0,0,-1,-1
1315,D,F,Rock'n'Roll-Main Class Free Style,Final - Foot technique,6,154,3,-67.5,3.75,5,4.5,0,0,110,CO,1.5,1.5,1.5,0,0,0,0,0,0,-1,-1
1315,D,F,Rock'n'Roll-Main Class Free Style,Final - Foot technique,6,154,3,-67.5,3.75,5,4.5,0,0,110,DF,1.5,1.5,1,0,0,0,0,0,0,-1,-1
1315,E,F,Rock'n'Roll-Main Class Free Style,Final - Foot technique,1,180,4,-62.5,4.25,5.625,5.5,0,0,110,DF,1.5,1.5,1.5,0,0,0,0,0,0,-1,-1
1315,E,F,Rock'n'Roll-Main Class Free Style,Final - Foot technique,1,180,4,-62.5,4.25,5.625,5.5,0,0,110,CO,1.5,2,2,0,0,0,0,0,0,-1,-1
1315,E,F,Rock'n'Roll-Main Class Free Style,Final - Foot technique,2,184,4,-62.5,3.75,5,5.5,-2,0,110,CO,2,2,1.5,0,0,0,0,0,0,-1,-1
1315,E,F,Rock'n'Roll-Main Class Free Style,Final - Foot technique,2,184,4,-62.5,3.75,5,5.5,-2,0,110,DF,1.5,1,1.5,0,0,0,0,0,0,-1,-1
1315,E,F,Rock'n'Roll-Main Class Free Style,Final - Foot technique,3,86,4,-75,1.25,4.375,4.5,0,0,110,CO,1.5,1.5,1.5,0,0,0,0,0,0,-1,-1
1315,E,F,Rock'n'Roll-Main Class Free Style,Final - Foot technique,3,86,4,-75,1.25,4.375,4.5,0,0,110,DF,1,1,1.5,0,0,0,0,0,0,-1,-1
1315,E,F,Rock'n'Roll-Main Class Free Style,Final - Foot technique,4,47,4,-62.5,3.75,7.5,6.5,0,0,110,CO,2,2,2,0,0,0,0,0,0,-1,-1
1315,E,F,Rock'n'Roll-Main Class Free Style,Final - Foot technique,4,47,4,-62.5,3.75,7.5,6.5,0,0,110,DF,2,2,2,0,0,0,0,0,0,-1,-1
1315,E,F,Rock'n'Roll-Main Class Free Style,Final - Foot technique,5,222,4,-75,1.25,5,4.5,-2,0,110,DF,1.5,1,1.5,0,0,0,0,0,0,-1,-1
1315,E,F,Rock'n'Roll-Main Class Free Style,Final - Foot technique,5,222,4,-75,1.25,5,4.5,-2,0,110,CO,1.5,1,1.5,0,0,0,0,0,0,-1,-1
1315,E,F,Rock'n'Roll-Main Class Free Style,Final - Foot technique,6,154,4,-57.5,4.25,6.25,5,-4,0,110,DF,1.5,1.5,2,0,0,0,0,0,0,-1,-1
1315,E,F,Rock'n'Roll-Main Class Free Style,Final - Foot technique,6,154,4,-57.5,4.25,6.25,5,-4,0,110,CO,1.5,1.5,1.5,0,0,0,0,0,0,-1,-1
1315,F,F,Rock'n'Roll-Main Class Free Style,Final - Foot technique,1,180,5,-62.5,4.5,6.875,4.5,0,0,110,CO,1.5,1.5,1.5,0,0,0,0,0,0,-1,-1
1315,F,F,Rock'n'Roll-Main Class Free Style,Final - Foot technique,1,180,5,-62.5,4.5,6.875,4.5,0,0,110,DF,2,2,1.5,0,0,0,0,0,0,-1,-1
1315,F,F,Rock'n'Roll-Main Class Free Style,Final - Foot technique,2,184,5,-57.5,4.25,5,4,0,0,110,CO,1.5,1.5,1,0,0,0,0,0,0,-1,-1
1315,F,F,Rock'n'Roll-Main Class Free Style,Final - Foot technique,2,184,5,-57.5,4.25,5,4,0,0,110,DF,1.5,1.5,1,0,0,0,0,0,0,-1,-1
1315,F,F,Rock'n'Roll-Main Class Free Style,Final - Foot technique,3,86,5,-57.5,4.25,6.25,4,0,0,110,CO,1.5,1,1.5,0,0,0,0,0,0,-1,-1
1315,F,F,Rock'n'Roll-Main Class Free Style,Final - Foot technique,3,86,5,-57.5,4.25,6.25,4,0,0,110,DF,2,1.5,1.5,0,0,0,0,0,0,-1,-1
1315,F,F,Rock'n'Roll-Main Class Free Style,Final - Foot technique,4,47,5,-57.5,4.25,6.25,4.5,0,0,110,DF,1.5,1.5,2,0,0,0,0,0,0,-1,-1
1315,F,F,Rock'n'Roll-Main Class Free Style,Final - Foot technique,4,47,5,-57.5,4.25,6.25,4.5,0,0,110,CO,1.5,1.5,1.5,0,0,0,0,0,0,-1,-1
1315,F,F,Rock'n'Roll-Main Class Free Style,Final - Foot technique,5,222,5,-57.5,2.5,5,3.5,0,0,110,CO,1.5,1,1,0,0,0,0,0,0,-1,-1
1315,F,F,Rock'n'Roll-Main Class Free Style,Final - Foot technique,5,222,5,-57.5,2.5,5,3.5,0,0,110,DF,1.5,1,1.5,0,0,0,0,0,0,-1,-1
1315,F,F,Rock'n'Roll-Main Class Free Style,Final - Foot technique,6,154,5,-62.5,3.25,6.25,4,-2,0,110,CO,1.5,1.5,1,0,0,0,0,0,0,-1,-1
1315,F,F,Rock'n'Roll-Main Class Free Style,Final - Foot technique,6,154,5,-62.5,3.25,6.25,4,-2,0,110,DF,1.5,2,1.5,0,0,0,0,0,0,-1,-1
1316,B,F,Rock'n'Roll-Main Class Start,Final,1,372,1,-35,7.5,12.5,11,0,0,110,CO,2,1.5,2,0,0,0,0,0,0,-1,-1
1316,B,F,Rock'n'Roll-Main Class Start,Final,1,372,1,-35,7.5,12.5,11,0,0,110,DF,2,1.5,1.5,0,0,0,0,0,0,-1,-1
1316,B,F,Rock'n'Roll-Main Class Start,Final,2,52,1,-50,5,7.5,7,-4,0,110,CO,1.5,1,1,0,0,0,0,0,0,-1,-1
1316,B,F,Rock'n'Roll-Main Class Start,Final,2,52,1,-50,5,7.5,7,-4,0,110,DF,1,1,1,0,0,0,0,0,0,-1,-1
1316,B,F,Rock'n'Roll-Main Class Start,Final,3,116,1,-50,5,8.75,8,-2,0,110,CO,1.5,1.5,1,0,0,0,0,0,0,-1,-1
1316,B,F,Rock'n'Roll-Main Class Start,Final,3,116,1,-50,5,8.75,8,-2,0,110,DF,1,1,1.5,0,0,0,0,0,0,-1,-1
1316,B,F,Rock'n'Roll-Main Class Start,Final,4,28,1,-35,6.5,10,6,-2,0,110,CO,1,1,1,0,0,0,0,0,0,-1,-1
1316,B,F,Rock'n'Roll-Main Class Start,Final,4,28,1,-35,6.5,10,6,-2,0,110,DF,1.5,1,1.5,0,0,0,0,0,0,-1,-1
1316,B,F,Rock'n'Roll-Main Class Start,Final,5,172,1,-35,6.5,10,8,0,0,110,CO,1.5,1.5,1,0,0,0,0,0,0,-1,-1
1316,B,F,Rock'n'Roll-Main Class Start,Final,5,172,1,-35,6.5,10,8,0,0,110,DF,1.5,1,1.5,0,0,0,0,0,0,-1,-1
1316,B,F,Rock'n'Roll-Main Class Start,Final,6,387,1,-15,6.5,13.75,10,0,0,110,CO,2,1.5,1.5,0,0,0,0,0,0,-1,-1
1316,B,F,Rock'n'Roll-Main Class Start,Final,6,387,1,-15,6.5,13.75,10,0,0,110,DF,2,1.5,2,0,0,0,0,0,0,-1,-1
1316,E,F,Rock'n'Roll-Main Class Start,Final,1,372,4,-75,6.5,8.75,10,0,0,110,CO,1.5,1.5,2,0,0,0,0,0,0,-1,-1
1316,E,F,Rock'n'Roll-Main Class Start,Final,1,372,4,-75,6.5,8.75,10,0,0,110,DF,1,1,1.5,0,0,0,0,0,0,-1,-1
1316,E,F,Rock'n'Roll-Main Class Start,Final,2,52,4,-75,2.5,7.5,7,0,-10,110,CO,1,1,1.5,0,0,0,0,0,0,-1,-1
1316,E,F,Rock'n'Roll-Main Class Start,Final,2,52,4,-75,2.5,7.5,7,0,-10,110,DF,1,1,1,0,0,0,0,0,0,-1,-1
1316,E,F,Rock'n'Roll-Main Class Start,Final,3,116,4,-75,2.5,8.75,6,0,0,110,CO,1,1,1,0,0,0,0,0,0,-1,-1
1316,E,F,Rock'n'Roll-Main Class Start,Final,3,116,4,-75,2.5,8.75,6,0,0,110,DF,1,1,1.5,0,0,0,0,0,0,-1,-1
1316,E,F,Rock'n'Roll-Main Class Start,Final,4,28,4,-50,5,7.5,6,0,0,110,DF,1,1,1,0,0,0,0,0,0,-1,-1
1316,E,F,Rock'n'Roll-Main Class Start,Final,4,28,4,-50,5,7.5,6,0,0,110,CO,1,1,1,0,0,0,0,0,0,-1,-1
1316,E,F,Rock'n'Roll-Main Class Start,Final,5,172,4,-50,5,8.75,6,0,0,110,CO,1,1,1,0,0,0,0,0,0,-1,-1
1316,E,F,Rock'n'Roll-Main Class Start,Final,5,172,4,-50,5,8.75,6,0,0,110,DF,1,1,1.5,0,0,0,0,0,0,-1,-1
1316,E,F,Rock'n'Roll-Main Class Start,Final,6,387,4,-35,5,11.25,9,0,0,110,CO,1.5,1.5,1.5,0,0,0,0,0,0,-1,-1
1316,E,F,Rock'n'Roll-Main Class Start,Final,6,387,4,-35,5,11.25,9,0,0,110,DF,1.5,1.5,1.5,0,0,0,0,0,0,-1,-1
1316,F,F,Rock'n'Roll-Main Class Start,Final,1,372,5,-35,8.5,8.75,6,0,0,110,CO,1,1,1,0,0,0,0,0,0,-1,-1
1316,F,F,Rock'n'Roll-Main Class Start,Final,1,372,5,-35,8.5,8.75,6,0,0,110,DF,1,1.5,1,0,0,0,0,0,0,-1,-1
1316,F,F,Rock'n'Roll-Main Class Start,Final,2,52,5,-35,6.5,7.5,6,-2,0,110,DF,1,1,1,0,0,0,0,0,0,-1,-1
1316,F,F,Rock'n'Roll-Main Class Start,Final,2,52,5,-35,6.5,7.5,6,-2,0,110,CO,1,1,1,0,0,0,0,0,0,-1,-1
1316,F,F,Rock'n'Roll-Main Class Start,Final,3,116,5,-25,6.5,7.5,7,0,0,110,CO,1,1.5,1,0,0,0,0,0,0,-1,-1
1316,F,F,Rock'n'Roll-Main Class Start,Final,3,116,5,-25,6.5,7.5,7,0,0,110,DF,1,1,1,0,0,0,0,0,0,-1,-1
1316,F,F,Rock'n'Roll-Main Class Start,Final,4,28,5,-25,6.5,8.75,7,0,-10,110,CO,1,1.5,1,0,0,0,0,0,0,-1,-1
1316,F,F,Rock'n'Roll-Main Class Start,Final,4,28,5,-25,6.5,8.75,7,0,-10,110,DF,1,1.5,1,0,0,0,0,0,0,-1,-1
1316,F,F,Rock'n'Roll-Main Class Start,Final,5,172,5,-25,6.5,8.75,6,0,0,110,CO,1,1,1,0,0,0,0,0,0,-1,-1
1316,F,F,Rock'n'Roll-Main Class Start,Final,5,172,5,-25,6.5,8.75,6,0,0,110,DF,1,1.5,1,0,0,0,0,0,0,-1,-1
1316,F,F,Rock'n'Roll-Main Class Start,Final,6,387,5,-15,6.5,8.75,7,0,0,110,CO,1.5,1,1,0,0,0,0,0,0,-1,-1
1316,F,F,Rock'n'Roll-Main Class Start,Final,6,387,5,-15,6.5,8.75,7,0,0,110,DF,1.5,1,1,0,0,0,0,0,0,-1,-1
1317,B,,Rock'n'Roll-Ladies Formations,Final,1,77,1,-15,11,12,9,0,0,110,FM,2,1.5,2,0,0,0,0,0,0,-1,-1
1317,B,,Rock'n'Roll-Ladies Formations,Final,1,77,1,-15,11,12,9,0,0,110,CO,2,2,2,0,0,0,0,0,0,-1,-1
1317,B,,Rock'n'Roll-Ladies Formations,Final,1,77,1,-15,11,12,9,0,0,110,DF,2,2,2,0,0,0,0,0,0,-1,-1
1317,B,,Rock'n'Roll-Ladies Formations,Final,2,104,1,-25,10,11,8.25,0,0,110,FM,1.5,2,1.5,0,0,0,0,0,0,-1,-1
1317,B,,Rock'n'Roll-Ladies Formations,Final,2,104,1,-25,10,11,8.25,0,0,110,CO,2,2,1.5,0,0,0,0,0,0,-1,-1
1317,B,,Rock'n'Roll-Ladies Formations,Final,2,104,1,-25,10,11,8.25,0,0,110,DF,2,2,1.5,0,0,0,0,0,0,-1,-1
1317,B,,Rock'n'Roll-Ladies Formations,Final,3,208,1,-10,13,13,9.75,0,0,110,CO,2.5,2,2,0,0,0,0,0,0,-1,-1
1317,B,,Rock'n'Roll-Ladies Formations,Final,3,208,1,-10,13,13,9.75,0,0,110,DF,2,2.5,2,0,0,0,0,0,0,-1,-1
1317,B,,Rock'n'Roll-Ladies Formations,Final,3,208,1,-10,13,13,9.75,0,0,110,FM,2.5,2,2,0,0,0,0,0,0,-1,-1
1317,C,,Rock'n'Roll-Ladies Formations,Final,1,77,2,-15,11,9,7.5,0,0,110,CO,1.5,1.5,2,0,0,0,0,0,0,-1,-1
1317,C,,Rock'n'Roll-Ladies Formations,Final,1,77,2,-15,11,9,7.5,0,0,110,DF,1.5,1.5,1.5,0,0,0,0,0,0,-1,-1
1317,C,,Rock'n'Roll-Ladies Formations,Final,1,77,2,-15,11,9,7.5,0,0,110,FM,2,1.5,2,0,0,0,0,0,0,-1,-1
1317,C,,Rock'n'Roll-Ladies Formations,Final,2,104,2,-10,12,12,9,0,0,110,DF,2,2,2,0,0,0,0,0,0,-1,-1
1317,C,,Rock'n'Roll-Ladies Formations,Final,2,104,2,-10,12,12,9,0,0,110,FM,2,2,2,0,0,0,0,0,0,-1,-1
1317,C,,Rock'n'Roll-Ladies Formations,Final,2,104,2,-10,12,12,9,0,0,110,CO,2,2,2,0,0,0,0,0,0,-1,-1
1317,C,,Rock'n'Roll-Ladies Formations,Final,3,208,2,-5,13,13,8.25,0,0,110,CO,2,2,1.5,0,0,0,0,0,0,-1,-1
1317,C,,Rock'n'Roll-Ladies Formations,Final,3,208,2,-5,13,13,8.25,0,0,110,DF,2,2.5,2,0,0,0,0,0,0,-1,-1
1317,C,,Rock'n'Roll-Ladies Formations,Final,3,208,2,-5,13,13,8.25,0,0,110,FM,2,2,2.5,0,0,0,0,0,0,-1,-1
1317,D,,Rock'n'Roll-Ladies Formations,Final,1,77,3,-25,12,11,8.25,0,0,110,CO,1.5,2,2,0,0,0,0,0,0,-1,-1
1317,D,,Rock'n'Roll-Ladies Formations,Final,1,77,3,-25,12,11,8.25,0,0,110,DF,2,2,1.5,0,0,0,0,0,0,-1,-1
1317,D,,Rock'n'Roll-Ladies Formations,Final,1,77,3,-25,12,11,8.25,0,0,110,FM,2,2,2,0,0,0,0,0,0,-1,-1
1317,D,,Rock'n'Roll-Ladies Formations,Final,2,104,3,-25,9,11,8.25,0,0,110,FM,1.5,1.5,1.5,0,0,0,0,0,0,-1,-1
1317,D,,Rock'n'Roll-Ladies Formations,Final,2,104,3,-25,9,11,8.25,0,0,110,CO,1.5,2,2,0,0,0,0,0,0,-1,-1
1317,D,,Rock'n'Roll-Ladies Formations,Final,2,104,3,-25,9,11,8.25,0,0,110,DF,2,2,1.5,0,0,0,0,0,0,-1,-1
1317,D,,Rock'n'Roll-Ladies Formations,Final,3,208,3,-25,11,11,9,0,0,110,FM,2,2,1.5,0,0,0,0,0,0,-1,-1
1317,D,,Rock'n'Roll-Ladies Formations,Final,3,208,3,-25,11,11,9,0,0,110,CO,2,2,2,0,0,0,0,0,0,-1,-1
1317,D,,Rock'n'Roll-Ladies Formations,Final,3,208,3,-25,11,11,9,0,0,110,DF,2,2,1.5,0,0,0,0,0,0,-1,-1
1317,E,,Rock'n'Roll-Ladies Formations,Final,1,77,4,-15,12,11,8.25,0,0,110,CO,1.5,2,2,0,0,0,0,0,0,-1,-1
1317,E,,Rock'n'Roll-Ladies Formations,Final,1,77,4,-15,12,11,8.25,0,0,110,DF,1.5,2,2,0,0,0,0,0,0,-1,-1
1317,E,,Rock'n'Roll-Ladies Formations,Final,1,77,4,-15,12,11,8.25,0,0,110,FM,2,2,2,0,0,0,0,0,0,-1,-1
1317,E,,Rock'n'Roll-Ladies Formations,Final,2,104,4,-15,9,10,9,0,0,110,CO,2,2,2,0,0,0,0,0,0,-1,-1
1317,E,,Rock'n'Roll-Ladies Formations,Final,2,104,4,-15,9,10,9,0,0,110,DF,1.5,2,1.5,0,0,0,0,0,0,-1,-1
1317,E,,Rock'n'Roll-Ladies Formations,Final,2,104,4,-15,9,10,9,0,0,110,FM,1.5,1.5,1.5,0,0,0,0,0,0,-1,-1
1317,E,,Rock'n'Roll-Ladies Formations,Final,3,208,4,-10,13,12,9,0,0,110,FM,2,2,2,0,0,0,0,0,0,-1,-1
1317,E,,Rock'n'Roll-Ladies Formations,Final,3,208,4,-10,13,12,9,0,0,110,DF,2,2,2,0,0,0,0,0,0,-1,-1
1317,E,,Rock'n'Roll-Ladies Formations,Final,3,208,4,-10,13,12,9,0,0,110,CO,2,2,2,0,0,0,0,0,0,-1,-1
1317,F,,Rock'n'Roll-Ladies Formations,Final,1,77,5,-15,11,10,8.25,0,0,110,DF,1.5,2,1.5,0,0,0,0,0,0,-1,-1
1317,F,,Rock'n'Roll-Ladies Formations,Final,1,77,5,-15,11,10,8.25,0,0,110,FM,1.5,2,2,0,0,0,0,0,0,-1,-1
1317,F,,Rock'n'Roll-Ladies Formations,Final,1,77,5,-15,11,10,8.25,0,0,110,CO,2,2,1.5,0,0,0,0,0,0,-1,-1
1317,F,,Rock'n'Roll-Ladies Formations,Final,2,104,5,-15,12,13,9,0,0,110,CO,2,2.5,1.5,0,0,0,0,0,0,-1,-1
1317,F,,Rock'n'Roll-Ladies Formations,Final,2,104,5,-15,12,13,9,0,0,110,DF,2,2.5,2,0,0,0,0,0,0,-1,-1
1317,F,,Rock'n'Roll-Ladies Formations,Final,2,104,5,-15,12,13,9,0,0,110,FM,2,2,2,0,0,0,0,0,0,-1,-1
1317,F,,Rock'n'Roll-Ladies Formations,Final,3,208,5,-10,13,13,9.75,0,0,110,FM,2,2.5,2,0,0,0,0,0,0,-1,-1
1317,F,,Rock'n'Roll-Ladies Formations,Final,3,208,5,-10,13,13,9.75,0,0,110,CO,2,2.5,2,0,0,0,0,0,0,-1,-1
1317,F,,Rock'n'Roll-Ladies Formations,Final,3,208,5,-10,13,13,9.75,0,0,110,DF,2,2.5,2,0,0,0,0,0,0,-1,-1
1319,B,F,Rock'n'Roll-Main Class Contact Style,Final - Acrobatic,1,362,1,-57.5,4.25,6.875,5,0,0,110,CO,2,1.5,1.5,0,0,0,0,0,0,-1,-1
1319,B,F,Rock'n'Roll-Main Class Contact Style,Final - Acrobatic,1,362,1,-57.5,4.25,6.875,5,0,0,110,DF,2,2,1.5,0,0,0,0,0,0,-1,-1
1319,B,F,Rock'n'Roll-Main Class Contact Style,Final - Acrobatic,2,181,1,-62.5,3.25,5.625,4.5,0,0,110,CO,2,1,1.5,0,0,0,0,0,0,-1,-1
1319,B,F,Rock'n'Roll-Main Class Contact Style,Final - Acrobatic,2,181,1,-62.5,3.25,5.625,4.5,0,0,110,DF,1.5,1.5,1.5,0,0,0,0,0,0,-1,-1
1319,B,F,Rock'n'Roll-Main Class Contact Style,Final - Acrobatic,3,71,1,-67.5,3.25,4.375,4,0,0,110,CO,1.5,1.5,1,0,0,0,0,0,0,-1,-1
1319,B,F,Rock'n'Roll-Main Class Contact Style,Final - Acrobatic,3,71,1,-67.5,3.25,4.375,4,0,0,110,DF,1.5,1,1,0,0,0,0,0,0,-1,-1
1319,B,F,Rock'n'Roll-Main Class Contact Style,Final - Acrobatic,4,458,1,-55,4.75,8.125,6,0,0,110,CO,2,2,2,0,0,0,0,0,0,-1,-1
1319,B,F,Rock'n'Roll-Main Class Contact Style,Final - Acrobatic,4,458,1,-55,4.75,8.125,6,0,0,110,DF,2,2.5,2,0,0,0,0,0,0,-1,-1
1319,D,F,Rock'n'Roll-Main Class Contact Style,Final - Acrobatic,1,362,3,-57.5,4.25,6.25,5.5,0,0,110,CO,1.5,2,2,0,0,0,0,0,0,-1,-1
1319,D,F,Rock'n'Roll-Main Class Contact Style,Final - Acrobatic,1,362,3,-57.5,4.25,6.25,5.5,0,0,110,DF,1.5,2,1.5,0,0,0,0,0,0,-1,-1
1319,D,F,Rock'n'Roll-Main Class Contact Style,Final - Acrobatic,2,181,3,-62.5,3.75,4.375,4.5,0,0,110,CO,1,1.5,2,0,0,0,0,0,0,-1,-1
1319,D,F,Rock'n'Roll-Main Class Contact Style,Final - Acrobatic,2,181,3,-62.5,3.75,4.375,4.5,0,0,110,DF,1,1.5,1,0,0,0,0,0,0,-1,-1
1319,D,F,Rock'n'Roll-Main Class Contact Style,Final - Acrobatic,3,71,3,-75,2.5,4.375,3.5,0,0,110,CO,1,1,1.5,0,0,0,0,0,0,-1,-1
1319,D,F,Rock'n'Roll-Main Class Contact Style,Final - Acrobatic,3,71,3,-75,2.5,4.375,3.5,0,0,110,DF,1,1.5,1,0,0,0,0,0,0,-1,-1
1319,D,F,Rock'n'Roll-Main Class Contact Style,Final - Acrobatic,4,458,3,-62.5,3.75,6.25,5.5,0,0,110,CO,1.5,2,2,0,0,0,0,0,0,-1,-1
1319,D,F,Rock'n'Roll-Main Class Contact Style,Final - Acrobatic,4,458,3,-62.5,3.75,6.25,5.5,0,0,110,DF,1.5,1.5,2,0,0,0,0,0,0,-1,-1
1319,E,F,Rock'n'Roll-Main Class Contact Style,Final - Acrobatic,1,362,4,-57.5,4.25,6.25,5,0,0,110,CO,1.5,1.5,2,0,0,0,0,0,0,-1,-1
1319,E,F,Rock'n'Roll-Main Class Contact Style,Final - Acrobatic,1,362,4,-57.5,4.25,6.25,5,0,0,110,DF,1.5,2,1.5,0,0,0,0,0,0,-1,-1
1319,E,F,Rock'n'Roll-Main Class Contact Style,Final - Acrobatic,2,181,4,-67.5,2.5,5,4,-2,0,110,CO,1,1.5,1.5,0,0,0,0,0,0,-1,-1
1319,E,F,Rock'n'Roll-Main Class Contact Style,Final - Acrobatic,2,181,4,-67.5,2.5,5,4,-2,0,110,DF,1,1.5,1.5,0,0,0,0,0,0,-1,-1
1319,E,F,Rock'n'Roll-Main Class Contact Style,Final - Acrobatic,3,71,4,-87.5,1.25,3.75,3,0,0,110,CO,1,1,1,0,0,0,0,0,0,-1,-1
1319,E,F,Rock'n'Roll-Main Class Contact Style,Final - Acrobatic,3,71,4,-87.5,1.25,3.75,3,0,0,110,DF,1,1,1,0,0,0,0,0,0,-1,-1
1319,E,F,Rock'n'Roll-Main Class Contact Style,Final - Acrobatic,4,458,4,-57.5,4.25,7.5,5.5,0,0,110,DF,2,2,2,0,0,0,0,0,0,-1,-1
1319,E,F,Rock'n'Roll-Main Class Contact Style,Final - Acrobatic,4,458,4,-57.5,4.25,7.5,5.5,0,0,110,CO,2,2,1.5,0,0,0,0,0,0,-1,-1
1320,C,F,Rock'n'Roll-Main Class Free Style,Final - Acrobatic,1,47,2,-62.5,4.25,5.625,5,0,0,110,CO,1.5,2,1.5,0,0,0,0,0,0,-1,-1
1320,C,F,Rock'n'Roll-Main Class Free Style,Final - Acrobatic,1,47,2,-62.5,4.25,5.625,5,0,0,110,DF,2,1,1.5,0,0,0,0,0,0,-1,-1
1320,C,F,Rock'n'Roll-Main Class Free Style,Final - Acrobatic,2,180,2,-62.5,4.5,6.875,5,0,0,110,CO,1.5,2,1.5,0,0,0,0,0,0,-1,-1
1320,C,F,Rock'n'Roll-Main Class Free Style,Final - Acrobatic,2,180,2,-62.5,4.5,6.875,5,0,0,110,DF,1.5,2,2,0,0,0,0,0,0,-1,-1
1320,C,F,Rock'n'Roll-Main Class Free Style,Final - Acrobatic,3,222,2,-62.5,1.25,5,3.5,-2,0,110,CO,1,1,1.5,0,0,0,0,0,0,-1,-1
1320,C,F,Rock'n'Roll-Main Class Free Style,Final - Acrobatic,3,222,2,-62.5,1.25,5,3.5,-2,0,110,DF,1,1.5,1.5,0,0,0,0,0,0,-1,-1
1320,C,F,Rock'n'Roll-Main Class Free Style,Final - Acrobatic,4,184,2,-55,4.75,6.875,5,0,0,110,DF,2,2,1.5,0,0,0,0,0,0,-1,-1
1320,C,F,Rock'n'Roll-Main Class Free Style,Final - Acrobatic,4,184,2,-55,4.75,6.875,5,0,0,110,CO,1.5,2,1.5,0,0,0,0,0,0,-1,-1
1320,C,F,Rock'n'Roll-Main Class Free Style,Final - Acrobatic,5,154,2,-62.5,3.25,5,4.5,0,0,110,DF,1,1.5,1.5,0,0,0,0,0,0,-1,-1
1320,C,F,Rock'n'Roll-Main Class Free Style,Final - Acrobatic,5,154,2,-62.5,3.25,5,4.5,0,0,110,CO,1.5,1.5,1.5,0,0,0,0,0,0,-1,-1
1320,C,F,Rock'n'Roll-Main Class Free Style,Final - Acrobatic,6,86,2,-62.5,3.25,5.625,4,0,0,110,CO,1.5,1,1.5,0,0,0,0,0,0,-1,-1
1320,C,F,Rock'n'Roll-Main Class Free Style,Final - Acrobatic,6,86,2,-62.5,3.25,5.625,4,0,0,110,DF,1.5,1,2,0,0,0,0,0,0,-1,-1
1320,D,F,Rock'n'Roll-Main Class Free Style,Final - Acrobatic,1,47,3,-62.5,4.25,5,5.5,0,0,110,CO,1.5,2,2,0,0,0,0,0,0,-1,-1
1320,D,F,Rock'n'Roll-Main Class Free Style,Final - Acrobatic,1,47,3,-62.5,4.25,5,5.5,0,0,110,DF,1,1.5,1.5,0,0,0,0,0,0,-1,-1
1320,D,F,Rock'n'Roll-Main Class Free Style,Final - Acrobatic,2,180,3,-62.5,4.5,6.25,5.5,0,0,110,CO,1.5,2,2,0,0,0,0,0,0,-1,-1
1320,D,F,Rock'n'Roll-Main Class Free Style,Final - Acrobatic,2,180,3,-62.5,4.5,6.25,5.5,0,0,110,DF,1.5,2,1.5,0,0,0,0,0,0,-1,-1
1320,D,F,Rock'n'Roll-Main Class Free Style,Final - Acrobatic,3,222,3,-67.5,3.25,5.625,4.5,-2,-20,110,CO,1,1.5,2,0,0,0,0,0,0,-1,-1
1320,D,F,Rock'n'Roll-Main Class Free Style,Final - Acrobatic,3,222,3,-67.5,3.25,5.625,4.5,-2,-20,110,DF,1.5,1.5,1.5,0,0,0,0,0,0,-1,-1
1320,D,F,Rock'n'Roll-Main Class Free Style,Final - Acrobatic,4,184,3,-62.5,3.75,5,4.5,0,-30,110,CO,1,1.5,2,0,0,0,0,0,0,-1,-1
1320,D,F,Rock'n'Roll-Main Class Free Style,Final - Acrobatic,4,184,3,-62.5,3.75,5,4.5,0,-30,110,DF,1,1.5,1.5,0,0,0,0,0,0,-1,-1
1320,D,F,Rock'n'Roll-Main Class Free Style,Final - Acrobatic,5,154,3,-67.5,2.5,5,5,0,0,110,DF,1,1.5,1.5,0,0,0,0,0,0,-1,-1
1320,D,F,Rock'n'Roll-Main Class Free Style,Final - Acrobatic,5,154,3,-67.5,2.5,5,5,0,0,110,CO,1.5,1.5,2,0,0,0,0,0,0,-1,-1
1320,D,F,Rock'n'Roll-Main Class Free Style,Final - Acrobatic,6,86,3,-75,3.25,4.375,4.5,0,0,110,CO,1,1.5,2,0,0,0,0,0,0,-1,-1
1320,D,F,Rock'n'Roll-Main Class Free Style,Final - Acrobatic,6,86,3,-75,3.25,4.375,4.5,0,0,110,DF,1.5,1,1,0,0,0,0,0,0,-1,-1
1320,F,F,Rock'n'Roll-Main Class Free Style,Final - Acrobatic,1,47,5,-62.5,3.75,5.625,4.5,0,0,110,CO,1.5,1.5,1.5,0,0,0,0,0,0,-1,-1
1320,F,F,Rock'n'Roll-Main Class Free Style,Final - Acrobatic,1,47,5,-62.5,3.75,5.625,4.5,0,0,110,DF,1.5,1.5,1.5,0,0,0,0,0,0,-1,-1
1320,F,F,Rock'n'Roll-Main Class Free Style,Final - Acrobatic,2,180,5,-62.5,4.25,6.25,4,0,0,110,CO,1,1.5,1.5,0,0,0,0,0,0,-1,-1
1320,F,F,Rock'n'Roll-Main Class Free Style,Final - Acrobatic,2,180,5,-62.5,4.25,6.25,4,0,0,110,DF,1.5,2,1.5,0,0,0,0,0,0,-1,-1
1320,F,F,Rock'n'Roll-Main Class Free Style,Final - Acrobatic,3,222,5,-62.5,2.5,3.75,3,-4,0,110,DF,1,1,1,0,0,0,0,0,0,-1,-1
1320,F,F,Rock'n'Roll-Main Class Free Style,Final - Acrobatic,3,222,5,-62.5,2.5,3.75,3,-4,0,110,CO,1,1,1,0,0,0,0,0,0,-1,-1
1320,F,F,Rock'n'Roll-Main Class Free Style,Final - Acrobatic,4,184,5,-62.5,3.25,5,4,0,-10,110,CO,1,1.5,1.5,0,0,0,0,0,0,-1,-1
1320,F,F,Rock'n'Roll-Main Class Free Style,Final - Acrobatic,4,184,5,-62.5,3.25,5,4,0,-10,110,DF,1,1.5,1.5,0,0,0,0,0,0,-1,-1
1320,F,F,Rock'n'Roll-Main Class Free Style,Final - Acrobatic,5,154,5,-62.5,3.25,5,3,0,0,110,CO,1,1,1,0,0,0,0,0,0,-1,-1
1320,F,F,Rock'n'Roll-Main Class Free Style,Final - Acrobatic,5,154,5,-62.5,3.25,5,3,0,0,110,DF,1,1.5,1.5,0,0,0,0,0,0,-1,-1
1320,F,F,Rock'n'Roll-Main Class Free Style,Final - Acrobatic,6,86,5,-62.5,3.75,5,3.5,0,0,110,CO,1.5,1,1,0,0,0,0,0,0,-1,-1
1320,F,F,Rock'n'Roll-Main Class Free Style,Final - Acrobatic,6,86,5,-62.5,3.75,5,3.5,0,0,110,DF,1,1.5,1.5,0,0,0,0,0,0,-1,-1
1321,B,,Rock'n'Roll-Juveniles,First round,1,60,1,-35,6.5,11.25,7,0,0,110,CO,1.5,1,1,0,0,0,0,0,0,-1,-1
1321,B,,Rock'n'Roll-Juveniles,First round,1,60,1,-35,6.5,11.25,7,0,0,110,DF,1.5,1.5,1.5,0,0,0,0,0,0,-1,-1
1321,B,,Rock'n'Roll-Juveniles,First round,1,78,1,-15,8.5,13.75,10,0,0,110,CO,2,2,1,0,0,0,0,0,0,-1,-1
1321,B,,Rock'n'Roll-Juveniles,First round,1,78,1,-15,8.5,13.75,10,0,0,110,DF,2,2,1.5,0,0,0,0,0,0,-1,-1
1321,B,,Rock'n'Roll-Juveniles,First round,2,114,1,-35,5,11.25,7,0,0,110,DF,1.5,1.5,1.5,0,0,0,0,0,0,-1,-1
1321,B,,Rock'n'Roll-Juveniles,First round,2,491,1,-10,9,16.25,12,0,0,110,CO,2.5,2,1.5,0,0,0,0,0,0,-1,-1
1321,B,,Rock'n'Roll-Juveniles,First round,2,114,1,-35,5,11.25,7,0,0,110,CO,1.5,1,1,0,0,0,0,0,0,-1,-1
1321,B,,Rock'n'Roll-Juveniles,First round,2,491,1,-10,9,16.25,12,0,0,110,DF,2.5,2,2,0,0,0,0,0,0,-1,-1
1321,B,,Rock'n'Roll-Juveniles,First round,3,153,1,-35,5,10,7,-2,0,110,CO,1.5,1,1,0,0,0,0,0,0,-1,-1
1321,B,,Rock'n'Roll-Juveniles,First round,3,153,1,-35,5,10,7,-2,0,110,DF,1.5,1,1.5,0,0,0,0,0,0,-1,-1
1321,B,,Rock'n'Roll-Juveniles,First round,3,430,1,-15,7.5,12.5,9,0,0,110,CO,2,1.5,1,0,0,0,0,0,0,-1,-1
1321,B,,Rock'n'Roll-Juveniles,First round,3,430,1,-15,7.5,12.5,9,0,0,110,DF,2,1.5,1.5,0,0,0,0,0,0,-1,-1
1321,B,,Rock'n'Roll-Juveniles,First round,4,121,1,-75,2.5,10,7,0,0,110,DF,1.5,1,1.5,0,0,0,0,0,0,-1,-1
1321,B,,Rock'n'Roll-Juveniles,First round,4,118,1,-50,5,11.25,8,0,0,110,CO,1.5,1.5,1,0,0,0,0,0,0,-1,-1
1321,B,,Rock'n'Roll-Juveniles,First round,4,118,1,-50,5,11.25,8,0,0,110,DF,1.5,1.5,1.5,0,0,0,0,0,0,-1,-1
1321,B,,Rock'n'Roll-Juveniles,First round,4,121,1,-75,2.5,10,7,0,0,110,CO,1.5,1,1,0,0,0,0,0,0,-1,-1
1321,C,,Rock'n'Roll-Juveniles,First round,1,78,2,-15,9,15,7,0,0,110,DF,2,2,2,0,0,0,0,0,0,-1,-1
1321,C,,Rock'n'Roll-Juveniles,First round,1,78,2,-15,9,15,7,0,0,110,CO,1,1.5,1,0,0,0,0,0,0,-1,-1
1321,C,,Rock'n'Roll-Juveniles,First round,1,60,2,-15,8.5,11.25,7,0,0,110,CO,1.5,1,1,0,0,0,0,0,0,-1,-1
1321,C,,Rock'n'Roll-Juveniles,First round,1,60,2,-15,8.5,11.25,7,0,0,110,DF,1,2,1.5,0,0,0,0,0,0,-1,-1
1321,C,,Rock'n'Roll-Juveniles,First round,2,114,2,-35,5,8.75,8,-2,0,110,CO,1.5,1.5,1,0,0,0,0,0,0,-1,-1
1321,C,,Rock'n'Roll-Juveniles,First round,2,114,2,-35,5,8.75,8,-2,0,110,DF,1,1,1.5,0,0,0,0,0,0,-1,-1
1321,C,,Rock'n'Roll-Juveniles,First round,2,491,2,-5,9.5,17.5,12,0,0,110,CO,2,2,2,0,0,0,0,0,0,-1,-1
1321,C,,Rock'n'Roll-Juveniles,First round,2,491,2,-5,9.5,17.5,12,0,0,110,DF,2.5,2.5,2,0,0,0,0,0,0,-1,-1
1321,C,,Rock'n'Roll-Juveniles,First round,3,430,2,-5,9.5,16.25,13,0,0,110,DF,2.5,2,2,0,0,0,0,0,0,-1,-1
1321,C,,Rock'n'Roll-Juveniles,First round,3,153,2,-75,5,10,7,0,0,110,CO,1,1.5,1,0,0,0,0,0,0,-1,-1
1321,C,,Rock'n'Roll-Juveniles,First round,3,153,2,-75,5,10,7,0,0,110,DF,1,1.5,1.5,0,0,0,0,0,0,-1,-1
1321,C,,Rock'n'Roll-Juveniles,First round,3,430,2,-5,9.5,16.25,13,0,0,110,CO,2,2,2.5,0,0,0,0,0,0,-1,-1
1321,C,,Rock'n'Roll-Juveniles,First round,4,121,2,-75,0,6.25,6,-4,0,110,DF,1,0.5,1,0,0,0,0,0,0,-1,-1
1321,C,,Rock'n'Roll-Juveniles,First round,4,121,2,-75,0,6.25,6,-4,0,110,CO,1,1,1,0,0,0,0,0,0,-1,-1
1321,C,,Rock'n'Roll-Juveniles,First round,4,118,2,-50,5,10,8,0,0,110,CO,1,2,1,0,0,0,0,0,0,-1,-1
1321,C,,Rock'n'Roll-Juveniles,First round,4,118,2,-50,5,10,8,0,0,110,DF,1,2,1,0,0,0,0,0,0,-1,-1
1321,D,,Rock'n'Roll-Juveniles,First round,1,60,3,-50,6.5,10,8,0,0,110,CO,1,1.5,1.5,0,0,0,0,0,0,-1,-1
1321,D,,Rock'n'Roll-Juveniles,First round,1,60,3,-50,6.5,10,8,0,0,110,DF,1,1.5,1.5,0,0,0,0,0,0,-1,-1
1321,D,,Rock'n'Roll-Juveniles,First round,1,78,3,-25,7.5,13.75,10,0,0,110,CO,2,1.5,1.5,0,0,0,0,0,0,-1,-1
1321,D,,Rock'n'Roll-Juveniles,First round,1,78,3,-25,7.5,13.75,10,0,0,110,DF,1.5,2,2,0,0,0,0,0,0,-1,-1
1321,D,,Rock'n'Roll-Juveniles,First round,2,114,3,-35,7.5,8.75,8,0,0,110,CO,1,1.5,1.5,0,0,0,0,0,0,-1,-1
1321,D,,Rock'n'Roll-Juveniles,First round,2,491,3,-25,7.5,15,10,0,0,110,DF,2,2,2,0,0,0,0,0,0,-1,-1
1321,D,,Rock'n'Roll-Juveniles,First round,2,491,3,-25,7.5,15,10,0,0,110,CO,2,1.5,1.5,0,0,0,0,0,0,-1,-1
1321,D,,Rock'n'Roll-Juveniles,First round,2,114,3,-35,7.5,8.75,8,0,0,110,DF,1,1.5,1,0,0,0,0,0,0,-1,-1
1321,D,,Rock'n'Roll-Juveniles,First round,3,153,3,-50,6.5,7.5,9,0,0,110,CO,1.5,1.5,1.5,0,0,0,0,0,0,-1,-1
1321,D,,Rock'n'Roll-Juveniles,First round,3,153,3,-50,6.5,7.5,9,0,0,110,DF,1,1,1,0,0,0,0,0,0,-1,-1
1321,D,,Rock'n'Roll-Juveniles,First round,3,430,3,-25,6.5,12.5,8,0,0,110,CO,1,1.5,1.5,0,0,0,0,0,0,-1,-1
1321,D,,Rock'n'Roll-Juveniles,First round,3,430,3,-25,6.5,12.5,8,0,0,110,DF,2,1.5,1.5,0,0,0,0,0,0,-1,-1
1321,D,,Rock'n'Roll-Juveniles,First round,4,121,3,-50,2.5,8.75,8,0,0,110,DF,1,1,1.5,0,0,0,0,0,0,-1,-1
1321,D,,Rock'n'Roll-Juveniles,First round,4,118,3,-35,7.5,10,9,0,0,110,CO,1.5,1.5,1.5,0,0,0,0,0,0,-1,-1
1321,D,,Rock'n'Roll-Juveniles,First round,4,118,3,-35,7.5,10,9,0,0,110,DF,1,1.5,1.5,0,0,0,0,0,0,-1,-1
1321,D,,Rock'n'Roll-Juveniles,First round,4,121,3,-50,2.5,8.75,8,0,0,110,CO,1,1.5,1.5,0,0,0,0,0,0,-1,-1
1321,E,,Rock'n'Roll-Juveniles,First round,1,78,4,-15,8.5,16.25,12,-2,0,110,DF,2,2.5,2,0,0,0,0,0,0,-1,-1
1321,E,,Rock'n'Roll-Juveniles,First round,1,78,4,-15,8.5,16.25,12,-2,0,110,CO,2,2,2,0,0,0,0,0,0,-1,-1
1321,E,,Rock'n'Roll-Juveniles,First round,1,60,4,-25,7.5,13.75,12,0,0,110,CO,2,2,2,0,0,0,0,0,0,-1,-1
1321,E,,Rock'n'Roll-Juveniles,First round,1,60,4,-25,7.5,13.75,12,0,0,110,DF,1.5,2,2,0,0,0,0,0,0,-1,-1
1321,E,,Rock'n'Roll-Juveniles,First round,2,114,4,-35,6.5,11.25,9,0,0,110,CO,1.5,1.5,1.5,0,0,0,0,0,0,-1,-1
1321,E,,Rock'n'Roll-Juveniles,First round,2,114,4,-35,6.5,11.25,9,0,0,110,DF,1,1.5,2,0,0,0,0,0,0,-1,-1
1321,E,,Rock'n'Roll-Juveniles,First round,2,491,4,-15,8.5,15,15,0,0,110,CO,2,2.5,2.5,0,0,0,0,0,0,-1,-1
1321,E,,Rock'n'Roll-Juveniles,First round,2,491,4,-15,8.5,15,15,0,0,110,DF,2,2,2,0,0,0,0,0,0,-1,-1
1321,E,,Rock'n'Roll-Juveniles,First round,3,430,4,-15,8.5,16.25,13,0,0,110,CO,2,2,2,0,0,0,0,0,0,-1,-1
1321,E,,Rock'n'Roll-Juveniles,First round,3,430,4,-15,8.5,16.25,13,0,0,110,DF,2,2,2,0,0,0,0,0,0,-1,-1
1321,E,,Rock'n'Roll-Juveniles,First round,3,153,4,-50,5,7.5,7,0,0,110,CO,1,1,1.5,0,0,0,0,0,0,-1,-1
1321,E,,Rock'n'Roll-Juveniles,First round,3,153,4,-50,5,7.5,7,0,0,110,DF,1,1,1,0,0,0,0,0,0,-1,-1
1321,E,,Rock'n'Roll-Juveniles,First round,4,118,4,-35,6.5,12.5,9,0,0,110,DF,1.5,2,1.5,0,0,0,0,0,0,-1,-1
1321,E,,Rock'n'Roll-Juveniles,First round,4,121,4,-75,2.5,6.25,7,-2,0,110,CO,1,1,1,0,0,0,0,0,0,-1,-1
1321,E,,Rock'n'Roll-Juveniles,First round,4,121,4,-75,2.5,6.25,7,-2,0,110,DF,1,0.5,1,0,0,0,0,0,0,-1,-1
1321,E,,Rock'n'Roll-Juveniles,First round,4,118,4,-35,6.5,12.5,9,0,0,110,CO,1.5,1.5,1.5,0,0,0,0,0,0,-1,-1
1321,F,,Rock'n'Roll-Juveniles,First round,1,60,5,-15,9,7.5,7,0,0,110,CO,1,1.5,1,0,0,0,0,0,0,-1,-1
1321,F,,Rock'n'Roll-Juveniles,First round,1,60,5,-15,9,7.5,7,0,0,110,DF,1,1,1,0,0,0,0,0,0,-1,-1
1321,F,,Rock'n'Roll-Juveniles,First round,1,78,5,-5,9.5,15,11,0,0,110,CO,1.5,2,2,0,0,0,0,0,0,-1,-1
1321,F,,Rock'n'Roll-Juveniles,First round,1,78,5,-5,9.5,15,11,0,0,110,DF,1.5,2,1.5,0,0,0,0,0,0,-1,-1
1321,F,,Rock'n'Roll-Juveniles,First round,2,114,5,-25,6.5,7.5,6,0,0,110,CO,1,1,1,0,0,0,0,0,0,-1,-1
1321,F,,Rock'n'Roll-Juveniles,First round,2,491,5,-10,9,18.75,11,0,0,110,DF,2,2.5,2,0,0,0,0,0,0,-1,-1
1321,F,,Rock'n'Roll-Juveniles,First round,2,114,5,-25,6.5,7.5,6,0,0,110,DF,0.5,1.5,1,0,0,0,0,0,0,-1,-1
1321,F,,Rock'n'Roll-Juveniles,First round,2,491,5,-10,9,18.75,11,0,0,110,CO,1.5,2,2,0,0,0,0,0,0,-1,-1
1321,F,,Rock'n'Roll-Juveniles,First round,3,153,5,-35,6.5,7.5,5,0,0,110,CO,0.5,1,1,0,0,0,0,0,0,-1,-1
1321,F,,Rock'n'Roll-Juveniles,First round,3,153,5,-35,6.5,7.5,5,0,0,110,DF,1,1,1,0,0,0,0,0,0,-1,-1
1321,F,,Rock'n'Roll-Juveniles,First round,3,430,5,-15,8.5,16.25,10,0,0,110,CO,1.5,1.5,2,0,0,0,0,0,0,-1,-1
1321,F,,Rock'n'Roll-Juveniles,First round,3,430,5,-15,8.5,16.25,10,0,0,110,DF,2,2,1.5,0,0,0,0,0,0,-1,-1
1321,F,,Rock'n'Roll-Juveniles,First round,4,121,5,-35,2.5,8.75,6,0,0,110,DF,1,0.5,1,0,0,0,0,0,0,-1,-1
1321,F,,Rock'n'Roll-Juveniles,First round,4,118,5,-25,6.5,8.75,7,0,0,110,CO,1,1.5,1,0,0,0,0,0,0,-1,-1
1321,F,,Rock'n'Roll-Juveniles,First round,4,118,5,-25,6.5,8.75,7,0,0,110,DF,1,1.5,1,0,0,0,0,0,0,-1,-1
1321,F,,Rock'n'Roll-Juveniles,First round,4,121,5,-35,2.5,8.75,6,0,0,110,CO,1,1,1,0,0,0,0,0,0,-1,-1