anomaly,competition,category name,round,heat,couple,criteria,stdev,threshold,ratio,raw data
,152,Rock'n'Roll-Beginners,Final,1,62,DF,1.57,2.3,0.682608695652174,"[12.5, 10.0, 11.25, 7.5, 11.25, 11.25]"
,152,Rock'n'Roll-Beginners,Final,1,62,CO,1.34,2.0,0.67,"[9.0, 8.0, 7.0, 6.0, 9.0, 10.0]"
,152,Rock'n'Roll-Beginners,Final,1,62,FM,1.1,2.0,0.55,"[7.5, 8.5, 7.5, 5.0, 6.5, 7.5]"
,152,Rock'n'Roll-Beginners,Final,1,62,FW,10.0,14.4,0.6944444444444444,"[-25.0, -5.0, -25.0, -35.0, -25.0, -35.0]"
,152,Rock'n'Roll-Beginners,Final,1,62,sm,0.75,2.3,0.32608695652173914,"[0.0, 0.0, 0.0, 0.0, -2.0, 0.0]"
,152,Rock'n'Roll-Beginners,Final,1,62,bm,4.71,8.0,0.58875,"[0.0, -10.0, 0.0, 0.0, 0.0, -10.0]"
,152,Rock'n'Roll-Beginners,Final,2,3,DF,1.38,2.3,0.6,"[13.75, 12.5, 11.25, 13.75, 11.25, 15.0]"
,152,Rock'n'Roll-Beginners,Final,2,3,CO,0.94,2.0,0.47,"[11.0, 10.0, 9.0, 11.0, 11.0, 12.0]"
,152,Rock'n'Roll-Beginners,Final,2,3,FM,0.61,2.0,0.305,"[7.5, 9.0, 8.5, 7.5, 7.5, 8.5]"
,152,Rock'n'Roll-Beginners,Final,2,3,FW,6.07,14.4,0.4215277777777778,"[-15.0, -10.0, -25.0, -25.0, -25.0, -15.0]"
,152,Rock'n'Roll-Beginners,Final,2,3,sm,0.0,2.3,0.0,"[0.0, 0.0, 0.0, 0.0, 0.0, 0.0]"
,152,Rock'n'Roll-Beginners,Final,2,3,bm,0.0,8.0,0.0,"[0.0, 0.0, 0.0, 0.0, 0.0, 0.0]"
,152,Rock'n'Roll-Beginners,Final,3,55,DF,1.52,2.3,0.6608695652173914,"[8.75, 8.75, 7.5, 6.25, 11.25, 8.75]"
,152,Rock'n'Roll-Beginners,Final,3,55,CO,1.41,2.0,0.705,"[7.0, 5.0, 4.0, 5.0, 8.0, 7.0]"
,152,Rock'n'Roll-Beginners,Final,3,55,FM,1.65,2.0,0.825,"[5.0, 5.0, 2.5, 2.5, 6.5, 6.5]"
,152,Rock'n'Roll-Beginners,Final,3,55,FW,11.79,14.4,0.8187499999999999,"[-50.0, -35.0, -50.0, -75.0, -50.0, -50.0]"
,152,Rock'n'Roll-Beginners,Final,3,55,sm,0.94,2.3,0.40869565217391307,"[-4.0, -4.0, -2.0, -2.0, -2.0, -2.0]"
,152,Rock'n'Roll-Beginners,Final,3,55,bm,0.0,8.0,0.0,"[0.0, 0.0, 0.0, 0.0, 0.0, 0.0]"
,152,Rock'n'Roll-Beginners,Final,4,131,DF,1.33,2.3,0.5782608695652175,"[12.5, 10.0, 8.75, 11.25, 11.25, 12.5]"
,152,Rock'n'Roll-Beginners,Final,4,131,CO,1.37,2.0,0.685,"[9.0, 7.0, 6.0, 9.0, 9.0, 10.0]"
,152,Rock'n'Roll-Beginners,Final,4,131,FM,0.84,2.0,0.42,"[6.5, 7.5, 6.5, 5.0, 6.5, 7.5]"
,152,Rock'n'Roll-Beginners,Final,4,131,FW,7.64,14.4,0.5305555555555556,"[-35.0, -15.0, -35.0, -35.0, -35.0, -25.0]"
,152,Rock'n'Roll-Beginners,Final,4,131,sm,0.75,2.3,0.32608695652173914,"[0.0, 0.0, -2.0, 0.0, 0.0, 0.0]"
,152,Rock'n'Roll-Beginners,Final,4,131,bm,0.0,8.0,0.0,"[0.0, 0.0, 0.0, 0.0, 0.0, 0.0]"
,152,Rock'n'Roll-Beginners,Final,5,134,DF,2.04,2.3,0.8869565217391305,"[13.75, 13.75, 11.25, 8.75, 12.5, 15.0]"
,152,Rock'n'Roll-Beginners,Final,5,134,CO,1.89,2.0,0.945,"[11.0, 8.0, 9.0, 6.0, 11.0, 11.0]"
,152,Rock'n'Roll-Beginners,Final,5,134,FM,0.84,2.0,0.42,"[7.5, 9.0, 7.5, 6.5, 6.5, 7.5]"
,152,Rock'n'Roll-Beginners,Final,5,134,FW,8.04,14.4,0.5583333333333332,"[-25.0, -10.0, -15.0, -35.0, -25.0, -25.0]"
,152,Rock'n'Roll-Beginners,Final,5,134,sm,0.0,2.3,0.0,"[0.0, 0.0, 0.0, 0.0, 0.0, 0.0]"
,152,Rock'n'Roll-Beginners,Final,5,134,bm,0.0,8.0,0.0,"[0.0, 0.0, 0.0, 0.0, 0.0, 0.0]"
yes,152,Rock'n'Roll-Juveniles,Final,1,182,DF,2.36,2.3,1.0260869565217392,"[12.5, 15.0, 8.75, 11.25, 15.0, 15.0]"
,152,Rock'n'Roll-Juveniles,Final,1,182,CO,1.89,2.0,0.945,"[12.0, 11.0, 7.0, 9.0, 12.0, 12.0]"
,152,Rock'n'Roll-Juveniles,Final,1,182,FM,1.3,2.0,0.65,"[7.5, 9.5, 7.5, 5.0, 7.5, 7.5]"
,152,Rock'n'Roll-Juveniles,Final,1,182,FW,9.43,14.4,0.6548611111111111,"[-25.0, -5.0, -15.0, -35.0, -15.0, -15.0]"
,152,Rock'n'Roll-Juveniles,Final,1,182,sm,0.0,2.3,0.0,"[0.0, 0.0, 0.0, 0.0, 0.0, 0.0]"
,152,Rock'n'Roll-Juveniles,Final,1,182,bm,0.0,8.0,0.0,"[0.0, 0.0, 0.0, 0.0, 0.0, 0.0]"
,152,Rock'n'Roll-Juveniles,Final,2,235,DF,1.02,2.3,0.44347826086956527,"[13.75, 16.25, 13.75, 15.0, 16.25, 15.0]"
,152,Rock'n'Roll-Juveniles,Final,2,235,CO,0.94,2.0,0.47,"[11.0, 11.0, 10.0, 11.0, 12.0, 13.0]"
,152,Rock'n'Roll-Juveniles,Final,2,235,FM,0.73,2.0,0.365,"[7.5, 10.0, 8.5, 8.5, 8.5, 8.5]"
,152,Rock'n'Roll-Juveniles,Final,2,235,FW,7.5,14.4,0.5208333333333334,"[-25.0, 0.0, -10.0, -15.0, -15.0, -10.0]"
,152,Rock'n'Roll-Juveniles,Final,2,235,sm,0.0,2.3,0.0,"[0.0, 0.0, 0.0, 0.0, 0.0, 0.0]"
,152,Rock'n'Roll-Juveniles,Final,2,235,bm,0.0,8.0,0.0,"[0.0, 0.0, 0.0, 0.0, 0.0, 0.0]"
,152,Rock'n'Roll-Juveniles,Final,3,57,DF,1.18,2.3,0.5130434782608696,"[11.25, 12.5, 8.75, 10.0, 11.25, 11.25]"
,152,Rock'n'Roll-Juveniles,Final,3,57,CO,1.37,2.0,0.685,"[10.0, 7.0, 7.0, 7.0, 10.0, 9.0]"
,152,Rock'n'Roll-Juveniles,Final,3,57,FM,1.55,2.0,0.775,"[6.5, 9.5, 7.5, 5.0, 6.5, 5.0]"
yes,152,Rock'n'Roll-Juveniles,Final,3,57,FW,16.83,14.4,1.16875,"[-35.0, -5.0, -15.0, -50.0, -25.0, -50.0]"
,152,Rock'n'Roll-Juveniles,Final,3,57,sm,0.75,2.3,0.32608695652173914,"[-2.0, -2.0, -2.0, 0.0, -2.0, -2.0]"
,152,Rock'n'Roll-Juveniles,Final,3,57,bm,0.0,8.0,0.0,"[0.0, 0.0, 0.0, 0.0, 0.0, 0.0]"
,152,Rock'n'Roll-Juniors,Final,1,491,DF,0.47,2.3,0.20434782608695654,"[11.0, 12.0, 12.0, 11.0, 12.0, 12.0]"
,152,Rock'n'Roll-Juniors,Final,1,491,CO,1.11,2.0,0.555,"[12.0, 11.0, 13.0, 10.0, 11.0, 13.0]"
,152,Rock'n'Roll-Juniors,Final,1,491,FM,0.38,2.0,0.19,"[9.0, 10.0, 9.0, 9.5, 9.0, 9.0]"
,152,Rock'n'Roll-Juniors,Final,1,491,FW,4.71,14.4,0.32708333333333334,"[-10.0, 0.0, -10.0, -5.0, -15.0, -10.0]"
,152,Rock'n'Roll-Juniors,Final,1,491,sm,1.0,2.3,0.4347826086956522,"[-2.0, -2.0, 0.0, -2.0, 0.0, 0.0]"
,152,Rock'n'Roll-Juniors,Final,1,491,bm,0.0,8.0,0.0,"[0.0, 0.0, 0.0, 0.0, 0.0, 0.0]"
,152,Rock'n'Roll-Juniors,Final,2,149,DF,0.69,2.3,0.3,"[10.0, 10.0, 9.0, 10.0, 11.0, 9.0]"
,152,Rock'n'Roll-Juniors,Final,2,149,CO,0.75,2.0,0.375,"[10.0, 9.0, 9.0, 10.0, 11.0, 9.0]"
,152,Rock'n'Roll-Juniors,Final,2,149,FM,0.84,2.0,0.42,"[6.5, 8.5, 7.5, 9.0, 8.5, 7.5]"
,152,Rock'n'Roll-Juniors,Final,2,149,FW,5.34,14.4,0.3708333333333333,"[-25.0, -10.0, -15.0, -10.0, -10.0, -15.0]"
,152,Rock'n'Roll-Juniors,Final,2,149,sm,1.0,2.3,0.4347826086956522,"[-2.0, -2.0, 0.0, 0.0, 0.0, -2.0]"
,152,Rock'n'Roll-Juniors,Final,2,149,bm,0.0,8.0,0.0,"[0.0, 0.0, 0.0, 0.0, 0.0, 0.0]"
,152,Rock'n'Roll-Juniors,Final,3,155,DF,1.26,2.3,0.5478260869565218,"[7.0, 8.0, 7.0, 4.0, 7.0, 6.0]"
,152,Rock'n'Roll-Juniors,Final,3,155,CO,1.29,2.0,0.645,"[7.0, 6.0, 6.0, 4.0, 8.0, 5.0]"
,152,Rock'n'Roll-Juniors,Final,3,155,FM,0.71,2.0,0.355,"[6.5, 5.0, 5.0, 5.0, 5.0, 6.5]"
,152,Rock'n'Roll-Juniors,Final,3,155,FW,7.07,14.4,0.49097222222222225,"[-35.0, -35.0, -50.0, -50.0, -35.0, -35.0]"
,152,Rock'n'Roll-Juniors,Final,3,155,sm,2.24,2.3,0.973913043478261,"[0.0, 0.0, 0.0, 0.0, -6.0, 0.0]"
,152,Rock'n'Roll-Juniors,Final,3,155,bm,0.0,8.0,0.0,"[0.0, 0.0, 0.0, 0.0, 0.0, 0.0]"
,152,Rock'n'Roll-Juniors,Final,4,494,DF,1.34,2.3,0.582608695652174,"[12.0, 14.0, 13.0, 12.0, 11.0, 15.0]"
,152,Rock'n'Roll-Juniors,Final,4,494,CO,1.25,2.0,0.625,"[14.0, 11.0, 12.0, 12.0, 11.0, 14.0]"
,152,Rock'n'Roll-Juniors,Final,4,494,FM,0.55,2.0,0.275,"[9.0, 10.0, 9.5, 9.5, 8.5, 8.5]"
,152,Rock'n'Roll-Juniors,Final,4,494,FW,8.16,14.4,0.5666666666666667,"[-10.0, 0.0, -5.0, -5.0, -25.0, -15.0]"
,152,Rock'n'Roll-Juniors,Final,4,494,sm,0.0,2.3,0.0,"[0.0, 0.0, 0.0, 0.0, 0.0, 0.0]"
,152,Rock'n'Roll-Juniors,Final,4,494,bm,0.0,8.0,0.0,"[0.0, 0.0, 0.0, 0.0, 0.0, 0.0]"
,152,Rock'n'Roll-Juniors,Final,5,150,DF,1.26,2.3,0.5478260869565218,"[9.0, 6.0, 8.0, 6.0, 9.0, 7.0]"
,152,Rock'n'Roll-Juniors,Final,5,150,CO,1.12,2.0,0.56,"[9.0, 7.0, 7.0, 6.0, 9.0, 7.0]"
,152,Rock'n'Roll-Juniors,Final,5,150,FM,1.34,2.0,0.67,"[5.0, 6.5, 5.0, 2.5, 6.5, 5.0]"
,152,Rock'n'Roll-Juniors,Final,5,150,FW,12.58,14.4,0.8736111111111111,"[-25.0, -15.0, -25.0, -50.0, -25.0, -10.0]"
,152,Rock'n'Roll-Juniors,Final,5,150,sm,0.0,2.3,0.0,"[0.0, 0.0, 0.0, 0.0, 0.0, 0.0]"
,152,Rock'n'Roll-Juniors,Final,5,150,bm,0.0,8.0,0.0,"[0.0, 0.0, 0.0, 0.0, 0.0, 0.0]"
,152,Rock'n'Roll-Juniors,Final,6,0,DF,1.5,2.3,0.6521739130434783,"[12.0, 13.0, 10.0, 12.0, 13.0, 15.0]"
,152,Rock'n'Roll-Juniors,Final,6,0,CO,1.98,2.0,0.99,"[13.0, 11.0, 9.0, 10.0, 11.0, 15.0]"
,152,Rock'n'Roll-Juniors,Final,6,0,FM,0.75,2.0,0.375,"[8.5, 10.0, 9.0, 9.0, 7.5, 9.0]"
,152,Rock'n'Roll-Juniors,Final,6,0,FW,5.0,14.4,0.3472222222222222,"[-15.0, 0.0, -10.0, -10.0, -15.0, -10.0]"
,152,Rock'n'Roll-Juniors,Final,6,0,sm,0.0,2.3,0.0,"[0.0, 0.0, 0.0, 0.0, 0.0, 0.0]"
,152,Rock'n'Roll-Juniors,Final,6,0,bm,0.0,8.0,0.0,"[0.0, 0.0, 0.0, 0.0, 0.0, 0.0]"
,152,Rock'n'Roll-Small Formation Juniors,Final,1,133,DF,0.9,2.3,0.391304347826087,"[6.0, 6.0, 6.0, 5.0, 8.0, 6.0]"
,152,Rock'n'Roll-Small Formation Juniors,Final,1,133,CO,1.28,2.0,0.64,"[5.25, 1.5, 4.5, 3.75, 5.25, 4.5]"
,152,Rock'n'Roll-Small Formation Juniors,Final,1,133,FM,1.26,2.0,0.63,"[5.0, 7.0, 6.0, 3.0, 6.0, 6.0]"
,152,Rock'n'Roll-Small Formation Juniors,Final,1,133,FW,8.98,14.4,0.6236111111111111,"[-25.0, -35.0, -35.0, -50.0, -35.0, -50.0]"
,152,Rock'n'Roll-Small Formation Juniors,Final,1,133,sm,1.49,2.3,0.6478260869565218,"[-2.0, -4.0, 0.0, -2.0, 0.0, 0.0]"
,152,Rock'n'Roll-Small Formation Juniors,Final,1,133,bm,0.0,8.0,0.0,"[0.0, 0.0, 0.0, 0.0, 0.0, 0.0]"
,152,Rock'n'Roll-Small Formation Juniors,Final,2,151,DF,0.75,2.3,0.32608695652173914,"[9.0, 8.0, 8.0, 8.0, 10.0, 9.0]"
,152,Rock'n'Roll-Small Formation Juniors,Final,2,151,CO,0.91,2.0,0.455,"[6.75, 4.5, 5.25, 5.25, 6.75, 6.75]"
,152,Rock'n'Roll-Small Formation Juniors,Final,2,151,FM,0.82,2.0,0.41,"[9.0, 8.0, 8.0, 7.0, 9.0, 7.0]"
,152,Rock'n'Roll-Small Formation Juniors,Final,2,151,FW,13.12,14.4,0.911111111111111,"[-25.0, -15.0, -35.0, -50.0, -25.0, -50.0]"
,152,Rock'n'Roll-Small Formation Juniors,Final,2,151,sm,0.75,2.3,0.32608695652173914,"[-2.0, 0.0, 0.0, 0.0, 0.0, 0.0]"
,152,Rock'n'Roll-Small Formation Juniors,Final,2,151,bm,0.0,8.0,0.0,"[0.0, 0.0, 0.0, 0.0, 0.0, 0.0]"
,152,Rock'n'Roll-Small Formation Juniors,Final,3,102,DF,1.26,2.3,0.5478260869565218,"[9.0, 8.0, 6.0, 9.0, 9.0, 10.0]"
,152,Rock'n'Roll-Small Formation Juniors,Final,3,102,CO,0.61,2.0,0.305,"[7.5, 6.75, 6.0, 6.0, 6.75, 7.5]"
,152,Rock'n'Roll-Small Formation Juniors,Final,3,102,FM,1.07,2.0,0.535,"[9.0, 8.0, 6.0, 7.0, 8.0, 9.0]"
,152,Rock'n'Roll-Small Formation Juniors,Final,3,102,FW,13.97,14.4,0.9701388888888889,"[-35.0, -10.0, -35.0, -50.0, -25.0, -50.0]"
,152,Rock'n'Roll-Small Formation Juniors,Final,3,102,sm,0.94,2.3,0.40869565217391307,"[0.0, -2.0, 0.0, 0.0, 0.0, -2.0]"
,152,Rock'n'Roll-Small Formation Juniors,Final,3,102,bm,0.0,8.0,0.0,"[0.0, 0.0, 0.0, 0.0, 0.0, 0.0]"
,152,Rock'n'Roll-Small Formation Juniors,Final,4,229,DF,2.29,2.3,0.9956521739130436,"[10.0, 5.0, 7.0, 7.0, 9.0, 12.0]"
,152,Rock'n'Roll-Small Formation Juniors,Final,4,229,CO,1.46,2.0,0.73,"[8.25, 7.5, 5.25, 4.5, 7.5, 8.25]"
,152,Rock'n'Roll-Small Formation Juniors,Final,4,229,FM,1.37,2.0,0.685,"[9.0, 9.0, 7.0, 6.0, 9.0, 10.0]"
,152,Rock'n'Roll-Small Formation Juniors,Final,4,229,FW,10.27,14.4,0.7131944444444444,"[-25.0, -35.0, -35.0, -50.0, -25.0, -50.0]"
,152,Rock'n'Roll-Small Formation Juniors,Final,4,229,sm,1.0,2.3,0.4347826086956522,"[-2.0, -2.0, 0.0, -2.0, 0.0, 0.0]"
,152,Rock'n'Roll-Small Formation Juniors,Final,4,229,bm,0.0,8.0,0.0,"[0.0, 0.0, 0.0, 0.0, 0.0, 0.0]"
,152,Rock'n'Roll-Small Formation Juniors,Final,5,158,DF,1.29,2.3,0.5608695652173914,"[8.0, 6.0, 8.0, 7.0, 9.0, 10.0]"
,152,Rock'n'Roll-Small Formation Juniors,Final,5,158,CO,0.94,2.0,0.47,"[7.5, 6.0, 6.0, 4.5, 6.75, 6.75]"
,152,Rock'n'Roll-Small Formation Juniors,Final,5,158,FM,1.29,2.0,0.645,"[8.0, 7.0, 9.0, 6.0, 8.0, 10.0]"
,152,Rock'n'Roll-Small Formation Juniors,Final,5,158,FW,10.27,14.4,0.7131944444444444,"[-35.0, -25.0, -35.0, -50.0, -25.0, -50.0]"
,152,Rock'n'Roll-Small Formation Juniors,Final,5,158,sm,0.94,2.3,0.40869565217391307,"[-2.0, 0.0, -2.0, 0.0, -2.0, -2.0]"
,152,Rock'n'Roll-Small Formation Juniors,Final,5,158,bm,0.0,8.0,0.0,"[0.0, 0.0, 0.0, 0.0, 0.0, 0.0]"
,152,Rock'n'Roll-Small Formation,Final,1,35,DF,1.34,2.3,0.582608695652174,"[9.0, 6.0, 6.0, 6.0, 7.0, 9.0]"
,152,Rock'n'Roll-Small Formation,Final,1,35,CO,1.01,2.0,0.505,"[6.75, 4.5, 6.0, 4.5, 6.75, 6.75]"
,152,Rock'n'Roll-Small Formation,Final,1,35,FM,1.86,2.0,0.93,"[7.0, 6.0, 8.0, 4.0, 8.0, 10.0]"
,152,Rock'n'Roll-Small Formation,Final,1,35,FW,9.01,14.4,0.6256944444444444,"[-25.0, -25.0, -25.0, -50.0, -35.0, -35.0]"
yes,152,Rock'n'Roll-Small Formation,Final,1,35,sm,2.43,2.3,1.056521739130435,"[0.0, 0.0, -4.0, 0.0, -6.0, 0.0]"
,152,Rock'n'Roll-Small Formation,Final,1,35,bm,0.0,8.0,0.0,"[0.0, 0.0, 0.0, 0.0, 0.0, 0.0]"
,152,Rock'n'Roll-Small Formation,Final,2,335,DF,0.75,2.3,0.32608695652173914,"[7.0, 6.0, 6.0, 7.0, 8.0, 6.0]"
,152,Rock'n'Roll-Small Formation,Final,2,335,CO,1.06,2.0,0.53,"[6.0, 6.0, 3.0, 5.25, 6.0, 5.25]"
,152,Rock'n'Roll-Small Formation,Final,2,335,FM,1.11,2.0,0.555,"[6.0, 8.0, 5.0, 6.0, 8.0, 7.0]"
,152,Rock'n'Roll-Small Formation,Final,2,335,FW,11.79,14.4,0.8187499999999999,"[-35.0, -10.0, -35.0, -50.0, -35.0, -35.0]"
,152,Rock'n'Roll-Small Formation,Final,2,335,sm,1.0,2.3,0.4347826086956522,"[0.0, 0.0, -2.0, 0.0, -2.0, -2.0]"
,152,Rock'n'Roll-Small Formation,Final,2,335,bm,0.0,8.0,0.0,"[0.0, 0.0, 0.0, 0.0, 0.0, 0.0]"
,152,Rock'n'Roll-Small Formation,Final,3,180,DF,1.07,2.3,0.4652173913043479,"[8.0, 7.0, 6.0, 9.0, 8.0, 9.0]"
,152,Rock'n'Roll-Small Formation,Final,3,180,CO,1.41,2.0,0.705,"[7.5, 8.25, 5.25, 5.25, 6.75, 9.0]"
,152,Rock'n'Roll-Small Formation,Final,3,180,FM,1.71,2.0,0.855,"[9.0, 8.0, 7.0, 4.0, 9.0, 8.0]"
,152,Rock'n'Roll-Small Formation,Final,3,180,FW,7.31,14.4,0.5076388888888889,"[-25.0, -10.0, -25.0, -35.0, -25.0, -25.0]"
,152,Rock'n'Roll-Small Formation,Final,3,180,sm,0.94,2.3,0.40869565217391307,"[0.0, -2.0, 0.0, 0.0, 0.0, -2.0]"
,152,Rock'n'Roll-Small Formation,Final,3,180,bm,0.0,8.0,0.0,"[0.0, 0.0, 0.0, 0.0, 0.0, 0.0]"
,152,Rock'n'Roll-Small Formation,Final,4,33,DF,1.11,2.3,0.482608695652174,"[11.0, 12.0, 9.0, 12.0, 12.0, 12.0]"
,152,Rock'n'Roll-Small Formation,Final,4,33,CO,0.87,2.0,0.435,"[9.0, 6.75, 7.5, 8.25, 9.0, 9.0]"
,152,Rock'n'Roll-Small Formation,Final,4,33,FM,1.21,2.0,0.605,"[10.0, 8.0, 10.0, 11.0, 10.0, 12.0]"
,152,Rock'n'Roll-Small Formation,Final,4,33,FW,8.04,14.4,0.5583333333333332,"[-25.0, -10.0, -15.0, -25.0, -25.0, -35.0]"
,152,Rock'n'Roll-Small Formation,Final,4,33,sm,0.0,2.3,0.0,"[0.0, 0.0, 0.0, 0.0, 0.0, 0.0]"
,152,Rock'n'Roll-Small Formation,Final,4,33,bm,0.0,8.0,0.0,"[0.0, 0.0, 0.0, 0.0, 0.0, 0.0]"
,152,Rock'n'Roll-Formation Juniors,Final,1,65,DF,0.94,2.3,0.40869565217391307,"[11.0, 11.0, 10.0, 11.0, 9.0, 12.0]"
,152,Rock'n'Roll-Formation Juniors,Final,1,65,CO,0.84,2.0,0.42,"[8.25, 6.75, 8.25, 8.25, 6.75, 9.0]"
,152,Rock'n'Roll-Formation Juniors,Final,1,65,FM,1.7,2.0,0.85,"[10.0, 10.0, 13.0, 9.0, 8.0, 12.0]"
,152,Rock'n'Roll-Formation Juniors,Final,1,65,FW,8.98,14.4,0.6236111111111111,"[-15.0, -15.0, -15.0, -25.0, -35.0, -35.0]"
,152,Rock'n'Roll-Formation Juniors,Final,1,65,sm,0.0,2.3,0.0,"[0.0, 0.0, 0.0, 0.0, 0.0, 0.0]"
,152,Rock'n'Roll-Formation Juniors,Final,1,65,bm,0.0,8.0,0.0,"[0.0, 0.0, 0.0, 0.0, 0.0, 0.0]"
,152,Rock'n'Roll-Formation Juniors,Final,2,37,DF,0.37,2.3,0.16086956521739132,"[12.0, 12.0, 12.0, 11.0, 12.0, 12.0]"
,152,Rock'n'Roll-Formation Juniors,Final,2,37,CO,0.71,2.0,0.355,"[9.0, 8.25, 9.0, 7.5, 9.0, 9.75]"
,152,Rock'n'Roll-Formation Juniors,Final,2,37,FM,1.34,2.0,0.67,"[11.0, 10.0, 13.0, 9.0, 12.0, 12.0]"
,152,Rock'n'Roll-Formation Juniors,Final,2,37,FW,8.04,14.4,0.5583333333333332,"[-15.0, -5.0, -10.0, -25.0, -25.0, -25.0]"
,152,Rock'n'Roll-Formation Juniors,Final,2,37,sm,0.0,2.3,0.0,"[0.0, 0.0, 0.0, 0.0, 0.0, 0.0]"
,152,Rock'n'Roll-Formation Juniors,Final,2,37,bm,0.0,8.0,0.0,"[0.0, 0.0, 0.0, 0.0, 0.0, 0.0]"
,152,Rock'n'Roll-Formation Juniors,Final,3,144,DF,0.94,2.3,0.40869565217391307,"[9.0, 8.0, 10.0, 7.0, 9.0, 9.0]"
,152,Rock'n'Roll-Formation Juniors,Final,3,144,CO,0.94,2.0,0.47,"[7.5, 6.75, 6.0, 4.5, 6.75, 6.75]"
,152,Rock'n'Roll-Formation Juniors,Final,3,144,FM,1.26,2.0,0.63,"[9.0, 8.0, 9.0, 6.0, 10.0, 9.0]"
,152,Rock'n'Roll-Formation Juniors,Final,3,144,FW,14.36,14.4,0.9972222222222221,"[-25.0, -10.0, -25.0, -50.0, -35.0, -50.0]"
,152,Rock'n'Roll-Formation Juniors,Final,3,144,sm,0.75,2.3,0.32608695652173914,"[-2.0, 0.0, 0.0, 0.0, 0.0, 0.0]"
,152,Rock'n'Roll-Formation Juniors,Final,3,144,bm,0.0,8.0,0.0,"[0.0, 0.0, 0.0, 0.0, 0.0, 0.0]"
,152,Rock'n'Roll-Formation Juniors,Final,4,175,DF,0.76,2.3,0.3304347826086957,"[9.0, 7.0, 8.0, 9.0, 9.0, 9.0]"
,152,Rock'n'Roll-Formation Juniors,Final,4,175,CO,0.91,2.0,0.455,"[6.75, 5.25, 5.25, 5.25, 7.5, 6.75]"
,152,Rock'n'Roll-Formation Juniors,Final,4,175,FM,1.25,2.0,0.625,"[8.0, 8.0, 10.0, 6.0, 9.0, 9.0]"
,152,Rock'n'Roll-Formation Juniors,Final,4,175,FW,7.31,14.4,0.5076388888888889,"[-35.0, -25.0, -35.0, -50.0, -35.0, -35.0]"
yes,152,Rock'n'Roll-Formation Juniors,Final,4,175,sm,2.52,2.3,1.0956521739130436,"[-2.0, -2.0, -8.0, 0.0, -4.0, -2.0]"
,152,Rock'n'Roll-Formation Juniors,Final,4,175,bm,0.0,8.0,0.0,"[0.0, 0.0, 0.0, 0.0, 0.0, 0.0]"
,152,Rock'n'Roll-Formation,Final,1,208,DF,0.69,2.3,0.3,"[11.0, 13.0, 12.0, 12.0, 12.0, 13.0]"
,152,Rock'n'Roll-Formation,Final,1,208,CO,0.97,2.0,0.485,"[9.0, 9.0, 8.25, 9.75, 7.5, 10.5]"
,152,Rock'n'Roll-Formation,Final,1,208,FM,0.9,2.0,0.45,"[10.0, 13.0, 12.0, 12.0, 12.0, 12.0]"
,152,Rock'n'Roll-Formation,Final,1,208,FW,7.45,14.4,0.5173611111111112,"[-15.0, 0.0, -15.0, -10.0, -15.0, -25.0]"
,152,Rock'n'Roll-Formation,Final,1,208,sm,0.0,2.3,0.0,"[0.0, 0.0, 0.0, 0.0, 0.0, 0.0]"
,152,Rock'n'Roll-Formation,Final,1,208,bm,0.0,8.0,0.0,"[0.0, 0.0, 0.0, 0.0, 0.0, 0.0]"
,152,Rock'n'Roll-Formation,Final,2,104,DF,0.5,2.3,0.2173913043478261,"[9.0, 10.0, 9.0, 9.0, 10.0, 10.0]"
,152,Rock'n'Roll-Formation,Final,2,104,CO,0.94,2.0,0.47,"[6.75, 6.75, 7.5, 6.0, 9.0, 7.5]"
,152,Rock'n'Roll-Formation,Final,2,104,FM,0.82,2.0,0.41,"[8.0, 10.0, 9.0, 8.0, 10.0, 9.0]"
,152,Rock'n'Roll-Formation,Final,2,104,FW,11.06,14.4,0.7680555555555556,"[-35.0, -5.0, -15.0, -25.0, -15.0, -35.0]"
,152,Rock'n'Roll-Formation,Final,2,104,sm,0.0,2.3,0.0,"[0.0, 0.0, 0.0, 0.0, 0.0, 0.0]"
,152,Rock'n'Roll-Formation,Final,2,104,bm,0.0,8.0,0.0,"[0.0, 0.0, 0.0, 0.0, 0.0, 0.0]"
,152,Rock'n'Roll-Main Class Start,Final,1,371,DF,1.56,2.3,0.6782608695652175,"[10.0, 7.5, 11.25]"
,152,Rock'n'Roll-Main Class Start,Final,1,371,CO,0.82,2.0,0.41,"[7.0, 8.0, 9.0]"
,152,Rock'n'Roll-Main Class Start,Final,1,371,FM,0.71,2.0,0.355,"[6.5, 5.0, 5.0]"
,152,Rock'n'Roll-Main Class Start,Final,1,371,FW,7.07,14.4,0.49097222222222225,"[-35.0, -50.0, -35.0]"
,152,Rock'n'Roll-Main Class Start,Final,1,371,sm,0.0,2.3,0.0,"[0.0, 0.0, 0.0]"
,152,Rock'n'Roll-Main Class Start,Final,1,371,bm,0.0,8.0,0.0,"[0.0, 0.0, 0.0]"
,152,Rock'n'Roll-Main Class Start,Final,2,223,DF,1.18,2.3,0.5130434782608696,"[10.0, 7.5, 7.5]"
,152,Rock'n'Roll-Main Class Start,Final,2,223,CO,0.82,2.0,0.41,"[7.0, 8.0, 6.0]"
,152,Rock'n'Roll-Main Class Start,Final,2,223,FM,1.18,2.0,0.59,"[2.5, 5.0, 2.5]"
,152,Rock'n'Roll-Main Class Start,Final,2,223,FW,4.71,14.4,0.32708333333333334,"[-25.0, -35.0, -35.0]"
yes,152,Rock'n'Roll-Main Class Start,Final,2,223,sm,2.49,2.3,1.082608695652174,"[-6.0, -8.0, -2.0]"
,152,Rock'n'Roll-Main Class Start,Final,2,223,bm,0.0,8.0,0.0,"[0.0, 0.0, 0.0]"
,152,Rock'n'Roll-Main Class Start,Final,3,236,DF,2.04,2.3,0.8869565217391305,"[12.5, 10.0, 15.0]"
,152,Rock'n'Roll-Main Class Start,Final,3,236,CO,0.94,2.0,0.47,"[11.0, 11.0, 9.0]"
,152,Rock'n'Roll-Main Class Start,Final,3,236,FM,1.18,2.0,0.59,"[9.0, 6.5, 6.5]"
,152,Rock'n'Roll-Main Class Start,Final,3,236,FW,9.43,14.4,0.6548611111111111,"[-15.0, -35.0, -35.0]"
,152,Rock'n'Roll-Main Class Start,Final,3,236,sm,0.0,2.3,0.0,"[0.0, 0.0, 0.0]"
,152,Rock'n'Roll-Main Class Start,Final,3,236,bm,0.0,8.0,0.0,"[0.0, 0.0, 0.0]"
,152,Rock'n'Roll-Main Class Start,Final,4,226,DF,2.04,2.3,0.8869565217391305,"[12.5, 10.0, 15.0]"
,152,Rock'n'Roll-Main Class Start,Final,4,226,CO,1.25,2.0,0.625,"[10.0, 9.0, 12.0]"
,152,Rock'n'Roll-Main Class Start,Final,4,226,FM,1.47,2.0,0.735,"[10.0, 7.5, 6.5]"
,152,Rock'n'Roll-Main Class Start,Final,4,226,FW,12.47,14.4,0.8659722222222223,"[-5.0, -35.0, -25.0]"
,152,Rock'n'Roll-Main Class Start,Final,4,226,sm,0.0,2.3,0.0,"[0.0, 0.0, 0.0]"
,152,Rock'n'Roll-Main Class Start,Final,4,226,bm,0.0,8.0,0.0,"[0.0, 0.0, 0.0]"
,152,Rock'n'Roll-Main Class Start,Final,5,60,DF,0.59,2.3,0.2565217391304348,"[12.5, 11.25, 12.5]"
,152,Rock'n'Roll-Main Class Start,Final,5,60,CO,0.47,2.0,0.235,"[9.0, 9.0, 8.0]"
,152,Rock'n'Roll-Main Class Start,Final,5,60,FM,1.25,2.0,0.625,"[9.5, 7.5, 6.5]"
,152,Rock'n'Roll-Main Class Start,Final,5,60,FW,9.43,14.4,0.6548611111111111,"[-5.0, -25.0, -25.0]"
,152,Rock'n'Roll-Main Class Start,Final,5,60,sm,1.63,2.3,0.7086956521739131,"[-2.0, -4.0, 0.0]"
,152,Rock'n'Roll-Main Class Start,Final,5,60,bm,4.71,8.0,0.58875,"[0.0, 0.0, -10.0]"
,152,Rock'n'Roll-Main Class Start,Final,6,142,DF,0.59,2.3,0.2565217391304348,"[12.5, 11.25, 12.5]"
,152,Rock'n'Roll-Main Class Start,Final,6,142,CO,0.82,2.0,0.41,"[8.0, 10.0, 9.0]"
,152,Rock'n'Roll-Main Class Start,Final,6,142,FM,1.18,2.0,0.59,"[9.0, 6.5, 6.5]"
,152,Rock'n'Roll-Main Class Start,Final,6,142,FW,14.34,14.4,0.9958333333333333,"[-15.0, -50.0, -35.0]"
,152,Rock'n'Roll-Main Class Start,Final,6,142,sm,0.0,2.3,0.0,"[0.0, 0.0, 0.0]"
,152,Rock'n'Roll-Main Class Start,Final,6,142,bm,0.0,8.0,0.0,"[0.0, 0.0, 0.0]"
,152,Rock'n'Roll-Main Class Start,First round,1,226,DF,1.56,2.3,0.6782608695652175,"[7.5, 8.75, 11.25]"
,152,Rock'n'Roll-Main Class Start,First round,1,226,CO,1.7,2.0,0.85,"[9.0, 8.0, 12.0]"
,152,Rock'n'Roll-Main Class Start,First round,1,226,FM,1.03,2.0,0.515,"[9.0, 6.5, 7.5]"
,152,Rock'n'Roll-Main Class Start,First round,1,226,FW,10.27,14.4,0.7131944444444444,"[-10.0, -35.0, -25.0]"
,152,Rock'n'Roll-Main Class Start,First round,1,226,sm,0.0,2.3,0.0,"[0.0, 0.0, 0.0]"
,152,Rock'n'Roll-Main Class Start,First round,1,226,bm,0.0,8.0,0.0,"[0.0, 0.0, 0.0]"
,152,Rock'n'Roll-Main Class Start,First round,1,371,DF,1.18,2.3,0.5130434782608696,"[7.5, 7.5, 10.0]"
,152,Rock'n'Roll-Main Class Start,First round,1,371,CO,0.94,2.0,0.47,"[6.0, 8.0, 6.0]"
,152,Rock'n'Roll-Main Class Start,First round,1,371,FM,1.18,2.0,0.59,"[7.5, 5.0, 5.0]"
,152,Rock'n'Roll-Main Class Start,First round,1,371,FW,9.43,14.4,0.6548611111111111,"[-15.0, -35.0, -35.0]"
,152,Rock'n'Roll-Main Class Start,First round,1,371,sm,0.0,2.3,0.0,"[0.0, 0.0, 0.0]"
,152,Rock'n'Roll-Main Class Start,First round,1,371,bm,0.0,8.0,0.0,"[0.0, 0.0, 0.0]"
,152,Rock'n'Roll-Main Class Start,First round,2,0,DF,1.02,2.3,0.44347826086956527,"[12.5, 13.75, 11.25]"
,152,Rock'n'Roll-Main Class Start,First round,2,0,CO,1.7,2.0,0.85,"[6.0, 10.0, 9.0]"
,152,Rock'n'Roll-Main Class Start,First round,2,0,FM,1.25,2.0,0.625,"[9.5, 7.5, 6.5]"
,152,Rock'n'Roll-Main Class Start,First round,2,0,FW,9.43,14.4,0.6548611111111111,"[-5.0, -25.0, -25.0]"
,152,Rock'n'Roll-Main Class Start,First round,2,0,sm,0.0,2.3,0.0,"[0.0, 0.0, 0.0]"
,152,Rock'n'Roll-Main Class Start,First round,2,0,bm,0.0,8.0,0.0,"[0.0, 0.0, 0.0]"
,152,Rock'n'Roll-Main Class Start,First round,2,197,DF,2.12,2.3,0.9217391304347827,"[8.75, 12.5, 7.5]"
,152,Rock'n'Roll-Main Class Start,First round,2,197,CO,1.7,2.0,0.85,"[7.0, 10.0, 6.0]"
yes,152,Rock'n'Roll-Main Class Start,First round,2,197,FM,2.36,2.0,1.18,"[7.5, 7.5, 2.5]"
,152,Rock'n'Roll-Main Class Start,First round,2,197,FW,11.79,14.4,0.8187499999999999,"[-10.0, -35.0, -35.0]"
,152,Rock'n'Roll-Main Class Start,First round,2,197,sm,0.94,2.3,0.40869565217391307,"[0.0, -2.0, 0.0]"
,152,Rock'n'Roll-Main Class Start,First round,2,197,bm,0.0,8.0,0.0,"[0.0, 0.0, 0.0]"
,152,Rock'n'Roll-Main Class Start,First round,3,223,DF,1.18,2.3,0.5130434782608696,"[7.5, 10.0, 7.5]"
,152,Rock'n'Roll-Main Class Start,First round,3,223,CO,1.7,2.0,0.85,"[5.0, 9.0, 6.0]"
,152,Rock'n'Roll-Main Class Start,First round,3,223,FM,1.18,2.0,0.59,"[5.0, 5.0, 2.5]"
,152,Rock'n'Roll-Main Class Start,First round,3,223,FW,11.79,14.4,0.8187499999999999,"[-10.0, -35.0, -35.0]"
,152,Rock'n'Roll-Main Class Start,First round,3,223,sm,1.89,2.3,0.8217391304347826,"[-4.0, 0.0, 0.0]"
,152,Rock'n'Roll-Main Class Start,First round,3,223,bm,0.0,8.0,0.0,"[0.0, 0.0, 0.0]"
,152,Rock'n'Roll-Main Class Start,First round,3,332,DF,0.59,2.3,0.2565217391304348,"[10.0, 10.0, 11.25]"
,152,Rock'n'Roll-Main Class Start,First round,3,332,CO,1.41,2.0,0.705,"[6.0, 9.0, 9.0]"
,152,Rock'n'Roll-Main Class Start,First round,3,332,FM,1.43,2.0,0.715,"[8.5, 5.0, 6.5]"
,152,Rock'n'Roll-Main Class Start,First round,3,332,FW,4.71,14.4,0.32708333333333334,"[-25.0, -35.0, -35.0]"
,152,Rock'n'Roll-Main Class Start,First round,3,332,sm,0.0,2.3,0.0,"[0.0, 0.0, 0.0]"
,152,Rock'n'Roll-Main Class Start,First round,3,332,bm,0.0,8.0,0.0,"[0.0, 0.0, 0.0]"
,152,Rock'n'Roll-Main Class Start,First round,4,142,DF,1.02,2.3,0.44347826086956527,"[13.75, 11.25, 12.5]"
,152,Rock'n'Roll-Main Class Start,First round,4,142,CO,0.94,2.0,0.47,"[7.0, 9.0, 9.0]"
,152,Rock'n'Roll-Main Class Start,First round,4,142,FM,1.65,2.0,0.825,"[9.0, 6.5, 5.0]"
,152,Rock'n'Roll-Main Class Start,First round,4,142,FW,11.79,14.4,0.8187499999999999,"[-10.0, -35.0, -35.0]"
,152,Rock'n'Roll-Main Class Start,First round,4,142,sm,0.0,2.3,0.0,"[0.0, 0.0, 0.0]"
,152,Rock'n'Roll-Main Class Start,First round,4,142,bm,0.0,8.0,0.0,"[0.0, 0.0, 0.0]"
,152,Rock'n'Roll-Main Class Start,First round,4,236,DF,1.18,2.3,0.5130434782608696,"[13.75, 11.25, 11.25]"
,152,Rock'n'Roll-Main Class Start,First round,4,236,CO,0.82,2.0,0.41,"[8.0, 10.0, 9.0]"
,152,Rock'n'Roll-Main Class Start,First round,4,236,FM,1.47,2.0,0.735,"[8.5, 5.0, 7.5]"
,152,Rock'n'Roll-Main Class Start,First round,4,236,FW,8.16,14.4,0.5666666666666667,"[-15.0, -35.0, -25.0]"
,152,Rock'n'Roll-Main Class Start,First round,4,236,sm,0.0,2.3,0.0,"[0.0, 0.0, 0.0]"
,152,Rock'n'Roll-Main Class Start,First round,4,236,bm,0.0,8.0,0.0,"[0.0, 0.0, 0.0]"
,152,Rock'n'Roll-Main Class Contact Style,First round,1,148,DF,0.59,2.3,0.2565217391304348,"[11.25, 10.0, 10.0]"
,152,Rock'n'Roll-Main Class Contact Style,First round,1,148,CO,1.7,2.0,0.85,"[8.0, 5.0, 9.0]"
,152,Rock'n'Roll-Main Class Contact Style,First round,1,148,FM,0.47,2.0,0.235,"[7.5, 7.5, 6.5]"
,152,Rock'n'Roll-Main Class Contact Style,First round,1,148,FW,4.71,14.4,0.32708333333333334,"[-15.0, -25.0, -25.0]"
,152,Rock'n'Roll-Main Class Contact Style,First round,1,148,sm,0.0,2.3,0.0,"[0.0, 0.0, 0.0]"
,152,Rock'n'Roll-Main Class Contact Style,First round,1,148,bm,0.0,8.0,0.0,"[0.0, 0.0, 0.0]"
,152,Rock'n'Roll-Main Class Contact Style,First round,1,71,DF,2.04,2.3,0.8869565217391305,"[10.0, 5.0, 7.5]"
,152,Rock'n'Roll-Main Class Contact Style,First round,1,71,CO,1.63,2.0,0.815,"[8.0, 4.0, 6.0]"
,152,Rock'n'Roll-Main Class Contact Style,First round,1,71,FM,1.18,2.0,0.59,"[5.0, 5.0, 2.5]"
,152,Rock'n'Roll-Main Class Contact Style,First round,1,71,FW,7.07,14.4,0.49097222222222225,"[-35.0, -50.0, -50.0]"
,152,Rock'n'Roll-Main Class Contact Style,First round,1,71,sm,0.0,2.3,0.0,"[0.0, 0.0, 0.0]"
,152,Rock'n'Roll-Main Class Contact Style,First round,1,71,bm,0.0,8.0,0.0,"[0.0, 0.0, 0.0]"
,152,Rock'n'Roll-Main Class Contact Style,First round,2,181,DF,1.56,2.3,0.6782608695652175,"[12.5, 10.0, 13.75]"
,152,Rock'n'Roll-Main Class Contact Style,First round,2,181,CO,0.47,2.0,0.235,"[10.0, 9.0, 10.0]"
,152,Rock'n'Roll-Main Class Contact Style,First round,2,181,FM,0.94,2.0,0.47,"[8.5, 6.5, 8.5]"
,152,Rock'n'Roll-Main Class Contact Style,First round,2,181,FW,9.43,14.4,0.6548611111111111,"[-15.0, -35.0, -15.0]"
,152,Rock'n'Roll-Main Class Contact Style,First round,2,181,sm,0.0,2.3,0.0,"[0.0, 0.0, 0.0]"
,152,Rock'n'Roll-Main Class Contact Style,First round,2,181,bm,0.0,8.0,0.0,"[0.0, 0.0, 0.0]"
,152,Rock'n'Roll-Main Class Contact Style,First round,2,300,DF,1.02,2.3,0.44347826086956527,"[8.75, 11.25, 10.0]"
,152,Rock'n'Roll-Main Class Contact Style,First round,2,300,CO,0.47,2.0,0.235,"[8.0, 9.0, 9.0]"
,152,Rock'n'Roll-Main Class Contact Style,First round,2,300,FM,0.71,2.0,0.355,"[6.5, 6.5, 5.0]"
,152,Rock'n'Roll-Main Class Contact Style,First round,2,300,FW,4.71,14.4,0.32708333333333334,"[-25.0, -35.0, -25.0]"
,152,Rock'n'Roll-Main Class Contact Style,First round,2,300,sm,0.0,2.3,0.0,"[0.0, 0.0, 0.0]"
,152,Rock'n'Roll-Main Class Contact Style,First round,2,300,bm,0.0,8.0,0.0,"[0.0, 0.0, 0.0]"
yes,152,Rock'n'Roll-Main Class Contact Style,First round,3,28,DF,3.68,2.3,1.6,"[11.25, 5.0, 13.75]"
,152,Rock'n'Roll-Main Class Contact Style,First round,3,28,CO,1.89,2.0,0.945,"[9.0, 5.0, 9.0]"
,152,Rock'n'Roll-Main Class Contact Style,First round,3,28,FM,1.03,2.0,0.515,"[7.5, 5.0, 6.5]"
,152,Rock'n'Roll-Main Class Contact Style,First round,3,28,FW,11.79,14.4,0.8187499999999999,"[-25.0, -50.0, -25.0]"
,152,Rock'n'Roll-Main Class Contact Style,First round,3,28,sm,1.89,2.3,0.8217391304347826,"[0.0, -4.0, 0.0]"
,152,Rock'n'Roll-Main Class Contact Style,First round,3,28,bm,0.0,8.0,0.0,"[0.0, 0.0, 0.0]"
,152,Rock'n'Roll-Main Class Contact Style,First round,3,363,DF,0.59,2.3,0.2565217391304348,"[13.75, 12.5, 12.5]"
,152,Rock'n'Roll-Main Class Contact Style,First round,3,363,CO,0.82,2.0,0.41,"[10.0, 9.0, 8.0]"
,152,Rock'n'Roll-Main Class Contact Style,First round,3,363,FM,0.62,2.0,0.31,"[8.5, 9.0, 7.5]"
,152,Rock'n'Roll-Main Class Contact Style,First round,3,363,FW,6.24,14.4,0.43333333333333335,"[-15.0, -10.0, -25.0]"
,152,Rock'n'Roll-Main Class Contact Style,First round,3,363,sm,0.94,2.3,0.40869565217391307,"[-2.0, 0.0, -2.0]"
,152,Rock'n'Roll-Main Class Contact Style,First round,3,363,bm,0.0,8.0,0.0,"[0.0, 0.0, 0.0]"
,152,Rock'n'Roll-Main Class Contact Style,First round,4,160,DF,0.59,2.3,0.2565217391304348,"[11.25, 10.0, 10.0]"
,152,Rock'n'Roll-Main Class Contact Style,First round,4,160,CO,0.47,2.0,0.235,"[8.0, 8.0, 9.0]"
,152,Rock'n'Roll-Main Class Contact Style,First round,4,160,FM,0.47,2.0,0.235,"[6.5, 7.5, 6.5]"
,152,Rock'n'Roll-Main Class Contact Style,First round,4,160,FW,4.71,14.4,0.32708333333333334,"[-25.0, -25.0, -35.0]"
,152,Rock'n'Roll-Main Class Contact Style,First round,4,160,sm,0.0,2.3,0.0,"[0.0, 0.0, 0.0]"
,152,Rock'n'Roll-Main Class Contact Style,First round,4,160,bm,0.0,8.0,0.0,"[0.0, 0.0, 0.0]"
,152,Rock'n'Roll-Main Class Contact Style,First round,4,179,DF,0.0,2.3,0.0,"[13.75, 13.75, 13.75]"
,152,Rock'n'Roll-Main Class Contact Style,First round,4,179,CO,0.47,2.0,0.235,"[10.0, 9.0, 10.0]"
,152,Rock'n'Roll-Main Class Contact Style,First round,4,179,FM,0.24,2.0,0.12,"[9.0, 9.0, 8.5]"
,152,Rock'n'Roll-Main Class Contact Style,First round,4,179,FW,2.36,14.4,0.1638888888888889,"[-15.0, -10.0, -15.0]"
,152,Rock'n'Roll-Main Class Contact Style,First round,4,179,sm,0.0,2.3,0.0,"[0.0, 0.0, 0.0]"
,152,Rock'n'Roll-Main Class Contact Style,First round,4,179,bm,0.0,8.0,0.0,"[0.0, 0.0, 0.0]"
,152,Rock'n'Roll-Main Class Contact Style,First round,5,36,DF,1.77,2.3,0.7695652173913045,"[11.25, 7.5, 11.25]"
,152,Rock'n'Roll-Main Class Contact Style,First round,5,36,CO,0.47,2.0,0.235,"[9.0, 8.0, 9.0]"
,152,Rock'n'Roll-Main Class Contact Style,First round,5,36,FM,1.65,2.0,0.825,"[9.0, 5.0, 7.5]"
,152,Rock'n'Roll-Main Class Contact Style,First round,5,36,FW,8.16,14.4,0.5666666666666667,"[-25.0, -15.0, -35.0]"
,152,Rock'n'Roll-Main Class Contact Style,First round,5,36,sm,0.94,2.3,0.40869565217391307,"[-2.0, 0.0, -2.0]"
,152,Rock'n'Roll-Main Class Contact Style,First round,5,36,bm,0.0,8.0,0.0,"[0.0, 0.0, 0.0]"
,152,Rock'n'Roll-Main Class Contact Style,First round,5,430,DF,1.18,2.3,0.5130434782608696,"[12.5, 10.0, 12.5]"
,152,Rock'n'Roll-Main Class Contact Style,First round,5,430,CO,0.94,2.0,0.47,"[9.0, 7.0, 9.0]"
,152,Rock'n'Roll-Main Class Contact Style,First round,5,430,FM,0.47,2.0,0.235,"[8.5, 7.5, 8.5]"
,152,Rock'n'Roll-Main Class Contact Style,First round,5,430,FW,4.71,14.4,0.32708333333333334,"[-15.0, -25.0, -25.0]"
,152,Rock'n'Roll-Main Class Contact Style,First round,5,430,sm,0.0,2.3,0.0,"[0.0, 0.0, 0.0]"
,152,Rock'n'Roll-Main Class Contact Style,First round,5,430,bm,0.0,8.0,0.0,"[0.0, 0.0, 0.0]"
,152,Rock'n'Roll-Main Class Contact Style,First round,6,283,DF,0.59,2.3,0.2565217391304348,"[8.75, 10.0, 10.0]"
,152,Rock'n'Roll-Main Class Contact Style,First round,6,283,CO,0.47,2.0,0.235,"[8.0, 8.0, 7.0]"
,152,Rock'n'Roll-Main Class Contact Style,First round,6,283,FM,0.71,2.0,0.355,"[5.0, 6.5, 6.5]"
,152,Rock'n'Roll-Main Class Contact Style,First round,6,283,FW,4.71,14.4,0.32708333333333334,"[-25.0, -25.0, -35.0]"
,152,Rock'n'Roll-Main Class Contact Style,First round,6,283,sm,0.0,2.3,0.0,"[0.0, 0.0, 0.0]"
,152,Rock'n'Roll-Main Class Contact Style,First round,6,283,bm,0.0,8.0,0.0,"[0.0, 0.0, 0.0]"
,152,Rock'n'Roll-Main Class Contact Style,First round,6,362,DF,0.59,2.3,0.2565217391304348,"[15.0, 16.25, 15.0]"
yes,152,Rock'n'Roll-Main Class Contact Style,First round,6,362,CO,2.49,2.0,1.245,"[10.0, 6.0, 12.0]"
,152,Rock'n'Roll-Main Class Contact Style,First round,6,362,FM,0.47,2.0,0.235,"[8.5, 9.5, 8.5]"
,152,Rock'n'Roll-Main Class Contact Style,First round,6,362,FW,4.71,14.4,0.32708333333333334,"[-15.0, -5.0, -15.0]"
,152,Rock'n'Roll-Main Class Contact Style,First round,6,362,sm,0.0,2.3,0.0,"[0.0, 0.0, 0.0]"
,152,Rock'n'Roll-Main Class Contact Style,First round,6,362,bm,0.0,8.0,0.0,"[0.0, 0.0, 0.0]"
,152,Rock'n'Roll-Main Class Contact Style,Hope round,1,283,DF,1.18,2.3,0.5130434782608696,"[10.0, 10.0, 12.5]"
,152,Rock'n'Roll-Main Class Contact Style,Hope round,1,283,CO,1.25,2.0,0.625,"[8.0, 7.0, 10.0]"
,152,Rock'n'Roll-Main Class Contact Style,Hope round,1,283,FM,0.47,2.0,0.235,"[6.5, 7.5, 6.5]"
,152,Rock'n'Roll-Main Class Contact Style,Hope round,1,283,FW,4.71,14.4,0.32708333333333334,"[-25.0, -25.0, -35.0]"
,152,Rock'n'Roll-Main Class Contact Style,Hope round,1,283,sm,0.0,2.3,0.0,"[0.0, 0.0, 0.0]"
,152,Rock'n'Roll-Main Class Contact Style,Hope round,1,283,bm,0.0,8.0,0.0,"[0.0, 0.0, 0.0]"
yes,152,Rock'n'Roll-Main Class Contact Style,Hope round,1,28,DF,2.57,2.3,1.117391304347826,"[12.5, 8.75, 15.0]"
yes,152,Rock'n'Roll-Main Class Contact Style,Hope round,1,28,CO,2.87,2.0,1.435,"[9.0, 5.0, 12.0]"
,152,Rock'n'Roll-Main Class Contact Style,Hope round,1,28,FM,0.47,2.0,0.235,"[8.5, 7.5, 7.5]"
,152,Rock'n'Roll-Main Class Contact Style,Hope round,1,28,FW,4.71,14.4,0.32708333333333334,"[-25.0, -15.0, -15.0]"
,152,Rock'n'Roll-Main Class Contact Style,Hope round,1,28,sm,0.94,2.3,0.40869565217391307,"[-2.0, 0.0, 0.0]"
,152,Rock'n'Roll-Main Class Contact Style,Hope round,1,28,bm,0.0,8.0,0.0,"[0.0, 0.0, 0.0]"
,152,Rock'n'Roll-Main Class Contact Style,Hope round,2,363,DF,1.02,2.3,0.44347826086956527,"[12.5, 15.0, 13.75]"
,152,Rock'n'Roll-Main Class Contact Style,Hope round,2,363,CO,0.47,2.0,0.235,"[9.0, 10.0, 9.0]"
,152,Rock'n'Roll-Main Class Contact Style,Hope round,2,363,FM,0.62,2.0,0.31,"[8.5, 9.0, 7.5]"
,152,Rock'n'Roll-Main Class Contact Style,Hope round,2,363,FW,7.07,14.4,0.49097222222222225,"[-25.0, -10.0, -25.0]"
,152,Rock'n'Roll-Main Class Contact Style,Hope round,2,363,sm,0.0,2.3,0.0,"[0.0, 0.0, 0.0]"
,152,Rock'n'Roll-Main Class Contact Style,Hope round,2,363,bm,4.71,8.0,0.58875,"[-10.0, 0.0, -10.0]"
,152,Rock'n'Roll-Main Class Contact Style,Hope round,2,71,DF,1.18,2.3,0.5130434782608696,"[10.0, 7.5, 7.5]"
,152,Rock'n'Roll-Main Class Contact Style,Hope round,2,71,CO,0.94,2.0,0.47,"[8.0, 6.0, 6.0]"
,152,Rock'n'Roll-Main Class Contact Style,Hope round,2,71,FM,1.18,2.0,0.59,"[5.0, 5.0, 2.5]"
,152,Rock'n'Roll-Main Class Contact Style,Hope round,2,71,FW,7.07,14.4,0.49097222222222225,"[-35.0, -50.0, -50.0]"
,152,Rock'n'Roll-Main Class Contact Style,Hope round,2,71,sm,0.0,2.3,0.0,"[0.0, 0.0, 0.0]"
,152,Rock'n'Roll-Main Class Contact Style,Hope round,2,71,bm,0.0,8.0,0.0,"[0.0, 0.0, 0.0]"
,152,Rock'n'Roll-Main Class Contact Style,Hope round,3,160,DF,1.77,2.3,0.7695652173913045,"[11.25, 7.5, 11.25]"
,152,Rock'n'Roll-Main Class Contact Style,Hope round,3,160,CO,1.25,2.0,0.625,"[8.0, 6.0, 9.0]"
,152,Rock'n'Roll-Main Class Contact Style,Hope round,3,160,FM,0.47,2.0,0.235,"[6.5, 6.5, 7.5]"
,152,Rock'n'Roll-Main Class Contact Style,Hope round,3,160,FW,4.71,14.4,0.32708333333333334,"[-35.0, -25.0, -25.0]"
,152,Rock'n'Roll-Main Class Contact Style,Hope round,3,160,sm,0.0,2.3,0.0,"[0.0, 0.0, 0.0]"
,152,Rock'n'Roll-Main Class Contact Style,Hope round,3,160,bm,0.0,8.0,0.0,"[0.0, 0.0, 0.0]"
,152,Rock'n'Roll-Main Class Contact Style,Hope round,3,300,DF,1.56,2.3,0.6782608695652175,"[11.25, 8.75, 7.5]"
,152,Rock'n'Roll-Main Class Contact Style,Hope round,3,300,CO,0.82,2.0,0.41,"[8.0, 7.0, 6.0]"
,152,Rock'n'Roll-Main Class Contact Style,Hope round,3,300,FM,0.71,2.0,0.355,"[6.5, 5.0, 5.0]"
,152,Rock'n'Roll-Main Class Contact Style,Hope round,3,300,FW,4.71,14.4,0.32708333333333334,"[-25.0, -35.0, -35.0]"
,152,Rock'n'Roll-Main Class Contact Style,Hope round,3,300,sm,0.0,2.3,0.0,"[0.0, 0.0, 0.0]"
,152,Rock'n'Roll-Main Class Contact Style,Hope round,3,300,bm,0.0,8.0,0.0,"[0.0, 0.0, 0.0]"
,152,Rock'n'Roll-Main Class Contact Style,Hope round,4,36,DF,1.77,2.3,0.7695652173913045,"[11.25, 7.5, 11.25]"
,152,Rock'n'Roll-Main Class Contact Style,Hope round,4,36,CO,1.25,2.0,0.625,"[8.0, 6.0, 9.0]"
,152,Rock'n'Roll-Main Class Contact Style,Hope round,4,36,FM,1.08,2.0,0.54,"[9.0, 8.5, 6.5]"
,152,Rock'n'Roll-Main Class Contact Style,Hope round,4,36,FW,14.34,14.4,0.9958333333333333,"[-35.0, -50.0, -15.0]"
,152,Rock'n'Roll-Main Class Contact Style,Hope round,4,36,sm,0.0,2.3,0.0,"[0.0, 0.0, 0.0]"
,152,Rock'n'Roll-Main Class Contact Style,Hope round,4,36,bm,0.0,8.0,0.0,"[0.0, 0.0, 0.0]"
,152,Rock'n'Roll-Main Class Contact Style,Hope round,4,430,DF,1.02,2.3,0.44347826086956527,"[12.5, 10.0, 11.25]"
,152,Rock'n'Roll-Main Class Contact Style,Hope round,4,430,CO,0.94,2.0,0.47,"[9.0, 7.0, 9.0]"
,152,Rock'n'Roll-Main Class Contact Style,Hope round,4,430,FM,0.82,2.0,0.41,"[8.5, 7.5, 6.5]"
,152,Rock'n'Roll-Main Class Contact Style,Hope round,4,430,FW,8.16,14.4,0.5666666666666667,"[-15.0, -35.0, -25.0]"
,152,Rock'n'Roll-Main Class Contact Style,Hope round,4,430,sm,0.0,2.3,0.0,"[0.0, 0.0, 0.0]"
,152,Rock'n'Roll-Main Class Contact Style,Hope round,4,430,bm,0.0,8.0,0.0,"[0.0, 0.0, 0.0]"
,152,Rock'n'Roll-Main Class Contact Style,Final - Foot technique,1,179,DF,0.23,2.3,0.1,"[7.5, 7.5, 7.5, 7.5, 6.875, 7.5]"
,152,Rock'n'Roll-Main Class Contact Style,Final - Foot technique,1,179,CO,0.55,2.0,0.275,"[6.0, 5.0, 5.5, 4.5, 5.0, 6.0]"
,152,Rock'n'Roll-Main Class Contact Style,Final - Foot technique,1,179,FM,0.39,2.0,0.195,"[4.5, 5.0, 4.5, 4.75, 3.75, 4.25]"
,152,Rock'n'Roll-Main Class Contact Style,Final - Foot technique,1,179,FW,2.89,14.4,0.20069444444444445,"[-57.5, -50.0, -55.0, -52.5, -57.5, -57.5]"
,152,Rock'n'Roll-Main Class Contact Style,Final - Foot technique,1,179,sm,0.0,2.3,0.0,"[0.0, 0.0, 0.0, 0.0, 0.0, 0.0]"
,152,Rock'n'Roll-Main Class Contact Style,Final - Foot technique,1,179,bm,0.0,8.0,0.0,"[0.0, 0.0, 0.0, 0.0, 0.0, 0.0]"
,152,Rock'n'Roll-Main Class Contact Style,Final - Foot technique,2,148,DF,0.6,2.3,0.2608695652173913,"[6.25, 6.875, 6.875, 6.25, 7.5, 5.625]"
,152,Rock'n'Roll-Main Class Contact Style,Final - Foot technique,2,148,CO,0.48,2.0,0.24,"[5.0, 5.5, 5.5, 4.5, 6.0, 5.0]"
,152,Rock'n'Roll-Main Class Contact Style,Final - Foot technique,2,148,FM,0.47,2.0,0.235,"[3.75, 5.0, 4.5, 3.75, 4.25, 3.75]"
,152,Rock'n'Roll-Main Class Contact Style,Final - Foot technique,2,148,FW,2.89,14.4,0.20069444444444445,"[-57.5, -52.5, -57.5, -57.5, -62.5, -57.5]"
,152,Rock'n'Roll-Main Class Contact Style,Final - Foot technique,2,148,sm,0.0,2.3,0.0,"[0.0, 0.0, 0.0, 0.0, 0.0, 0.0]"
,152,Rock'n'Roll-Main Class Contact Style,Final - Foot technique,2,148,bm,0.0,8.0,0.0,"[0.0, 0.0, 0.0, 0.0, 0.0, 0.0]"
,152,Rock'n'Roll-Main Class Contact Style,Final - Foot technique,3,362,DF,0.29,2.3,0.12608695652173912,"[8.125, 8.125, 7.5, 7.5, 7.5, 7.5]"
,152,Rock'n'Roll-Main Class Contact Style,Final - Foot technique,3,362,CO,0.63,2.0,0.315,"[7.5, 6.0, 6.0, 6.5, 5.5, 6.0]"
,152,Rock'n'Roll-Main Class Contact Style,Final - Foot technique,3,362,FM,0.27,2.0,0.135,"[4.5, 5.0, 4.5, 4.75, 4.25, 4.25]"
,152,Rock'n'Roll-Main Class Contact Style,Final - Foot technique,3,362,FW,4.0,14.4,0.2777777777777778,"[-57.5, -50.0, -55.0, -52.5, -62.5, -57.5]"
,152,Rock'n'Roll-Main Class Contact Style,Final - Foot technique,3,362,sm,0.0,2.3,0.0,"[0.0, 0.0, 0.0, 0.0, 0.0, 0.0]"
,152,Rock'n'Roll-Main Class Contact Style,Final - Foot technique,3,362,bm,0.0,8.0,0.0,"[0.0, 0.0, 0.0, 0.0, 0.0, 0.0]"
,152,Rock'n'Roll-Main Class Contact Style,Final - Foot technique,4,283,DF,0.43,2.3,0.18695652173913044,"[6.25, 5.0, 5.625, 5.625, 6.25, 5.625]"
,152,Rock'n'Roll-Main Class Contact Style,Final - Foot technique,4,283,CO,0.99,2.0,0.495,"[6.0, 3.0, 4.0, 5.0, 5.5, 5.0]"
,152,Rock'n'Roll-Main Class Contact Style,Final - Foot technique,4,283,FM,0.37,2.0,0.185,"[3.25, 4.25, 3.25, 3.75, 3.75, 3.25]"
,152,Rock'n'Roll-Main Class Contact Style,Final - Foot technique,4,283,FW,3.44,14.4,0.23888888888888887,"[-62.5, -57.5, -62.5, -62.5, -67.5, -67.5]"
,152,Rock'n'Roll-Main Class Contact Style,Final - Foot technique,4,283,sm,0.0,2.3,0.0,"[0.0, 0.0, 0.0, 0.0, 0.0, 0.0]"
,152,Rock'n'Roll-Main Class Contact Style,Final - Foot technique,4,283,bm,0.0,8.0,0.0,"[0.0, 0.0, 0.0, 0.0, 0.0, 0.0]"
,152,Rock'n'Roll-Main Class Contact Style,Final - Foot technique,5,181,DF,0.78,2.3,0.33913043478260874,"[5.625, 6.25, 5.0, 5.625, 7.5, 6.25]"
,152,Rock'n'Roll-Main Class Contact Style,Final - Foot technique,5,181,CO,0.69,2.0,0.345,"[6.0, 5.0, 4.0, 5.0, 6.0, 5.5]"
,152,Rock'n'Roll-Main Class Contact Style,Final - Foot technique,5,181,FM,0.38,2.0,0.19,"[3.75, 4.75, 3.75, 3.75, 3.75, 4.25]"
,152,Rock'n'Roll-Main Class Contact Style,Final - Foot technique,5,181,FW,4.02,14.4,0.2791666666666666,"[-62.5, -52.5, -55.0, -62.5, -62.5, -57.5]"
,152,Rock'n'Roll-Main Class Contact Style,Final - Foot technique,5,181,sm,0.75,2.3,0.32608695652173914,"[0.0, -2.0, 0.0, 0.0, 0.0, 0.0]"
,152,Rock'n'Roll-Main Class Contact Style,Final - Foot technique,5,181,bm,0.0,8.0,0.0,"[0.0, 0.0, 0.0, 0.0, 0.0, 0.0]"
,152,Rock'n'Roll-Main Class Contact Style,Final - Foot technique,6,36,DF,0.51,2.3,0.22173913043478263,"[6.25, 6.875, 6.25, 5.625, 6.875, 5.625]"
,152,Rock'n'Roll-Main Class Contact Style,Final - Foot technique,6,36,CO,0.53,2.0,0.265,"[5.0, 4.5, 4.5, 6.0, 5.5, 5.0]"
,152,Rock'n'Roll-Main Class Contact Style,Final - Foot technique,6,36,FM,0.39,2.0,0.195,"[4.75, 5.0, 4.5, 4.5, 3.75, 4.25]"
,152,Rock'n'Roll-Main Class Contact Style,Final - Foot technique,6,36,FW,6.07,14.4,0.4215277777777778,"[-67.5, -52.5, -57.5, -57.5, -67.5, -67.5]"
,152,Rock'n'Roll-Main Class Contact Style,Final - Foot technique,6,36,sm,0.0,2.3,0.0,"[0.0, 0.0, 0.0, 0.0, 0.0, 0.0]"
,152,Rock'n'Roll-Main Class Contact Style,Final - Foot technique,6,36,bm,0.0,8.0,0.0,"[0.0, 0.0, 0.0, 0.0, 0.0, 0.0]"
,152,Rock'n'Roll-Main Class Contact Style,Final - Acrobatic,1,362,DF,0.29,2.3,0.12608695652173912,"[6.875, 7.5, 6.875]"
,152,Rock'n'Roll-Main Class Contact Style,Final - Acrobatic,1,362,CO,0.24,2.0,0.12,"[6.5, 6.0, 6.0]"
,152,Rock'n'Roll-Main Class Contact Style,Final - Acrobatic,1,362,FM,0.12,2.0,0.06,"[4.5, 4.5, 4.25]"
,152,Rock'n'Roll-Main Class Contact Style,Final - Acrobatic,1,362,FW,3.12,14.4,0.21666666666666667,"[-57.5, -55.0, -62.5]"
,152,Rock'n'Roll-Main Class Contact Style,Final - Acrobatic,1,362,sm,0.0,2.3,0.0,"[0.0, 0.0, 0.0]"
,152,Rock'n'Roll-Main Class Contact Style,Final - Acrobatic,1,362,bm,0.0,8.0,0.0,"[0.0, 0.0, 0.0]"
,152,Rock'n'Roll-Main Class Contact Style,Final - Acrobatic,2,283,DF,0.0,2.3,0.0,"[5.625, 5.625, 5.625]"
,152,Rock'n'Roll-Main Class Contact Style,Final - Acrobatic,2,283,CO,0.62,2.0,0.31,"[5.0, 3.5, 4.5]"
,152,Rock'n'Roll-Main Class Contact Style,Final - Acrobatic,2,283,FM,0.35,2.0,0.175,"[3.25, 3.25, 2.5]"
,152,Rock'n'Roll-Main Class Contact Style,Final - Acrobatic,2,283,FW,2.36,14.4,0.1638888888888889,"[-62.5, -67.5, -67.5]"
,152,Rock'n'Roll-Main Class Contact Style,Final - Acrobatic,2,283,sm,0.0,2.3,0.0,"[0.0, 0.0, 0.0]"
,152,Rock'n'Roll-Main Class Contact Style,Final - Acrobatic,2,283,bm,0.0,8.0,0.0,"[0.0, 0.0, 0.0]"
,152,Rock'n'Roll-Main Class Contact Style,Final - Acrobatic,3,36,DF,1.06,2.3,0.46086956521739136,"[5.625, 3.125, 5.0]"
,152,Rock'n'Roll-Main Class Contact Style,Final - Acrobatic,3,36,CO,0.82,2.0,0.41,"[4.5, 2.5, 3.5]"
,152,Rock'n'Roll-Main Class Contact Style,Final - Acrobatic,3,36,FM,0.12,2.0,0.06,"[4.5, 4.25, 4.25]"
,152,Rock'n'Roll-Main Class Contact Style,Final - Acrobatic,3,36,FW,3.54,14.4,0.24583333333333332,"[-67.5, -75.0, -67.5]"
,152,Rock'n'Roll-Main Class Contact Style,Final - Acrobatic,3,36,sm,0.0,2.3,0.0,"[0.0, 0.0, 0.0]"
,152,Rock'n'Roll-Main Class Contact Style,Final - Acrobatic,3,36,bm,0.0,8.0,0.0,"[0.0, 0.0, 0.0]"
,152,Rock'n'Roll-Main Class Contact Style,Final - Acrobatic,4,179,DF,0.78,2.3,0.33913043478260874,"[6.25, 5.625, 7.5]"
,152,Rock'n'Roll-Main Class Contact Style,Final - Acrobatic,4,179,CO,0.62,2.0,0.31,"[5.0, 4.5, 6.0]"
,152,Rock'n'Roll-Main Class Contact Style,Final - Acrobatic,4,179,FM,0.0,2.0,0.0,"[4.25, 4.25, 4.25]"
,152,Rock'n'Roll-Main Class Contact Style,Final - Acrobatic,4,179,FW,0.0,14.4,0.0,"[-57.5, -57.5, -57.5]"
,152,Rock'n'Roll-Main Class Contact Style,Final - Acrobatic,4,179,sm,0.0,2.3,0.0,"[0.0, 0.0, 0.0]"
,152,Rock'n'Roll-Main Class Contact Style,Final - Acrobatic,4,179,bm,0.0,8.0,0.0,"[0.0, 0.0, 0.0]"
,152,Rock'n'Roll-Main Class Contact Style,Final - Acrobatic,5,181,DF,0.78,2.3,0.33913043478260874,"[6.875, 5.625, 7.5]"
,152,Rock'n'Roll-Main Class Contact Style,Final - Acrobatic,5,181,CO,0.71,2.0,0.355,"[6.0, 4.5, 6.0]"
,152,Rock'n'Roll-Main Class Contact Style,Final - Acrobatic,5,181,FM,0.0,2.0,0.0,"[3.75, 3.75, 3.75]"
,152,Rock'n'Roll-Main Class Contact Style,Final - Acrobatic,5,181,FW,0.0,14.4,0.0,"[-62.5, -62.5, -62.5]"
,152,Rock'n'Roll-Main Class Contact Style,Final - Acrobatic,5,181,sm,0.0,2.3,0.0,"[0.0, 0.0, 0.0]"
,152,Rock'n'Roll-Main Class Contact Style,Final - Acrobatic,5,181,bm,0.0,8.0,0.0,"[0.0, 0.0, 0.0]"
,152,Rock'n'Roll-Main Class Contact Style,Final - Acrobatic,6,148,DF,1.06,2.3,0.46086956521739136,"[5.625, 3.75, 6.25]"
,152,Rock'n'Roll-Main Class Contact Style,Final - Acrobatic,6,148,CO,1.18,2.0,0.59,"[5.5, 3.0, 5.5]"
,152,Rock'n'Roll-Main Class Contact Style,Final - Acrobatic,6,148,FM,0.24,2.0,0.12,"[3.75, 3.25, 3.75]"
,152,Rock'n'Roll-Main Class Contact Style,Final - Acrobatic,6,148,FW,4.08,14.4,0.2833333333333333,"[-62.5, -67.5, -57.5]"
,152,Rock'n'Roll-Main Class Contact Style,Final - Acrobatic,6,148,sm,0.0,2.3,0.0,"[0.0, 0.0, 0.0]"
,152,Rock'n'Roll-Main Class Contact Style,Final - Acrobatic,6,148,bm,0.0,8.0,0.0,"[0.0, 0.0, 0.0]"
,152,Rock'n'Roll-Main Class Free Style,Final - Foot technique,1,184,DF,0.47,2.3,0.20434782608695654,"[7.5, 7.5, 6.875, 7.5, 6.875, 6.25]"
,152,Rock'n'Roll-Main Class Free Style,Final - Foot technique,1,184,CO,0.67,2.0,0.335,"[6.5, 5.5, 4.5, 6.0, 5.0, 6.0]"
,152,Rock'n'Roll-Main Class Free Style,Final - Foot technique,1,184,FM,0.37,2.0,0.185,"[4.5, 5.0, 4.5, 4.5, 3.75, 4.25]"
,152,Rock'n'Roll-Main Class Free Style,Final - Foot technique,1,184,FW,4.49,14.4,0.31180555555555556,"[-55.0, -50.0, -55.0, -55.0, -62.5, -62.5]"
,152,Rock'n'Roll-Main Class Free Style,Final - Foot technique,1,184,sm,0.0,2.3,0.0,"[0.0, 0.0, 0.0, 0.0, 0.0, 0.0]"
,152,Rock'n'Roll-Main Class Free Style,Final - Foot technique,1,184,bm,0.0,8.0,0.0,"[0.0, 0.0, 0.0, 0.0, 0.0, 0.0]"
,152,Rock'n'Roll-Main Class Free Style,Final - Foot technique,2,41,DF,0.88,2.3,0.3826086956521739,"[5.625, 5.625, 8.125, 5.625, 6.25, 6.25]"
,152,Rock'n'Roll-Main Class Free Style,Final - Foot technique,2,41,CO,0.63,2.0,0.315,"[5.0, 4.5, 6.0, 4.5, 5.5, 6.0]"
,152,Rock'n'Roll-Main Class Free Style,Final - Foot technique,2,41,FM,0.43,2.0,0.215,"[3.75, 5.0, 4.5, 4.25, 3.75, 4.25]"
,152,Rock'n'Roll-Main Class Free Style,Final - Foot technique,2,41,FW,4.79,14.4,0.3326388888888889,"[-62.5, -52.5, -57.5, -57.5, -62.5, -67.5]"
,152,Rock'n'Roll-Main Class Free Style,Final - Foot technique,2,41,sm,0.0,2.3,0.0,"[0.0, 0.0, 0.0, 0.0, 0.0, 0.0]"
,152,Rock'n'Roll-Main Class Free Style,Final - Foot technique,2,41,bm,0.0,8.0,0.0,"[0.0, 0.0, 0.0, 0.0, 0.0, 0.0]"
,152,Rock'n'Roll-Main Class Free Style,Final - Foot technique,3,222,DF,0.56,2.3,0.24347826086956526,"[5.625, 4.375, 5.0, 4.375, 5.625, 5.625]"
,152,Rock'n'Roll-Main Class Free Style,Final - Foot technique,3,222,CO,0.8,2.0,0.4,"[4.5, 4.0, 4.0, 3.0, 5.5, 5.0]"
,152,Rock'n'Roll-Main Class Free Style,Final - Foot technique,3,222,FM,0.34,2.0,0.17,"[3.75, 4.25, 3.75, 3.25, 3.75, 3.25]"
,152,Rock'n'Roll-Main Class Free Style,Final - Foot technique,3,222,FW,5.34,14.4,0.3708333333333333,"[-62.5, -52.5, -57.5, -62.5, -67.5, -67.5]"
,152,Rock'n'Roll-Main Class Free Style,Final - Foot technique,3,222,sm,0.94,2.3,0.40869565217391307,"[-2.0, -2.0, -2.0, 0.0, 0.0, -2.0]"
,152,Rock'n'Roll-Main Class Free Style,Final - Foot technique,3,222,bm,0.0,8.0,0.0,"[0.0, 0.0, 0.0, 0.0, 0.0, 0.0]"
,152,Rock'n'Roll-Main Class Free Style,Final - Foot technique,4,47,DF,0.93,2.3,0.4043478260869566,"[7.5, 5.625, 6.875, 8.75, 7.5, 7.5]"
,152,Rock'n'Roll-Main Class Free Style,Final - Foot technique,4,47,CO,0.38,2.0,0.19,"[7.0, 6.0, 6.0, 6.5, 6.0, 6.0]"
,152,Rock'n'Roll-Main Class Free Style,Final - Foot technique,4,47,FM,0.34,2.0,0.17,"[4.25, 4.75, 4.25, 4.75, 4.25, 3.75]"
,152,Rock'n'Roll-Main Class Free Style,Final - Foot technique,4,47,FW,3.44,14.4,0.23888888888888887,"[-57.5, -52.5, -57.5, -52.5, -62.5, -57.5]"
,152,Rock'n'Roll-Main Class Free Style,Final - Foot technique,4,47,sm,0.0,2.3,0.0,"[0.0, 0.0, 0.0, 0.0, 0.0, 0.0]"
,152,Rock'n'Roll-Main Class Free Style,Final - Foot technique,4,47,bm,0.0,8.0,0.0,"[0.0, 0.0, 0.0, 0.0, 0.0, 0.0]"
,152,Rock'n'Roll-Main Class Free Style,Final - Foot technique,5,63,DF,0.78,2.3,0.33913043478260874,"[5.625, 4.375, 5.625, 6.875, 6.25, 6.25]"
,152,Rock'n'Roll-Main Class Free Style,Final - Foot technique,5,63,CO,0.94,2.0,0.47,"[6.0, 3.0, 4.5, 5.5, 4.5, 4.5]"
,152,Rock'n'Roll-Main Class Free Style,Final - Foot technique,5,63,FM,0.4,2.0,0.2,"[3.75, 4.5, 3.75, 4.25, 3.25, 3.75]"
,152,Rock'n'Roll-Main Class Free Style,Final - Foot technique,5,63,FW,4.19,14.4,0.29097222222222224,"[-62.5, -55.0, -57.5, -57.5, -67.5, -62.5]"
,152,Rock'n'Roll-Main Class Free Style,Final - Foot technique,5,63,sm,0.0,2.3,0.0,"[0.0, 0.0, 0.0, 0.0, 0.0, 0.0]"
,152,Rock'n'Roll-Main Class Free Style,Final - Foot technique,5,63,bm,0.0,8.0,0.0,"[0.0, 0.0, 0.0, 0.0, 0.0, 0.0]"
,152,Rock'n'Roll-Main Class Free Style,Final - Acrobatic,1,222,DF,0.51,2.3,0.22173913043478263,"[5.625, 4.375, 5.0]"
,152,Rock'n'Roll-Main Class Free Style,Final - Acrobatic,1,222,CO,0.47,2.0,0.235,"[4.5, 3.5, 4.5]"
,152,Rock'n'Roll-Main Class Free Style,Final - Acrobatic,1,222,FM,0.72,2.0,0.36,"[4.25, 2.5, 3.25]"
,152,Rock'n'Roll-Main Class Free Style,Final - Acrobatic,1,222,FW,5.4,14.4,0.375,"[-55.0, -57.5, -67.5]"
,152,Rock'n'Roll-Main Class Free Style,Final - Acrobatic,1,222,sm,0.0,2.3,0.0,"[0.0, 0.0, 0.0]"
,152,Rock'n'Roll-Main Class Free Style,Final - Acrobatic,1,222,bm,4.71,8.0,0.58875,"[0.0, -10.0, 0.0]"
,152,Rock'n'Roll-Main Class Free Style,Final - Acrobatic,2,41,DF,0.29,2.3,0.12608695652173912,"[5.0, 5.625, 5.0]"
,152,Rock'n'Roll-Main Class Free Style,Final - Acrobatic,2,41,CO,0.71,2.0,0.355,"[6.0, 4.5, 4.5]"
,152,Rock'n'Roll-Main Class Free Style,Final - Acrobatic,2,41,FM,0.62,2.0,0.31,"[4.75, 4.25, 3.25]"
,152,Rock'n'Roll-Main Class Free Style,Final - Acrobatic,2,41,FW,5.4,14.4,0.375,"[-55.0, -57.5, -67.5]"
,152,Rock'n'Roll-Main Class Free Style,Final - Acrobatic,2,41,sm,0.0,2.3,0.0,"[0.0, 0.0, 0.0]"
,152,Rock'n'Roll-Main Class Free Style,Final - Acrobatic,2,41,bm,0.0,8.0,0.0,"[0.0, 0.0, 0.0]"
,152,Rock'n'Roll-Main Class Free Style,Final - Acrobatic,3,63,DF,0.29,2.3,0.12608695652173912,"[5.625, 5.0, 5.625]"
,152,Rock'n'Roll-Main Class Free Style,Final - Acrobatic,3,63,CO,0.62,2.0,0.31,"[4.0, 3.0, 4.5]"
,152,Rock'n'Roll-Main Class Free Style,Final - Acrobatic,3,63,FM,0.24,2.0,0.12,"[4.25, 3.75, 3.75]"
,152,Rock'n'Roll-Main Class Free Style,Final - Acrobatic,3,63,FW,5.4,14.4,0.375,"[-55.0, -57.5, -67.5]"
,152,Rock'n'Roll-Main Class Free Style,Final - Acrobatic,3,63,sm,1.89,2.3,0.8217391304347826,"[-4.0, 0.0, 0.0]"
yes,152,Rock'n'Roll-Main Class Free Style,Final - Acrobatic,3,63,bm,12.47,8.0,1.55875,"[0.0, -30.0, -10.0]"
,152,Rock'n'Roll-Main Class Free Style,Final - Acrobatic,4,184,DF,1.02,2.3,0.44347826086956527,"[7.5, 5.0, 6.25]"
,152,Rock'n'Roll-Main Class Free Style,Final - Acrobatic,4,184,CO,0.62,2.0,0.31,"[6.0, 4.5, 5.0]"
,152,Rock'n'Roll-Main Class Free Style,Final - Acrobatic,4,184,FM,0.51,2.0,0.255,"[5.0, 4.25, 3.75]"
,152,Rock'n'Roll-Main Class Free Style,Final - Acrobatic,4,184,FW,7.17,14.4,0.4979166666666667,"[-50.0, -57.5, -67.5]"
,152,Rock'n'Roll-Main Class Free Style,Final - Acrobatic,4,184,sm,0.0,2.3,0.0,"[0.0, 0.0, 0.0]"
,152,Rock'n'Roll-Main Class Free Style,Final - Acrobatic,4,184,bm,0.0,8.0,0.0,"[0.0, 0.0, 0.0]"
,152,Rock'n'Roll-Main Class Free Style,Final - Acrobatic,5,47,DF,1.06,2.3,0.46086956521739136,"[7.5, 5.0, 5.625]"
,152,Rock'n'Roll-Main Class Free Style,Final - Acrobatic,5,47,CO,0.62,2.0,0.31,"[6.0, 4.5, 5.5]"
,152,Rock'n'Roll-Main Class Free Style,Final - Acrobatic,5,47,FM,0.51,2.0,0.255,"[5.0, 4.25, 3.75]"
,152,Rock'n'Roll-Main Class Free Style,Final - Acrobatic,5,47,FW,5.14,14.4,0.3569444444444444,"[-50.0, -57.5, -62.5]"
,152,Rock'n'Roll-Main Class Free Style,Final - Acrobatic,5,47,sm,0.0,2.3,0.0,"[0.0, 0.0, 0.0]"
,152,Rock'n'Roll-Main Class Free Style,Final - Acrobatic,5,47,bm,0.0,8.0,0.0,"[0.0, 0.0, 0.0]"
,152,Rock'n'Roll-Main Class Start,First round,1,371,Acro 1,8.16,12.0,0.68,"[-15.0, -25.0, -5.0]"
,152,Rock'n'Roll-Main Class Start,First round,1,371,Acro 2,2.36,12.0,0.19666666666666666,"[-15.0, -15.0, -10.0]"
,152,Rock'n'Roll-Main Class Start,First round,1,371,Acro 3,6.24,12.0,0.52,"[-15.0, -25.0, -10.0]"
,152,Rock'n'Roll-Main Class Start,First round,1,371,Acro 4,8.16,12.0,0.68,"[-25.0, -35.0, -15.0]"
,152,Rock'n'Roll-Main Class Start,First round,1,371,Acro 5,4.71,12.0,0.3925,"[-35.0, -25.0, -25.0]"
,152,Rock'n'Roll-Main Class Start,First round,1,371,Acro 6,0.0,12.0,0.0,"[-1.0, -1.0, -1.0]"
,152,Rock'n'Roll-Main Class Start,First round,1,226,Acro 1,2.36,12.0,0.19666666666666666,"[-10.0, -5.0, -5.0]"
,152,Rock'n'Roll-Main Class Start,First round,1,226,Acro 2,2.36,12.0,0.19666666666666666,"[-15.0, -15.0, -10.0]"
,152,Rock'n'Roll-Main Class Start,First round,1,226,Acro 3,8.5,12.0,0.7083333333333334,"[-10.0, -25.0, -5.0]"
,152,Rock'n'Roll-Main Class Start,First round,1,226,Acro 4,4.71,12.0,0.3925,"[-25.0, -25.0, -15.0]"
,152,Rock'n'Roll-Main Class Start,First round,1,226,Acro 5,0.0,12.0,0.0,"[-15.0, -15.0, -15.0]"
,152,Rock'n'Roll-Main Class Start,First round,1,226,Acro 6,0.0,12.0,0.0,"[-1.0, -1.0, -1.0]"
,152,Rock'n'Roll-Main Class Start,First round,2,0,Acro 1,6.24,12.0,0.52,"[-15.0, -25.0, -10.0]"
,152,Rock'n'Roll-Main Class Start,First round,2,0,Acro 2,8.5,12.0,0.7083333333333334,"[-10.0, -25.0, -5.0]"
,152,Rock'n'Roll-Main Class Start,First round,2,0,Acro 3,4.71,12.0,0.3925,"[-15.0, -25.0, -15.0]"
,152,Rock'n'Roll-Main Class Start,First round,2,0,Acro 4,0.0,12.0,0.0,"[-15.0, -15.0, -15.0]"
,152,Rock'n'Roll-Main Class Start,First round,2,0,Acro 5,2.36,12.0,0.19666666666666666,"[-10.0, -10.0, -5.0]"
,152,Rock'n'Roll-Main Class Start,First round,2,0,Acro 6,0.0,12.0,0.0,"[-1.0, -1.0, -1.0]"
,152,Rock'n'Roll-Main Class Start,First round,2,197,Acro 1,8.5,12.0,0.7083333333333334,"[-5.0, -25.0, -10.0]"
,152,Rock'n'Roll-Main Class Start,First round,2,197,Acro 2,4.08,12.0,0.34,"[-10.0, -15.0, -5.0]"
,152,Rock'n'Roll-Main Class Start,First round,2,197,Acro 3,7.07,12.0,0.5891666666666667,"[-25.0, -25.0, -10.0]"
,152,Rock'n'Roll-Main Class Start,First round,2,197,Acro 4,9.43,12.0,0.7858333333333333,"[-35.0, -35.0, -15.0]"
,152,Rock'n'Roll-Main Class Start,First round,2,197,Acro 5,0.0,12.0,0.0,"[-15.0, -15.0, -15.0]"
,152,Rock'n'Roll-Main Class Start,First round,2,197,Acro 6,0.0,12.0,0.0,"[-1.0, -1.0, -1.0]"
,152,Rock'n'Roll-Main Class Start,First round,3,332,Acro 1,4.08,12.0,0.34,"[-10.0, -15.0, -5.0]"
,152,Rock'n'Roll-Main Class Start,First round,3,332,Acro 2,2.36,12.0,0.19666666666666666,"[-10.0, -10.0, -5.0]"
,152,Rock'n'Roll-Main Class Start,First round,3,332,Acro 3,11.79,12.0,0.9824999999999999,"[-50.0, -50.0, -25.0]"
,152,Rock'n'Roll-Main Class Start,First round,3,332,Acro 4,8.16,12.0,0.68,"[-35.0, -25.0, -15.0]"
,152,Rock'n'Roll-Main Class Start,First round,3,332,Acro 5,2.36,12.0,0.19666666666666666,"[-10.0, -15.0, -10.0]"
,152,Rock'n'Roll-Main Class Start,First round,3,332,Acro 6,0.0,12.0,0.0,"[-1.0, -1.0, -1.0]"
,152,Rock'n'Roll-Main Class Start,First round,3,223,Acro 1,4.71,12.0,0.3925,"[-25.0, -25.0, -15.0]"
,152,Rock'n'Roll-Main Class Start,First round,3,223,Acro 2,6.24,12.0,0.52,"[-10.0, -25.0, -15.0]"
,152,Rock'n'Roll-Main Class Start,First round,3,223,Acro 3,11.79,12.0,0.9824999999999999,"[-10.0, -35.0, -10.0]"
,152,Rock'n'Roll-Main Class Start,First round,3,223,Acro 4,4.71,12.0,0.3925,"[-25.0, -25.0, -15.0]"
,152,Rock'n'Roll-Main Class Start,First round,3,223,Acro 5,0.0,12.0,0.0,"[-35.0, -35.0, -35.0]"
,152,Rock'n'Roll-Main Class Start,First round,3,223,Acro 6,0.0,12.0,0.0,"[-1.0, -1.0, -1.0]"
,152,Rock'n'Roll-Main Class Start,First round,4,142,Acro 1,6.24,12.0,0.52,"[-5.0, -15.0, 0.0]"
,152,Rock'n'Roll-Main Class Start,First round,4,142,Acro 2,10.8,12.0,0.9,"[0.0, -25.0, -5.0]"
,152,Rock'n'Roll-Main Class Start,First round,4,142,Acro 3,6.24,12.0,0.52,"[-5.0, -15.0, 0.0]"
,152,Rock'n'Roll-Main Class Start,First round,4,142,Acro 4,2.36,12.0,0.19666666666666666,"[-10.0, -15.0, -15.0]"
,152,Rock'n'Roll-Main Class Start,First round,4,142,Acro 5,2.36,12.0,0.19666666666666666,"[-10.0, -15.0, -10.0]"
,152,Rock'n'Roll-Main Class Start,First round,4,142,Acro 6,0.0,12.0,0.0,"[-1.0, -1.0, -1.0]"
,152,Rock'n'Roll-Main Class Start,First round,4,236,Acro 1,6.24,12.0,0.52,"[0.0, -15.0, -5.0]"
,152,Rock'n'Roll-Main Class Start,First round,4,236,Acro 2,6.24,12.0,0.52,"[-10.0, -15.0, 0.0]"
,152,Rock'n'Roll-Main Class Start,First round,4,236,Acro 3,2.36,12.0,0.19666666666666666,"[-5.0, -10.0, -5.0]"
,152,Rock'n'Roll-Main Class Start,First round,4,236,Acro 4,4.71,12.0,0.3925,"[-15.0, -15.0, -5.0]"
,152,Rock'n'Roll-Main Class Start,First round,4,236,Acro 5,6.24,12.0,0.52,"[-10.0, -25.0, -15.0]"
,152,Rock'n'Roll-Main Class Start,First round,4,236,Acro 6,0.0,12.0,0.0,"[-1.0, -1.0, -1.0]"
,152,Rock'n'Roll-Main Class Start,Final,1,371,Acro 1,4.71,12.0,0.3925,"[-25.0, -15.0, -15.0]"
,152,Rock'n'Roll-Main Class Start,Final,1,371,Acro 2,6.24,12.0,0.52,"[-10.0, -25.0, -15.0]"
,152,Rock'n'Roll-Main Class Start,Final,1,371,Acro 3,2.36,12.0,0.19666666666666666,"[-15.0, -15.0, -10.0]"
,152,Rock'n'Roll-Main Class Start,Final,1,371,Acro 4,4.71,12.0,0.3925,"[-25.0, -25.0, -15.0]"
yes,152,Rock'n'Roll-Main Class Start,Final,1,371,Acro 5,14.34,12.0,1.195,"[-50.0, -35.0, -15.0]"
,152,Rock'n'Roll-Main Class Start,Final,1,371,Acro 6,4.71,12.0,0.3925,"[-35.0, -25.0, -35.0]"
,152,Rock'n'Roll-Main Class Start,Final,2,223,Acro 1,4.71,12.0,0.3925,"[-35.0, -25.0, -25.0]"
,152,Rock'n'Roll-Main Class Start,Final,2,223,Acro 2,2.36,12.0,0.19666666666666666,"[-10.0, -15.0, -15.0]"
,152,Rock'n'Roll-Main Class Start,Final,2,223,Acro 3,2.36,12.0,0.19666666666666666,"[-10.0, -15.0, -10.0]"
,152,Rock'n'Roll-Main Class Start,Final,2,223,Acro 4,4.71,12.0,0.3925,"[-25.0, -15.0, -25.0]"
,152,Rock'n'Roll-Main Class Start,Final,2,223,Acro 5,9.43,12.0,0.7858333333333333,"[-35.0, -15.0, -35.0]"
,152,Rock'n'Roll-Main Class Start,Final,2,223,Acro 6,7.07,12.0,0.5891666666666667,"[-35.0, -35.0, -50.0]"
,152,Rock'n'Roll-Main Class Start,Final,3,236,Acro 1,2.36,12.0,0.19666666666666666,"[-15.0, -15.0, -10.0]"
,152,Rock'n'Roll-Main Class Start,Final,3,236,Acro 2,4.71,12.0,0.3925,"[-15.0, -15.0, -5.0]"
,152,Rock'n'Roll-Main Class Start,Final,3,236,Acro 3,2.36,12.0,0.19666666666666666,"[-15.0, -15.0, -10.0]"
,152,Rock'n'Roll-Main Class Start,Final,3,236,Acro 4,6.24,12.0,0.52,"[-10.0, -15.0, 0.0]"
,152,Rock'n'Roll-Main Class Start,Final,3,236,Acro 5,4.71,12.0,0.3925,"[-15.0, -25.0, -15.0]"
,152,Rock'n'Roll-Main Class Start,Final,3,236,Acro 6,4.71,12.0,0.3925,"[-35.0, -25.0, -25.0]"
,152,Rock'n'Roll-Main Class Start,Final,4,226,Acro 1,4.08,12.0,0.34,"[0.0, -10.0, -5.0]"
,152,Rock'n'Roll-Main Class Start,Final,4,226,Acro 2,4.71,12.0,0.3925,"[-25.0, -15.0, -15.0]"
,152,Rock'n'Roll-Main Class Start,Final,4,226,Acro 3,8.5,12.0,0.7083333333333334,"[-5.0, -25.0, -10.0]"
,152,Rock'n'Roll-Main Class Start,Final,4,226,Acro 4,4.71,12.0,0.3925,"[-5.0, -15.0, -5.0]"
,152,Rock'n'Roll-Main Class Start,Final,4,226,Acro 5,4.71,12.0,0.3925,"[-25.0, -25.0, -15.0]"
,152,Rock'n'Roll-Main Class Start,Final,4,226,Acro 6,2.36,12.0,0.19666666666666666,"[-15.0, -10.0, -10.0]"
,152,Rock'n'Roll-Main Class Start,Final,5,60,Acro 1,8.16,12.0,0.68,"[-5.0, -25.0, -15.0]"
,152,Rock'n'Roll-Main Class Start,Final,5,60,Acro 2,4.71,12.0,0.3925,"[-25.0, -25.0, -15.0]"
,152,Rock'n'Roll-Main Class Start,Final,5,60,Acro 3,2.36,12.0,0.19666666666666666,"[-10.0, -15.0, -10.0]"
,152,Rock'n'Roll-Main Class Start,Final,5,60,Acro 4,7.07,12.0,0.5891666666666667,"[-10.0, -25.0, -10.0]"
,152,Rock'n'Roll-Main Class Start,Final,5,60,Acro 5,0.0,12.0,0.0,"[-15.0, -15.0, -15.0]"
,152,Rock'n'Roll-Main Class Start,Final,5,60,Acro 6,10.8,12.0,0.9,"[-10.0, -15.0, -35.0]"
,152,Rock'n'Roll-Main Class Start,Final,6,142,Acro 1,4.71,12.0,0.3925,"[-5.0, -15.0, -5.0]"
,152,Rock'n'Roll-Main Class Start,Final,6,142,Acro 2,4.71,12.0,0.3925,"[0.0, -10.0, -10.0]"
,152,Rock'n'Roll-Main Class Start,Final,6,142,Acro 3,4.08,12.0,0.34,"[-5.0, -10.0, 0.0]"
yes,152,Rock'n'Roll-Main Class Start,Final,6,142,Acro 4,16.5,12.0,1.375,"[-10.0, -50.0, -25.0]"
,152,Rock'n'Roll-Main Class Start,Final,6,142,Acro 5,2.36,12.0,0.19666666666666666,"[-10.0, -15.0, -10.0]"
,152,Rock'n'Roll-Main Class Start,Final,6,142,Acro 6,2.36,12.0,0.19666666666666666,"[-10.0, -15.0, -10.0]"
,152,Rock'n'Roll-Main Class Contact Style,First round,1,71,Acro 1,6.24,12.0,0.52,"[-25.0, -15.0, -10.0]"
,152,Rock'n'Roll-Main Class Contact Style,First round,1,71,Acro 2,6.24,12.0,0.52,"[-25.0, -10.0, -15.0]"
,152,Rock'n'Roll-Main Class Contact Style,First round,1,71,Acro 3,4.71,12.0,0.3925,"[-25.0, -15.0, -15.0]"
,152,Rock'n'Roll-Main Class Contact Style,First round,1,71,Acro 4,8.16,12.0,0.68,"[-15.0, -25.0, -35.0]"
,152,Rock'n'Roll-Main Class Contact Style,First round,1,71,Acro 5,6.24,12.0,0.52,"[-10.0, -15.0, -25.0]"
,152,Rock'n'Roll-Main Class Contact Style,First round,1,71,Acro 6,0.0,12.0,0.0,"[-1.0, -1.0, -1.0]"
,152,Rock'n'Roll-Main Class Contact Style,First round,1,148,Acro 1,4.08,12.0,0.34,"[-5.0, -10.0, -15.0]"
,152,Rock'n'Roll-Main Class Contact Style,First round,1,148,Acro 2,2.36,12.0,0.19666666666666666,"[-10.0, -10.0, -15.0]"
,152,Rock'n'Roll-Main Class Contact Style,First round,1,148,Acro 3,2.36,12.0,0.19666666666666666,"[-15.0, -10.0, -15.0]"
yes,152,Rock'n'Roll-Main Class Contact Style,First round,1,148,Acro 4,13.12,12.0,1.0933333333333333,"[-5.0, -10.0, -35.0]"
,152,Rock'n'Roll-Main Class Contact Style,First round,1,148,Acro 5,8.5,12.0,0.7083333333333334,"[-10.0, -5.0, -25.0]"
,152,Rock'n'Roll-Main Class Contact Style,First round,1,148,Acro 6,0.0,12.0,0.0,"[-1.0, -1.0, -1.0]"
,152,Rock'n'Roll-Main Class Contact Style,First round,2,300,Acro 1,4.08,12.0,0.34,"[-10.0, -15.0, -5.0]"
,152,Rock'n'Roll-Main Class Contact Style,First round,2,300,Acro 2,6.24,12.0,0.52,"[-15.0, -25.0, -10.0]"
,152,Rock'n'Roll-Main Class Contact Style,First round,2,300,Acro 3,4.71,12.0,0.3925,"[-15.0, -15.0, -25.0]"
,152,Rock'n'Roll-Main Class Contact Style,First round,2,300,Acro 4,2.36,12.0,0.19666666666666666,"[-10.0, -15.0, -15.0]"
,152,Rock'n'Roll-Main Class Contact Style,First round,2,300,Acro 5,4.71,12.0,0.3925,"[-25.0, -15.0, -15.0]"
,152,Rock'n'Roll-Main Class Contact Style,First round,2,300,Acro 6,0.0,12.0,0.0,"[-1.0, -1.0, -1.0]"
,152,Rock'n'Roll-Main Class Contact Style,First round,2,181,Acro 1,2.36,12.0,0.19666666666666666,"[-15.0, -10.0, -10.0]"
,152,Rock'n'Roll-Main Class Contact Style,First round,2,181,Acro 2,4.71,12.0,0.3925,"[-15.0, -15.0, -25.0]"
,152,Rock'n'Roll-Main Class Contact Style,First round,2,181,Acro 3,2.36,12.0,0.19666666666666666,"[-10.0, -15.0, -10.0]"
,152,Rock'n'Roll-Main Class Contact Style,First round,2,181,Acro 4,8.16,12.0,0.68,"[-5.0, -15.0, -25.0]"
,152,Rock'n'Roll-Main Class Contact Style,First round,2,181,Acro 5,4.71,12.0,0.3925,"[-25.0, -15.0, -15.0]"
,152,Rock'n'Roll-Main Class Contact Style,First round,2,181,Acro 6,0.0,12.0,0.0,"[-1.0, -1.0, -1.0]"
,152,Rock'n'Roll-Main Class Contact Style,First round,3,28,Acro 1,4.71,12.0,0.3925,"[-15.0, -15.0, -25.0]"
,152,Rock'n'Roll-Main Class Contact Style,First round,3,28,Acro 2,8.5,12.0,0.7083333333333334,"[-5.0, -10.0, -25.0]"
,152,Rock'n'Roll-Main Class Contact Style,First round,3,28,Acro 3,6.24,12.0,0.52,"[-10.0, -15.0, -25.0]"
,152,Rock'n'Roll-Main Class Contact Style,First round,3,28,Acro 4,9.43,12.0,0.7858333333333333,"[-15.0, -15.0, -35.0]"
,152,Rock'n'Roll-Main Class Contact Style,First round,3,28,Acro 5,8.5,12.0,0.7083333333333334,"[-5.0, -10.0, -25.0]"
,152,Rock'n'Roll-Main Class Contact Style,First round,3,28,Acro 6,0.0,12.0,0.0,"[-1.0, -1.0, -1.0]"
,152,Rock'n'Roll-Main Class Contact Style,First round,3,363,Acro 1,0.0,12.0,0.0,"[-15.0, -15.0, -15.0]"
,152,Rock'n'Roll-Main Class Contact Style,First round,3,363,Acro 2,7.07,12.0,0.5891666666666667,"[-10.0, -25.0, -25.0]"
,152,Rock'n'Roll-Main Class Contact Style,First round,3,363,Acro 3,0.0,12.0,0.0,"[-75.0, -75.0, -75.0]"
,152,Rock'n'Roll-Main Class Contact Style,First round,3,363,Acro 4,8.16,12.0,0.68,"[-15.0, -25.0, -35.0]"
,152,Rock'n'Roll-Main Class Contact Style,First round,3,363,Acro 5,7.07,12.0,0.5891666666666667,"[-50.0, -35.0, -50.0]"
,152,Rock'n'Roll-Main Class Contact Style,First round,3,363,Acro 6,0.0,12.0,0.0,"[-1.0, -1.0, -1.0]"
,152,Rock'n'Roll-Main Class Contact Style,First round,4,179,Acro 1,8.16,12.0,0.68,"[-25.0, -15.0, -35.0]"
,152,Rock'n'Roll-Main Class Contact Style,First round,4,179,Acro 2,0.0,12.0,0.0,"[-10.0, -10.0, -10.0]"
,152,Rock'n'Roll-Main Class Contact Style,First round,4,179,Acro 3,7.07,12.0,0.5891666666666667,"[-10.0, -10.0, -25.0]"
,152,Rock'n'Roll-Main Class Contact Style,First round,4,179,Acro 4,0.0,12.0,0.0,"[-15.0, -15.0, -15.0]"
,152,Rock'n'Roll-Main Class Contact Style,First round,4,179,Acro 5,9.43,12.0,0.7858333333333333,"[-15.0, -15.0, -35.0]"
,152,Rock'n'Roll-Main Class Contact Style,First round,4,179,Acro 6,0.0,12.0,0.0,"[-1.0, -1.0, -1.0]"
,152,Rock'n'Roll-Main Class Contact Style,First round,4,160,Acro 1,4.08,12.0,0.34,"[-5.0, -15.0, -10.0]"
,152,Rock'n'Roll-Main Class Contact Style,First round,4,160,Acro 2,6.24,12.0,0.52,"[-10.0, -15.0, -25.0]"
,152,Rock'n'Roll-Main Class Contact Style,First round,4,160,Acro 3,4.71,12.0,0.3925,"[-15.0, -25.0, -15.0]"
,152,Rock'n'Roll-Main Class Contact Style,First round,4,160,Acro 4,4.71,12.0,0.3925,"[-25.0, -25.0, -35.0]"
,152,Rock'n'Roll-Main Class Contact Style,First round,4,160,Acro 5,10.27,12.0,0.8558333333333333,"[-35.0, -25.0, -50.0]"
,152,Rock'n'Roll-Main Class Contact Style,First round,4,160,Acro 6,0.0,12.0,0.0,"[-1.0, -1.0, -1.0]"
,152,Rock'n'Roll-Main Class Contact Style,First round,5,36,Acro 1,2.36,12.0,0.19666666666666666,"[-15.0, -10.0, -10.0]"
,152,Rock'n'Roll-Main Class Contact Style,First round,5,36,Acro 2,9.43,12.0,0.7858333333333333,"[-35.0, -15.0, -35.0]"
,152,Rock'n'Roll-Main Class Contact Style,First round,5,36,Acro 3,4.71,12.0,0.3925,"[-25.0, -25.0, -35.0]"
yes,152,Rock'n'Roll-Main Class Contact Style,First round,5,36,Acro 4,16.5,12.0,1.375,"[-75.0, -35.0, -50.0]"
,152,Rock'n'Roll-Main Class Contact Style,First round,5,36,Acro 5,4.71,12.0,0.3925,"[-25.0, -25.0, -35.0]"
,152,Rock'n'Roll-Main Class Contact Style,First round,5,36,Acro 6,0.0,12.0,0.0,"[-1.0, -1.0, -1.0]"
,152,Rock'n'Roll-Main Class Contact Style,First round,5,430,Acro 1,4.08,12.0,0.34,"[-10.0, -15.0, -5.0]"
,152,Rock'n'Roll-Main Class Contact Style,First round,5,430,Acro 2,10.8,12.0,0.9,"[-15.0, -35.0, -10.0]"
,152,Rock'n'Roll-Main Class Contact Style,First round,5,430,Acro 3,4.71,12.0,0.3925,"[-15.0, -25.0, -25.0]"
,152,Rock'n'Roll-Main Class Contact Style,First round,5,430,Acro 4,4.71,12.0,0.3925,"[-25.0, -25.0, -35.0]"
yes,152,Rock'n'Roll-Main Class Contact Style,First round,5,430,Acro 5,16.5,12.0,1.375,"[-75.0, -35.0, -50.0]"
,152,Rock'n'Roll-Main Class Contact Style,First round,5,430,Acro 6,0.0,12.0,0.0,"[-1.0, -1.0, -1.0]"
,152,Rock'n'Roll-Main Class Contact Style,First round,6,283,Acro 1,8.16,12.0,0.68,"[-25.0, -35.0, -15.0]"
,152,Rock'n'Roll-Main Class Contact Style,First round,6,283,Acro 2,0.0,12.0,0.0,"[-15.0, -15.0, -15.0]"
,152,Rock'n'Roll-Main Class Contact Style,First round,6,283,Acro 3,9.43,12.0,0.7858333333333333,"[-35.0, -15.0, -35.0]"
,152,Rock'n'Roll-Main Class Contact Style,First round,6,283,Acro 4,6.24,12.0,0.52,"[-25.0, -15.0, -10.0]"
,152,Rock'n'Roll-Main Class Contact Style,First round,6,283,Acro 5,11.79,12.0,0.9824999999999999,"[-25.0, -25.0, -50.0]"
,152,Rock'n'Roll-Main Class Contact Style,First round,6,283,Acro 6,0.0,12.0,0.0,"[-1.0, -1.0, -1.0]"
,152,Rock'n'Roll-Main Class Contact Style,First round,6,362,Acro 1,2.36,12.0,0.19666666666666666,"[0.0, -5.0, -5.0]"
,152,Rock'n'Roll-Main Class Contact Style,First round,6,362,Acro 2,2.36,12.0,0.19666666666666666,"[-5.0, -5.0, 0.0]"
,152,Rock'n'Roll-Main Class Contact Style,First round,6,362,Acro 3,4.71,12.0,0.3925,"[-25.0, -15.0, -15.0]"
,152,Rock'n'Roll-Main Class Contact Style,First round,6,362,Acro 4,4.71,12.0,0.3925,"[-15.0, -25.0, -25.0]"
,152,Rock'n'Roll-Main Class Contact Style,First round,6,362,Acro 5,4.08,12.0,0.34,"[-5.0, -15.0, -10.0]"
,152,Rock'n'Roll-Main Class Contact Style,First round,6,362,Acro 6,0.0,12.0,0.0,"[-1.0, -1.0, -1.0]"
,152,Rock'n'Roll-Main Class Contact Style,Hope round,1,28,Acro 1,4.71,12.0,0.3925,"[-35.0, -35.0, -25.0]"
,152,Rock'n'Roll-Main Class Contact Style,Hope round,1,28,Acro 2,2.36,12.0,0.19666666666666666,"[-10.0, -15.0, -15.0]"
,152,Rock'n'Roll-Main Class Contact Style,Hope round,1,28,Acro 3,10.8,12.0,0.9,"[-10.0, -15.0, -35.0]"
,152,Rock'n'Roll-Main Class Contact Style,Hope round,1,28,Acro 4,0.0,12.0,0.0,"[-15.0, -15.0, -15.0]"
,152,Rock'n'Roll-Main Class Contact Style,Hope round,1,28,Acro 5,2.36,12.0,0.19666666666666666,"[-10.0, -15.0, -10.0]"
,152,Rock'n'Roll-Main Class Contact Style,Hope round,1,28,Acro 6,0.0,12.0,0.0,"[-1.0, -1.0, -1.0]"
,152,Rock'n'Roll-Main Class Contact Style,Hope round,1,283,Acro 1,0.0,12.0,0.0,"[-15.0, -15.0, -15.0]"
,152,Rock'n'Roll-Main Class Contact Style,Hope round,1,283,Acro 2,0.0,12.0,0.0,"[-25.0, -25.0, -25.0]"
,152,Rock'n'Roll-Main Class Contact Style,Hope round,1,283,Acro 3,4.71,12.0,0.3925,"[-15.0, -15.0, -25.0]"
,152,Rock'n'Roll-Main Class Contact Style,Hope round,1,283,Acro 4,0.0,12.0,0.0,"[-10.0, -10.0, -10.0]"
,152,Rock'n'Roll-Main Class Contact Style,Hope round,1,283,Acro 5,9.43,12.0,0.7858333333333333,"[-15.0, -15.0, -35.0]"
,152,Rock'n'Roll-Main Class Contact Style,Hope round,1,283,Acro 6,0.0,12.0,0.0,"[-1.0, -1.0, -1.0]"
,152,Rock'n'Roll-Main Class Contact Style,Hope round,2,363,Acro 1,0.0,12.0,0.0,"[-15.0, -15.0, -15.0]"
,152,Rock'n'Roll-Main Class Contact Style,Hope round,2,363,Acro 2,2.36,12.0,0.19666666666666666,"[-15.0, -10.0, -15.0]"
,152,Rock'n'Roll-Main Class Contact Style,Hope round,2,363,Acro 3,0.0,12.0,0.0,"[-15.0, -15.0, -15.0]"
,152,Rock'n'Roll-Main Class Contact Style,Hope round,2,363,Acro 4,6.24,12.0,0.52,"[-10.0, -15.0, -25.0]"
,152,Rock'n'Roll-Main Class Contact Style,Hope round,2,363,Acro 5,11.79,12.0,0.9824999999999999,"[-100.0, -75.0, -75.0]"
,152,Rock'n'Roll-Main Class Contact Style,Hope round,2,363,Acro 6,0.0,12.0,0.0,"[-1.0, -1.0, -1.0]"
,152,Rock'n'Roll-Main Class Contact Style,Hope round,2,71,Acro 1,2.36,12.0,0.19666666666666666,"[-15.0, -10.0, -10.0]"
,152,Rock'n'Roll-Main Class Contact Style,Hope round,2,71,Acro 2,10.8,12.0,0.9,"[-35.0, -10.0, -15.0]"
,152,Rock'n'Roll-Main Class Contact Style,Hope round,2,71,Acro 3,11.79,12.0,0.9824999999999999,"[-50.0, -25.0, -25.0]"
,152,Rock'n'Roll-Main Class Contact Style,Hope round,2,71,Acro 4,4.71,12.0,0.3925,"[-25.0, -15.0, -25.0]"
,152,Rock'n'Roll-Main Class Contact Style,Hope round,2,71,Acro 5,4.71,12.0,0.3925,"[-25.0, -15.0, -15.0]"
,152,Rock'n'Roll-Main Class Contact Style,Hope round,2,71,Acro 6,0.0,12.0,0.0,"[-1.0, -1.0, -1.0]"
,152,Rock'n'Roll-Main Class Contact Style,Hope round,3,300,Acro 1,0.0,12.0,0.0,"[-10.0, -10.0, -10.0]"
,152,Rock'n'Roll-Main Class Contact Style,Hope round,3,300,Acro 2,6.24,12.0,0.52,"[-25.0, -15.0, -10.0]"
,152,Rock'n'Roll-Main Class Contact Style,Hope round,3,300,Acro 3,9.43,12.0,0.7858333333333333,"[-15.0, -15.0, -35.0]"
,152,Rock'n'Roll-Main Class Contact Style,Hope round,3,300,Acro 4,4.71,12.0,0.3925,"[-35.0, -25.0, -35.0]"
,152,Rock'n'Roll-Main Class Contact Style,Hope round,3,300,Acro 5,4.71,12.0,0.3925,"[-25.0, -15.0, -15.0]"
,152,Rock'n'Roll-Main Class Contact Style,Hope round,3,300,Acro 6,0.0,12.0,0.0,"[-1.0, -1.0, -1.0]"
,152,Rock'n'Roll-Main Class Contact Style,Hope round,3,160,Acro 1,2.36,12.0,0.19666666666666666,"[-15.0, -10.0, -15.0]"
,152,Rock'n'Roll-Main Class Contact Style,Hope round,3,160,Acro 2,6.24,12.0,0.52,"[-25.0, -10.0, -15.0]"
,152,Rock'n'Roll-Main Class Contact Style,Hope round,3,160,Acro 3,0.0,12.0,0.0,"[-15.0, -15.0, -15.0]"
,152,Rock'n'Roll-Main Class Contact Style,Hope round,3,160,Acro 4,2.36,12.0,0.19666666666666666,"[-10.0, -10.0, -15.0]"
yes,152,Rock'n'Roll-Main Class Contact Style,Hope round,3,160,Acro 5,16.5,12.0,1.375,"[-50.0, -15.0, -50.0]"
,152,Rock'n'Roll-Main Class Contact Style,Hope round,3,160,Acro 6,0.0,12.0,0.0,"[-1.0, -1.0, -1.0]"
,152,Rock'n'Roll-Main Class Contact Style,Hope round,4,36,Acro 1,8.16,12.0,0.68,"[-35.0, -15.0, -25.0]"
,152,Rock'n'Roll-Main Class Contact Style,Hope round,4,36,Acro 2,7.07,12.0,0.5891666666666667,"[-25.0, -10.0, -25.0]"
,152,Rock'n'Roll-Main Class Contact Style,Hope round,4,36,Acro 3,8.16,12.0,0.68,"[-15.0, -25.0, -35.0]"
,152,Rock'n'Roll-Main Class Contact Style,Hope round,4,36,Acro 4,10.8,12.0,0.9,"[-15.0, -10.0, -35.0]"
,152,Rock'n'Roll-Main Class Contact Style,Hope round,4,36,Acro 5,10.8,12.0,0.9,"[-10.0, -15.0, -35.0]"
,152,Rock'n'Roll-Main Class Contact Style,Hope round,4,36,Acro 6,0.0,12.0,0.0,"[-1.0, -1.0, -1.0]"
,152,Rock'n'Roll-Main Class Contact Style,Hope round,4,430,Acro 1,0.0,12.0,0.0,"[-10.0, -10.0, -10.0]"
,152,Rock'n'Roll-Main Class Contact Style,Hope round,4,430,Acro 2,4.71,12.0,0.3925,"[-5.0, -15.0, -15.0]"
,152,Rock'n'Roll-Main Class Contact Style,Hope round,4,430,Acro 3,7.07,12.0,0.5891666666666667,"[-10.0, -10.0, -25.0]"
,152,Rock'n'Roll-Main Class Contact Style,Hope round,4,430,Acro 4,9.43,12.0,0.7858333333333333,"[-5.0, -25.0, -25.0]"
yes,152,Rock'n'Roll-Main Class Contact Style,Hope round,4,430,Acro 5,18.86,12.0,1.5716666666666665,"[-35.0, -35.0, -75.0]"
,152,Rock'n'Roll-Main Class Contact Style,Hope round,4,430,Acro 6,0.0,12.0,0.0,"[-1.0, -1.0, -1.0]"
,152,Rock'n'Roll-Main Class Contact Style,Final - Acrobatic,1,362,Acro 1,4.08,12.0,0.34,"[-10.0, -5.0, -15.0]"
,152,Rock'n'Roll-Main Class Contact Style,Final - Acrobatic,1,362,Acro 2,6.24,12.0,0.52,"[0.0, -5.0, -15.0]"
,152,Rock'n'Roll-Main Class Contact Style,Final - Acrobatic,1,362,Acro 3,4.08,12.0,0.34,"[-5.0, -10.0, -15.0]"
,152,Rock'n'Roll-Main Class Contact Style,Final - Acrobatic,1,362,Acro 4,2.36,12.0,0.19666666666666666,"[-15.0, -10.0, -15.0]"
,152,Rock'n'Roll-Main Class Contact Style,Final - Acrobatic,1,362,Acro 5,0.0,12.0,0.0,"[-15.0, -15.0, -15.0]"
,152,Rock'n'Roll-Main Class Contact Style,Final - Acrobatic,1,362,Acro 6,4.08,12.0,0.34,"[0.0, -10.0, -5.0]"
,152,Rock'n'Roll-Main Class Contact Style,Final - Acrobatic,2,283,Acro 1,6.24,12.0,0.52,"[-10.0, -15.0, -25.0]"
,152,Rock'n'Roll-Main Class Contact Style,Final - Acrobatic,2,283,Acro 2,4.71,12.0,0.3925,"[-25.0, -15.0, -25.0]"
,152,Rock'n'Roll-Main Class Contact Style,Final - Acrobatic,2,283,Acro 3,0.0,12.0,0.0,"[-15.0, -15.0, -15.0]"
,152,Rock'n'Roll-Main Class Contact Style,Final - Acrobatic,2,283,Acro 4,4.71,12.0,0.3925,"[-25.0, -15.0, -25.0]"
,152,Rock'n'Roll-Main Class Contact Style,Final - Acrobatic,2,283,Acro 5,4.71,12.0,0.3925,"[-15.0, -15.0, -25.0]"
,152,Rock'n'Roll-Main Class Contact Style,Final - Acrobatic,2,283,Acro 6,10.8,12.0,0.9,"[-35.0, -10.0, -15.0]"
,152,Rock'n'Roll-Main Class Contact Style,Final - Acrobatic,3,36,Acro 1,11.79,12.0,0.9824999999999999,"[-10.0, -10.0, -35.0]"
,152,Rock'n'Roll-Main Class Contact Style,Final - Acrobatic,3,36,Acro 2,7.07,12.0,0.5891666666666667,"[-25.0, -10.0, -25.0]"
,152,Rock'n'Roll-Main Class Contact Style,Final - Acrobatic,3,36,Acro 3,8.16,12.0,0.68,"[-5.0, -15.0, -25.0]"
,152,Rock'n'Roll-Main Class Contact Style,Final - Acrobatic,3,36,Acro 4,2.36,12.0,0.19666666666666666,"[-5.0, -10.0, -10.0]"
,152,Rock'n'Roll-Main Class Contact Style,Final - Acrobatic,3,36,Acro 5,0.0,12.0,0.0,"[-15.0, -15.0, -15.0]"
,152,Rock'n'Roll-Main Class Contact Style,Final - Acrobatic,3,36,Acro 6,4.71,12.0,0.3925,"[-15.0, -25.0, -25.0]"
,152,Rock'n'Roll-Main Class Contact Style,Final - Acrobatic,4,179,Acro 1,4.08,12.0,0.34,"[-5.0, -10.0, 0.0]"
,152,Rock'n'Roll-Main Class Contact Style,Final - Acrobatic,4,179,Acro 2,2.36,12.0,0.19666666666666666,"[-10.0, -15.0, -15.0]"
,152,Rock'n'Roll-Main Class Contact Style,Final - Acrobatic,4,179,Acro 3,2.36,12.0,0.19666666666666666,"[-5.0, -5.0, 0.0]"
,152,Rock'n'Roll-Main Class Contact Style,Final - Acrobatic,4,179,Acro 4,2.36,12.0,0.19666666666666666,"[-10.0, -15.0, -15.0]"
,152,Rock'n'Roll-Main Class Contact Style,Final - Acrobatic,4,179,Acro 5,2.36,12.0,0.19666666666666666,"[-10.0, -15.0, -15.0]"
,152,Rock'n'Roll-Main Class Contact Style,Final - Acrobatic,4,179,Acro 6,10.27,12.0,0.8558333333333333,"[-25.0, -10.0, -35.0]"
,152,Rock'n'Roll-Main Class Contact Style,Final - Acrobatic,5,181,Acro 1,2.36,12.0,0.19666666666666666,"[-15.0, -15.0, -10.0]"
,152,Rock'n'Roll-Main Class Contact Style,Final - Acrobatic,5,181,Acro 2,2.36,12.0,0.19666666666666666,"[-15.0, -10.0, -15.0]"
,152,Rock'n'Roll-Main Class Contact Style,Final - Acrobatic,5,181,Acro 3,9.43,12.0,0.7858333333333333,"[-15.0, -15.0, -35.0]"
,152,Rock'n'Roll-Main Class Contact Style,Final - Acrobatic,5,181,Acro 4,10.8,12.0,0.9,"[-10.0, -15.0, -35.0]"
,152,Rock'n'Roll-Main Class Contact Style,Final - Acrobatic,5,181,Acro 5,7.07,12.0,0.5891666666666667,"[-10.0, -10.0, -25.0]"
,152,Rock'n'Roll-Main Class Contact Style,Final - Acrobatic,5,181,Acro 6,6.24,12.0,0.52,"[-10.0, -15.0, -25.0]"
,152,Rock'n'Roll-Main Class Contact Style,Final - Acrobatic,6,148,Acro 1,0.0,12.0,0.0,"[-5.0, -5.0, -5.0]"
,152,Rock'n'Roll-Main Class Contact Style,Final - Acrobatic,6,148,Acro 2,7.07,12.0,0.5891666666666667,"[-10.0, -10.0, -25.0]"
,152,Rock'n'Roll-Main Class Contact Style,Final - Acrobatic,6,148,Acro 3,7.07,12.0,0.5891666666666667,"[-10.0, -25.0, -25.0]"
,152,Rock'n'Roll-Main Class Contact Style,Final - Acrobatic,6,148,Acro 4,2.36,12.0,0.19666666666666666,"[-5.0, -10.0, -10.0]"
,152,Rock'n'Roll-Main Class Contact Style,Final - Acrobatic,6,148,Acro 5,7.07,12.0,0.5891666666666667,"[-10.0, -10.0, -25.0]"
,152,Rock'n'Roll-Main Class Contact Style,Final - Acrobatic,6,148,Acro 6,0.0,12.0,0.0,"[-15.0, -15.0, -15.0]"
,152,Rock'n'Roll-Main Class Free Style,Final - Acrobatic,1,222,Acro 1,2.36,12.0,0.19666666666666666,"[-15.0, -15.0, -10.0]"
,152,Rock'n'Roll-Main Class Free Style,Final - Acrobatic,1,222,Acro 2,0.0,12.0,0.0,"[-10.0, -10.0, -10.0]"
,152,Rock'n'Roll-Main Class Free Style,Final - Acrobatic,1,222,Acro 3,4.71,12.0,0.3925,"[-25.0, -35.0, -25.0]"
,152,Rock'n'Roll-Main Class Free Style,Final - Acrobatic,1,222,Acro 4,4.71,12.0,0.3925,"[-25.0, -15.0, -25.0]"
,152,Rock'n'Roll-Main Class Free Style,Final - Acrobatic,1,222,Acro 5,2.36,12.0,0.19666666666666666,"[-15.0, -15.0, -10.0]"
,152,Rock'n'Roll-Main Class Free Style,Final - Acrobatic,1,222,Acro 6,11.79,12.0,0.9824999999999999,"[-75.0, -75.0, -50.0]"
,152,Rock'n'Roll-Main Class Free Style,Final - Acrobatic,2,41,Acro 1,0.0,12.0,0.0,"[-50.0, -50.0, -50.0]"
,152,Rock'n'Roll-Main Class Free Style,Final - Acrobatic,2,41,Acro 2,0.0,12.0,0.0,"[-10.0, -10.0, -10.0]"
,152,Rock'n'Roll-Main Class Free Style,Final - Acrobatic,2,41,Acro 3,6.24,12.0,0.52,"[-25.0, -10.0, -15.0]"
,152,Rock'n'Roll-Main Class Free Style,Final - Acrobatic,2,41,Acro 4,10.27,12.0,0.8558333333333333,"[-35.0, -10.0, -25.0]"
,152,Rock'n'Roll-Main Class Free Style,Final - Acrobatic,2,41,Acro 5,4.08,12.0,0.34,"[-10.0, -5.0, -15.0]"
,152,Rock'n'Roll-Main Class Free Style,Final - Acrobatic,2,41,Acro 6,2.36,12.0,0.19666666666666666,"[-5.0, -10.0, -10.0]"
,152,Rock'n'Roll-Main Class Free Style,Final - Acrobatic,3,63,Acro 1,0.0,12.0,0.0,"[-5.0, -5.0, -5.0]"
,152,Rock'n'Roll-Main Class Free Style,Final - Acrobatic,3,63,Acro 2,0.0,12.0,0.0,"[-10.0, -10.0, -10.0]"
,152,Rock'n'Roll-Main Class Free Style,Final - Acrobatic,3,63,Acro 3,4.71,12.0,0.3925,"[-15.0, -25.0, -25.0]"
,152,Rock'n'Roll-Main Class Free Style,Final - Acrobatic,3,63,Acro 4,0.0,12.0,0.0,"[-10.0, -10.0, -10.0]"
,152,Rock'n'Roll-Main Class Free Style,Final - Acrobatic,3,63,Acro 5,2.36,12.0,0.19666666666666666,"[-15.0, -10.0, -15.0]"
,152,Rock'n'Roll-Main Class Free Style,Final - Acrobatic,3,63,Acro 6,0.0,12.0,0.0,"[-100.0, -100.0, -100.0]"
,152,Rock'n'Roll-Main Class Free Style,Final - Acrobatic,4,184,Acro 1,0.0,12.0,0.0,"[-5.0, -5.0, -5.0]"
,152,Rock'n'Roll-Main Class Free Style,Final - Acrobatic,4,184,Acro 2,2.36,12.0,0.19666666666666666,"[-10.0, -10.0, -15.0]"
,152,Rock'n'Roll-Main Class Free Style,Final - Acrobatic,4,184,Acro 3,0.0,12.0,0.0,"[-10.0, -10.0, -10.0]"
,152,Rock'n'Roll-Main Class Free Style,Final - Acrobatic,4,184,Acro 4,2.36,12.0,0.19666666666666666,"[-15.0, -10.0, -10.0]"
,152,Rock'n'Roll-Main Class Free Style,Final - Acrobatic,4,184,Acro 5,2.36,12.0,0.19666666666666666,"[-10.0, -15.0, -10.0]"
,152,Rock'n'Roll-Main Class Free Style,Final - Acrobatic,4,184,Acro 6,2.36,12.0,0.19666666666666666,"[0.0, -5.0, -5.0]"
,152,Rock'n'Roll-Main Class Free Style,Final - Acrobatic,5,47,Acro 1,2.36,12.0,0.19666666666666666,"[0.0, -5.0, -5.0]"
,152,Rock'n'Roll-Main Class Free Style,Final - Acrobatic,5,47,Acro 2,4.08,12.0,0.34,"[-10.0, -15.0, -5.0]"
,152,Rock'n'Roll-Main Class Free Style,Final - Acrobatic,5,47,Acro 3,0.0,12.0,0.0,"[-5.0, -5.0, -5.0]"
,152,Rock'n'Roll-Main Class Free Style,Final - Acrobatic,5,47,Acro 4,2.36,12.0,0.19666666666666666,"[-10.0, -5.0, -5.0]"
,152,Rock'n'Roll-Main Class Free Style,Final - Acrobatic,5,47,Acro 5,2.36,12.0,0.19666666666666666,"[-10.0, -10.0, -15.0]"
,152,Rock'n'Roll-Main Class Free Style,Final - Acrobatic,5,47,Acro 6,4.71,12.0,0.3925,"[0.0, -10.0, 0.0]"
