rt_id,Judge,Type,Category,Round,Heat,Stn,stanica,FWL1,FWM1,DF1,CDP1,sm,bm,turnir,krit,val1,val2,val3,Acro 1,Acro 2,Acro 3,Acro 4,Acro 5,Acro 6,Acro 7,Acro 8
1552,A,,Rock'n'Roll-Juveniles,First round,1,153,1,-35,-35,10,8,0,0,143,DF,1,1,2,0,0,0,0,0,0,-1,-1
1552,A,,Rock'n'Roll-Juveniles,First round,1,155,1,-25,-35,10,6,0,0,143,CDP,1,1,1,0,0,0,0,0,0,-1,-1
1552,A,,Rock'n'Roll-Juveniles,First round,1,155,1,-25,-35,10,6,0,0,143,DF,1,1,2,0,0,0,0,0,0,-1,-1
1552,A,,Rock'n'Roll-Juveniles,First round,1,153,1,-35,-35,10,8,0,0,143,CDP,1,1.5,1.5,0,0,0,0,0,0,-1,-1
1552,A,,Rock'n'Roll-Juveniles,First round,2,135,1,-25,-35,10,8,0,0,143,CDP,1,1.5,1.5,0,0,0,0,0,0,-1,-1
1552,A,,Rock'n'Roll-Juveniles,First round,2,135,1,-25,-35,10,8,0,0,143,DF,1,1.5,1.5,0,0,0,0,0,0,-1,-1
1552,A,,Rock'n'Roll-Juveniles,First round,2,182,1,-10,-25,13.75,10,0,0,143,CDP,1.5,2,1.5,0,0,0,0,0,0,-1,-1
1552,A,,Rock'n'Roll-Juveniles,First round,2,182,1,-10,-25,13.75,10,0,0,143,DF,1.5,2,2,0,0,0,0,0,0,-1,-1
1552,A,,Rock'n'Roll-Juveniles,First round,3,78,1,-5,-5,16.25,12,0,0,143,CDP,2,2,2,0,0,0,0,0,0,-1,-1
1552,A,,Rock'n'Roll-Juveniles,First round,3,149,1,-15,-15,11.25,8,-2,0,143,DF,1,1.5,2,0,0,0,0,0,0,-1,-1
1552,A,,Rock'n'Roll-Juveniles,First round,3,78,1,-5,-5,16.25,12,0,0,143,DF,2,2,2,0,0,0,0,0,0,-1,-1
1552,A,,Rock'n'Roll-Juveniles,First round,3,149,1,-15,-15,11.25,8,-2,0,143,CDP,1.5,1.5,1,0,0,0,0,0,0,-1,-1
1552,A,,Rock'n'Roll-Juveniles,First round,4,7,1,-15,-25,10,7,-2,0,143,CDP,1,1.5,1,0,0,0,0,0,0,-1,-1
1552,A,,Rock'n'Roll-Juveniles,First round,4,7,1,-15,-25,10,7,-2,0,143,DF,0.5,1.5,2,0,0,0,0,0,0,-1,-1
1552,A,,Rock'n'Roll-Juveniles,First round,4,235,1,-10,-10,16.25,11,0,0,143,CDP,1.5,2,2,0,0,0,0,0,0,-1,-1
1552,A,,Rock'n'Roll-Juveniles,First round,4,235,1,-10,-10,16.25,11,0,0,143,DF,2,2,2,0,0,0,0,0,0,-1,-1
1552,B,,Rock'n'Roll-Juveniles,First round,1,155,2,-35,-50,6.25,6,-4,0,143,DF,1,0.5,1,0,0,0,0,0,0,-1,-1
1552,B,,Rock'n'Roll-Juveniles,First round,1,153,2,-25,-25,7.5,7,0,0,143,CDP,1,1.5,1,0,0,0,0,0,0,-1,-1
1552,B,,Rock'n'Roll-Juveniles,First round,1,153,2,-25,-25,7.5,7,0,0,143,DF,1,1,1,0,0,0,0,0,0,-1,-1
1552,B,,Rock'n'Roll-Juveniles,First round,1,155,2,-35,-50,6.25,6,-4,0,143,CDP,1,1,1,0,0,0,0,0,0,-1,-1
1552,B,,Rock'n'Roll-Juveniles,First round,2,135,2,-15,-35,8.75,6,0,0,143,CDP,1,1,1,0,0,0,0,0,0,-1,-1
1552,B,,Rock'n'Roll-Juveniles,First round,2,135,2,-15,-35,8.75,6,0,0,143,DF,1,1,1.5,0,0,0,0,0,0,-1,-1
1552,B,,Rock'n'Roll-Juveniles,First round,2,182,2,-15,-15,12.5,8,0,0,143,CDP,1,1.5,1.5,0,0,0,0,0,0,-1,-1
1552,B,,Rock'n'Roll-Juveniles,First round,2,182,2,-15,-15,12.5,8,0,0,143,DF,1.5,2,1.5,0,0,0,0,0,0,-1,-1
1552,B,,Rock'n'Roll-Juveniles,First round,3,78,2,-10,-25,13.75,9,0,0,143,DF,1.5,2,2,0,0,0,0,0,0,-1,-1
1552,B,,Rock'n'Roll-Juveniles,First round,3,149,2,-15,-35,10,7,0,0,143,CDP,1,1.5,1,0,0,0,0,0,0,-1,-1
1552,B,,Rock'n'Roll-Juveniles,First round,3,78,2,-10,-25,13.75,9,0,0,143,CDP,1.5,1.5,1.5,0,0,0,0,0,0,-1,-1
1552,B,,Rock'n'Roll-Juveniles,First round,3,149,2,-15,-35,10,7,0,0,143,DF,1.5,1,1.5,0,0,0,0,0,0,-1,-1
1552,B,,Rock'n'Roll-Juveniles,First round,4,7,2,-50,-50,6.25,4,0,0,143,CDP,1,0.5,0.5,0,0,0,0,0,0,-1,-1
1552,B,,Rock'n'Roll-Juveniles,First round,4,7,2,-50,-50,6.25,4,0,0,143,DF,1,0.5,1,0,0,0,0,0,0,-1,-1
1552,B,,Rock'n'Roll-Juveniles,First round,4,235,2,-25,-15,12.5,9,0,0,143,CDP,1.5,1.5,1.5,0,0,0,0,0,0,-1,-1
1552,B,,Rock'n'Roll-Juveniles,First round,4,235,2,-25,-15,12.5,9,0,0,143,DF,1.5,1.5,2,0,0,0,0,0,0,-1,-1
1552,C,,Rock'n'Roll-Juveniles,First round,1,155,3,-35,-50,7.5,8,0,0,143,DF,1,1,1,0,0,0,0,0,0,-1,-1
1552,C,,Rock'n'Roll-Juveniles,First round,1,155,3,-35,-50,7.5,8,0,0,143,CDP,1.5,1,1.5,0,0,0,0,0,0,-1,-1
1552,C,,Rock'n'Roll-Juveniles,First round,1,153,3,-35,-35,10,8,0,0,143,DF,1.5,1.5,1,0,0,0,0,0,0,-1,-1
1552,C,,Rock'n'Roll-Juveniles,First round,1,153,3,-35,-35,10,8,0,0,143,CDP,1.5,1,1.5,0,0,0,0,0,0,-1,-1
1552,C,,Rock'n'Roll-Juveniles,First round,2,135,3,-10,-10,11.25,9,0,0,143,DF,1.5,1.5,1.5,0,0,0,0,0,0,-1,-1
1552,C,,Rock'n'Roll-Juveniles,First round,2,182,3,-15,-25,12.5,9,-2,0,143,CDP,1.5,1.5,1.5,0,0,0,0,0,0,-1,-1
1552,C,,Rock'n'Roll-Juveniles,First round,2,182,3,-15,-25,12.5,9,-2,0,143,DF,2,1.5,1.5,0,0,0,0,0,0,-1,-1
1552,C,,Rock'n'Roll-Juveniles,First round,2,135,3,-10,-10,11.25,9,0,0,143,CDP,1.5,1.5,1.5,0,0,0,0,0,0,-1,-1
1552,C,,Rock'n'Roll-Juveniles,First round,3,149,3,-25,-35,8.75,9,0,0,143,DF,1,1,1.5,0,0,0,0,0,0,-1,-1
1552,C,,Rock'n'Roll-Juveniles,First round,3,78,3,-15,-15,11.25,9,0,0,143,CDP,1.5,1.5,1.5,0,0,0,0,0,0,-1,-1
1552,C,,Rock'n'Roll-Juveniles,First round,3,78,3,-15,-15,11.25,9,0,0,143,DF,1.5,1.5,1.5,0,0,0,0,0,0,-1,-1
1552,C,,Rock'n'Roll-Juveniles,First round,3,149,3,-25,-35,8.75,9,0,0,143,CDP,1.5,1.5,1.5,0,0,0,0,0,0,-1,-1
1552,C,,Rock'n'Roll-Juveniles,First round,4,235,3,-25,-25,8.75,8,0,0,143,DF,1,1,1.5,0,0,0,0,0,0,-1,-1
1552,C,,Rock'n'Roll-Juveniles,First round,4,235,3,-25,-25,8.75,8,0,0,143,CDP,1,1.5,1.5,0,0,0,0,0,0,-1,-1
1552,C,,Rock'n'Roll-Juveniles,First round,4,7,3,-35,-25,10,9,0,0,143,CDP,1,2,1.5,0,0,0,0,0,0,-1,-1
1552,C,,Rock'n'Roll-Juveniles,First round,4,7,3,-35,-25,10,9,0,0,143,DF,1,1.5,1.5,0,0,0,0,0,0,-1,-1
1552,D,,Rock'n'Roll-Juveniles,First round,1,155,4,-35,-35,11.25,6,-2,0,143,DF,1.5,1.5,1.5,0,0,0,0,0,0,-1,-1
1552,D,,Rock'n'Roll-Juveniles,First round,1,153,4,-35,-25,11.25,10,0,0,143,CDP,2,1.5,1.5,0,0,0,0,0,0,-1,-1
1552,D,,Rock'n'Roll-Juveniles,First round,1,153,4,-35,-25,11.25,10,0,0,143,DF,1.5,1.5,1.5,0,0,0,0,0,0,-1,-1
1552,D,,Rock'n'Roll-Juveniles,First round,1,155,4,-35,-35,11.25,6,-2,0,143,CDP,1,1,1,0,0,0,0,0,0,-1,-1
1552,D,,Rock'n'Roll-Juveniles,First round,2,182,4,-15,-35,11.25,9,0,0,143,DF,1.5,1.5,1.5,0,0,0,0,0,0,-1,-1
1552,D,,Rock'n'Roll-Juveniles,First round,2,182,4,-15,-35,11.25,9,0,0,143,CDP,1.5,1.5,1.5,0,0,0,0,0,0,-1,-1
1552,D,,Rock'n'Roll-Juveniles,First round,2,135,4,-15,-15,12.5,10,0,0,143,DF,1.5,1.5,2,0,0,0,0,0,0,-1,-1
1552,D,,Rock'n'Roll-Juveniles,First round,2,135,4,-15,-15,12.5,10,0,0,143,CDP,1.5,1.5,2,0,0,0,0,0,0,-1,-1
1552,D,,Rock'n'Roll-Juveniles,First round,3,78,4,-10,-10,13.75,12,0,0,143,CDP,1.5,2,2.5,0,0,0,0,0,0,-1,-1
1552,D,,Rock'n'Roll-Juveniles,First round,3,78,4,-10,-10,13.75,12,0,0,143,DF,1.5,2,2,0,0,0,0,0,0,-1,-1
1552,D,,Rock'n'Roll-Juveniles,First round,3,149,4,-15,-15,11.25,9,0,0,143,CDP,1.5,1.5,1.5,0,0,0,0,0,0,-1,-1
1552,D,,Rock'n'Roll-Juveniles,First round,3,149,4,-15,-15,11.25,9,0,0,143,DF,1.5,1.5,1.5,0,0,0,0,0,0,-1,-1
1552,D,,Rock'n'Roll-Juveniles,First round,4,7,4,-35,-50,8.75,8,-2,0,143,DF,1,1.5,1,0,0,0,0,0,0,-1,-1
1552,D,,Rock'n'Roll-Juveniles,First round,4,235,4,-10,-10,16.25,13,0,0,143,CDP,2,2.5,2,0,0,0,0,0,0,-1,-1
1552,D,,Rock'n'Roll-Juveniles,First round,4,7,4,-35,-50,8.75,8,-2,0,143,CDP,1,1.5,1.5,0,0,0,0,0,0,-1,-1
1552,D,,Rock'n'Roll-Juveniles,First round,4,235,4,-10,-10,16.25,13,0,0,143,DF,2,2.5,2,0,0,0,0,0,0,-1,-1
1552,E,,Rock'n'Roll-Juveniles,First round,1,153,5,-25,-25,11.25,9,0,0,143,CDP,1.5,1.5,1.5,0,0,0,0,0,0,-1,-1
1552,E,,Rock'n'Roll-Juveniles,First round,1,153,5,-25,-25,11.25,9,0,0,143,DF,1.5,1.5,1.5,0,0,0,0,0,0,-1,-1
1552,E,,Rock'n'Roll-Juveniles,First round,1,155,5,-50,-75,6.25,3,0,0,143,CDP,0.5,0.5,0.5,0,0,0,0,0,0,-1,-1
1552,E,,Rock'n'Roll-Juveniles,First round,1,155,5,-50,-75,6.25,3,0,0,143,DF,1,1,0.5,0,0,0,0,0,0,-1,-1
1552,E,,Rock'n'Roll-Juveniles,First round,2,135,5,-25,-25,12.5,7,0,0,143,CDP,1.5,1,1,0,0,0,0,0,0,-1,-1
1552,E,,Rock'n'Roll-Juveniles,First round,2,182,5,-10,-25,12.5,10,0,0,143,DF,1.5,2,1.5,0,0,0,0,0,0,-1,-1
1552,E,,Rock'n'Roll-Juveniles,First round,2,182,5,-10,-25,12.5,10,0,0,143,CDP,1.5,2,1.5,0,0,0,0,0,0,-1,-1
1552,E,,Rock'n'Roll-Juveniles,First round,2,135,5,-25,-25,12.5,7,0,0,143,DF,1.5,1.5,2,0,0,0,0,0,0,-1,-1
1552,E,,Rock'n'Roll-Juveniles,First round,3,78,5,-10,-10,17.5,12,0,0,143,CDP,2,2,2,0,0,0,0,0,0,-1,-1
1552,E,,Rock'n'Roll-Juveniles,First round,3,78,5,-10,-10,17.5,12,0,0,143,DF,2.5,2,2.5,0,0,0,0,0,0,-1,-1
1552,E,,Rock'n'Roll-Juveniles,First round,3,149,5,-15,-15,15,11,0,0,143,CDP,2,1.5,2,0,0,0,0,0,0,-1,-1
1552,E,,Rock'n'Roll-Juveniles,First round,3,149,5,-15,-15,15,11,0,0,143,DF,2,2,2,0,0,0,0,0,0,-1,-1
1552,E,,Rock'n'Roll-Juveniles,First round,4,7,5,-50,-75,2.5,3,0,0,143,DF,0,0.5,0.5,0,0,0,0,0,0,-1,-1
1552,E,,Rock'n'Roll-Juveniles,First round,4,235,5,-25,-35,13.75,8,0,0,143,CDP,1.5,1,1.5,0,0,0,0,0,0,-1,-1
1552,E,,Rock'n'Roll-Juveniles,First round,4,7,5,-50,-75,2.5,3,0,0,143,CDP,0.5,0.5,0.5,0,0,0,0,0,0,-1,-1
1552,E,,Rock'n'Roll-Juveniles,First round,4,235,5,-25,-35,13.75,8,0,0,143,DF,2,1.5,2,0,0,0,0,0,0,-1,-1
1554,A,,Rock'n'Roll-Kids,Final,1,134,1,-25,-25,10,9,0,0,143,CDP,1,2,1.5,0,0,0,0,0,0,-1,-1
1554,A,,Rock'n'Roll-Kids,Final,1,134,1,-25,-25,10,9,0,0,143,DF,0.5,2,1.5,0,0,0,0,0,0,-1,-1
1554,B,,Rock'n'Roll-Kids,Final,1,134,2,-15,-25,8.75,7,0,0,143,CDP,1,1.5,1,0,0,0,0,0,0,-1,-1
1554,B,,Rock'n'Roll-Kids,Final,1,134,2,-15,-25,8.75,7,0,0,143,DF,1,1.5,1,0,0,0,0,0,0,-1,-1
1554,C,,Rock'n'Roll-Kids,Final,1,134,3,-25,-35,7.5,8,0,0,143,CDP,1,1.5,1.5,0,0,0,0,0,0,-1,-1
1554,C,,Rock'n'Roll-Kids,Final,1,134,3,-25,-35,7.5,8,0,0,143,DF,0.5,1.5,1,0,0,0,0,0,0,-1,-1
1554,D,,Rock'n'Roll-Kids,Final,1,134,4,-15,-15,8.75,9,0,0,143,CDP,1.5,1.5,1.5,0,0,0,0,0,0,-1,-1
1554,D,,Rock'n'Roll-Kids,Final,1,134,4,-15,-15,8.75,9,0,0,143,DF,1,1.5,1,0,0,0,0,0,0,-1,-1
1554,E,,Rock'n'Roll-Kids,Final,1,134,5,-50,-50,7.5,5,-4,0,143,CDP,0.5,1,1,0,0,0,0,0,0,-1,-1
1554,E,,Rock'n'Roll-Kids,Final,1,134,5,-50,-50,7.5,5,-4,0,143,DF,1,1,1,0,0,0,0,0,0,-1,-1
1557,A,,Rock'n'Roll-Beginners,Final,1,193,1,-35,-35,12.5,9,0,0,143,CDP,1.5,2,1,0,0,0,0,0,0,-1,-1
1557,A,,Rock'n'Roll-Beginners,Final,1,193,1,-35,-35,12.5,9,0,0,143,DF,1,2,2,0,0,0,0,0,0,-1,-1
1557,A,,Rock'n'Roll-Beginners,Final,2,27,1,-35,-25,11.25,9,0,0,143,CDP,1,2,1.5,0,0,0,0,0,0,-1,-1
1557,A,,Rock'n'Roll-Beginners,Final,2,27,1,-35,-25,11.25,9,0,0,143,DF,1,2,1.5,0,0,0,0,0,0,-1,-1
1557,A,,Rock'n'Roll-Beginners,Final,3,57,1,-25,-25,13.75,11,-4,0,143,CDP,1,2,2,0,0,0,0,0,0,-1,-1
1557,A,,Rock'n'Roll-Beginners,Final,3,57,1,-25,-25,13.75,11,-4,0,143,DF,1,2,2,0,0,0,0,0,0,-1,-1
1557,A,,Rock'n'Roll-Beginners,Final,4,62,1,-25,-35,11.3,9,-10,0,143,DF,1,1.5,1.5,0,0,0,0,0,0,-1,-1
1557,A,,Rock'n'Roll-Beginners,Final,4,62,1,-25,-35,11.3,9,-10,0,143,CDP,1,1.5,1.5,0,0,0,0,0,0,-1,-1
1557,A,,Rock'n'Roll-Beginners,Final,5,3,1,-25,-35,12.5,8,0,0,143,CDP,1,1.5,1,0,0,0,0,0,0,-1,-1
1557,A,,Rock'n'Roll-Beginners,Final,5,3,1,-25,-35,12.5,8,0,0,143,DF,1,1.5,2,0,0,0,0,0,0,-1,-1
1557,A,,Rock'n'Roll-Beginners,Final,6,214,1,-25,-25,12.5,10,0,0,143,CDP,1,1.5,2,0,0,0,0,0,0,-1,-1
1557,A,,Rock'n'Roll-Beginners,Final,6,214,1,-25,-25,12.5,10,0,0,143,DF,1,2,1.5,0,0,0,0,0,0,-1,-1
1557,B,,Rock'n'Roll-Beginners,Final,1,193,2,-35,-50,10,7,0,0,143,DF,1.5,1,1.5,0,0,0,0,0,0,-1,-1
1557,B,,Rock'n'Roll-Beginners,Final,1,193,2,-35,-50,10,7,0,0,143,CDP,1,1.5,1,0,0,0,0,0,0,-1,-1
1557,B,,Rock'n'Roll-Beginners,Final,2,27,2,-50,-15,10,8,0,0,143,DF,1,1.5,1.5,0,0,0,0,0,0,-1,-1
1557,B,,Rock'n'Roll-Beginners,Final,2,27,2,-50,-15,10,8,0,0,143,CDP,1,1.5,1.5,0,0,0,0,0,0,-1,-1
1557,B,,Rock'n'Roll-Beginners,Final,3,57,2,-35,-25,10,8,0,0,143,CDP,1.5,1,1.5,0,0,0,0,0,0,-1,-1
1557,B,,Rock'n'Roll-Beginners,Final,3,57,2,-35,-25,10,8,0,0,143,DF,1.5,1,1.5,0,0,0,0,0,0,-1,-1
1557,B,,Rock'n'Roll-Beginners,Final,4,62,2,-35,-35,8.8,5,0,-10,143,CDP,1,1,0.5,0,0,0,0,0,0,-1,-1
1557,B,,Rock'n'Roll-Beginners,Final,4,62,2,-35,-35,8.8,5,0,-10,143,DF,1,1,1.5,0,0,0,0,0,0,-1,-1
1557,B,,Rock'n'Roll-Beginners,Final,5,3,2,-25,-75,7.5,7,0,0,143,DF,1,1,1,0,0,0,0,0,0,-1,-1
1557,B,,Rock'n'Roll-Beginners,Final,5,3,2,-25,-75,7.5,7,0,0,143,CDP,1,1.5,1,0,0,0,0,0,0,-1,-1
1557,B,,Rock'n'Roll-Beginners,Final,6,214,2,-35,-35,10,8,0,0,143,CDP,1.5,1.5,1,0,0,0,0,0,0,-1,-1
1557,B,,Rock'n'Roll-Beginners,Final,6,214,2,-35,-35,10,8,0,0,143,DF,1,1,2,0,0,0,0,0,0,-1,-1
1557,C,,Rock'n'Roll-Beginners,Final,1,193,3,-50,-50,7.5,8,0,0,143,CDP,1,1.5,1.5,0,0,0,0,0,0,-1,-1
1557,C,,Rock'n'Roll-Beginners,Final,1,193,3,-50,-50,7.5,8,0,0,143,DF,1,0.5,1.5,0,0,0,0,0,0,-1,-1
1557,C,,Rock'n'Roll-Beginners,Final,2,27,3,-50,-50,8.75,9,0,0,143,CDP,1.5,1.5,1.5,0,0,0,0,0,0,-1,-1
1557,C,,Rock'n'Roll-Beginners,Final,2,27,3,-50,-50,8.75,9,0,0,143,DF,1,1.5,1,0,0,0,0,0,0,-1,-1
1557,C,,Rock'n'Roll-Beginners,Final,3,57,3,-50,-50,8.75,5,0,0,143,CDP,1,1,0.5,0,0,0,0,0,0,-1,-1
1557,C,,Rock'n'Roll-Beginners,Final,3,57,3,-50,-50,8.75,5,0,0,143,DF,1,1,1,0,0,0,0,0,0,-1,-1
1557,C,,Rock'n'Roll-Beginners,Final,4,62,3,-50,-35,10,8,-4,0,143,CDP,1,1.5,1.5,0,0,0,0,0,0,-1,-1
1557,C,,Rock'n'Roll-Beginners,Final,4,62,3,-50,-35,10,8,-4,0,143,DF,1,1,1.5,0,0,0,0,0,0,-1,-1
1557,C,,Rock'n'Roll-Beginners,Final,5,3,3,-50,-50,8.75,9,-2,0,143,CDP,1,2,1.5,0,0,0,0,0,0,-1,-1
1557,C,,Rock'n'Roll-Beginners,Final,5,3,3,-50,-50,8.75,9,-2,0,143,DF,0.5,1,1.5,0,0,0,0,0,0,-1,-1
1557,C,,Rock'n'Roll-Beginners,Final,6,214,3,-35,-35,11.25,9,0,0,143,CDP,1.5,1.5,1.5,0,0,0,0,0,0,-1,-1
1557,C,,Rock'n'Roll-Beginners,Final,6,214,3,-35,-35,11.25,9,0,0,143,DF,1,1.5,1.5,0,0,0,0,0,0,-1,-1
1557,D,,Rock'n'Roll-Beginners,Final,1,193,4,-15,-35,12.5,8,0,0,143,CDP,1,1.5,1.5,0,0,0,0,0,0,-1,-1
1557,D,,Rock'n'Roll-Beginners,Final,1,193,4,-15,-35,12.5,8,0,0,143,DF,1.5,2,1.5,0,0,0,0,0,0,-1,-1
1557,D,,Rock'n'Roll-Beginners,Final,2,27,4,-25,-15,12.5,10,0,0,143,CDP,2,1.5,1.5,0,0,0,0,0,0,-1,-1
1557,D,,Rock'n'Roll-Beginners,Final,2,27,4,-25,-15,12.5,10,0,0,143,DF,1.5,1.5,2,0,0,0,0,0,0,-1,-1
1557,D,,Rock'n'Roll-Beginners,Final,3,57,4,-25,-15,12.5,10,0,0,143,DF,1.5,1.5,2,0,0,0,0,0,0,-1,-1
1557,D,,Rock'n'Roll-Beginners,Final,3,57,4,-25,-15,12.5,10,0,0,143,CDP,1.5,1.5,2,0,0,0,0,0,0,-1,-1
1557,D,,Rock'n'Roll-Beginners,Final,4,62,4,-35,-35,8.8,8,-2,0,143,CDP,1,1.5,1.5,0,0,0,0,0,0,-1,-1
1557,D,,Rock'n'Roll-Beginners,Final,4,62,4,-35,-35,8.8,8,-2,0,143,DF,1,1.5,1,0,0,0,0,0,0,-1,-1
1557,D,,Rock'n'Roll-Beginners,Final,5,3,4,-25,-35,7.5,6,-2,0,143,CDP,1,1,1,0,0,0,0,0,0,-1,-1
1557,D,,Rock'n'Roll-Beginners,Final,5,3,4,-25,-35,7.5,6,-2,0,143,DF,1,1,1,0,0,0,0,0,0,-1,-1
1557,D,,Rock'n'Roll-Beginners,Final,6,214,4,-15,-25,12.5,9,0,0,143,DF,1.5,1.5,2,0,0,0,0,0,0,-1,-1
1557,D,,Rock'n'Roll-Beginners,Final,6,214,4,-15,-25,12.5,9,0,0,143,CDP,1.5,1.5,1.5,0,0,0,0,0,0,-1,-1
1557,E,,Rock'n'Roll-Beginners,Final,1,193,5,-50,-50,8.75,6,0,0,143,DF,1.5,1,1,0,0,0,0,0,0,-1,-1
1557,E,,Rock'n'Roll-Beginners,Final,1,193,5,-50,-50,8.75,6,0,0,143,CDP,1,1,1,0,0,0,0,0,0,-1,-1
1557,E,,Rock'n'Roll-Beginners,Final,2,27,5,-35,-25,12.5,10,0,0,143,CDP,1.5,2,1.5,0,0,0,0,0,0,-1,-1
1557,E,,Rock'n'Roll-Beginners,Final,2,27,5,-35,-25,12.5,10,0,0,143,DF,1.5,1.5,2,0,0,0,0,0,0,-1,-1
1557,E,,Rock'n'Roll-Beginners,Final,3,57,5,-50,-50,7.5,6,0,0,143,CDP,1,1,1,0,0,0,0,0,0,-1,-1
1557,E,,Rock'n'Roll-Beginners,Final,3,57,5,-50,-50,7.5,6,0,0,143,DF,1,1,1,0,0,0,0,0,0,-1,-1
1557,E,,Rock'n'Roll-Beginners,Final,4,62,5,-50,-50,7.5,4,-2,0,143,DF,1,1,1,0,0,0,0,0,0,-1,-1
1557,E,,Rock'n'Roll-Beginners,Final,4,62,5,-50,-50,7.5,4,-2,0,143,CDP,0.5,1,0.5,0,0,0,0,0,0,-1,-1
1557,E,,Rock'n'Roll-Beginners,Final,5,3,5,-50,-50,7.5,6,0,0,143,CDP,1,1,1,0,0,0,0,0,0,-1,-1
1557,E,,Rock'n'Roll-Beginners,Final,5,3,5,-50,-50,7.5,6,0,0,143,DF,1,1,1,0,0,0,0,0,0,-1,-1
1557,E,,Rock'n'Roll-Beginners,Final,6,214,5,-35,-35,8.75,7,0,0,143,CDP,1.5,1,1,0,0,0,0,0,0,-1,-1
1557,E,,Rock'n'Roll-Beginners,Final,6,214,5,-35,-35,8.75,7,0,0,143,DF,1,1,1.5,0,0,0,0,0,0,-1,-1
1558,A,,Rock'n'Roll-Juveniles,Final,1,153,1,-35,-25,11.25,7,0,0,143,CDP,1,1.5,1,0,0,0,0,0,0,-1,-1
1558,A,,Rock'n'Roll-Juveniles,Final,1,153,1,-35,-25,11.25,7,0,0,143,DF,1,2,1.5,0,0,0,0,0,0,-1,-1
1558,A,,Rock'n'Roll-Juveniles,Final,2,182,1,-10,-25,13.75,9,-2,0,143,CDP,1,1.5,2,0,0,0,0,0,0,-1,-1
1558,A,,Rock'n'Roll-Juveniles,Final,2,182,1,-10,-25,13.75,9,-2,0,143,DF,1.5,2,2,0,0,0,0,0,0,-1,-1
1558,A,,Rock'n'Roll-Juveniles,Final,3,149,1,-35,-25,11.25,7,-4,0,143,CDP,1,1.5,1,0,0,0,0,0,0,-1,-1
1558,A,,Rock'n'Roll-Juveniles,Final,3,149,1,-35,-25,11.25,7,-4,0,143,DF,1,1.5,2,0,0,0,0,0,0,-1,-1
1558,A,,Rock'n'Roll-Juveniles,Final,4,78,1,-10,-5,18.75,13,0,0,143,CDP,2,2,2.5,0,0,0,0,0,0,-1,-1
1558,A,,Rock'n'Roll-Juveniles,Final,4,78,1,-10,-5,18.75,13,0,0,143,DF,2,2,2.5,0,0,0,0,0,0,-1,-1
1558,A,,Rock'n'Roll-Juveniles,Final,5,235,1,-15,-10,16.25,11,-2,0,143,CDP,2,1,2,0,0,0,0,0,0,-1,-1
1558,A,,Rock'n'Roll-Juveniles,Final,5,235,1,-15,-10,16.25,11,-2,0,143,DF,1.5,2,2,0,0,0,0,0,0,-1,-1
1558,A,,Rock'n'Roll-Juveniles,Final,6,135,1,-25,-35,13.75,9,-2,0,143,CDP,1,1.5,1.5,0,0,0,0,0,0,-1,-1
1558,A,,Rock'n'Roll-Juveniles,Final,6,135,1,-25,-35,13.75,9,-2,0,143,DF,1,1.5,2,0,0,0,0,0,0,-1,-1
1558,B,,Rock'n'Roll-Juveniles,Final,1,153,2,-35,-25,10,8,0,0,143,CDP,1.5,1.5,1,0,0,0,0,0,0,-1,-1
1558,B,,Rock'n'Roll-Juveniles,Final,1,153,2,-35,-25,10,8,0,0,143,DF,1,1.5,1.5,0,0,0,0,0,0,-1,-1
1558,B,,Rock'n'Roll-Juveniles,Final,2,182,2,-15,-35,12.5,8,0,0,143,DF,1.5,2,1.5,0,0,0,0,0,0,-1,-1
1558,B,,Rock'n'Roll-Juveniles,Final,2,182,2,-15,-35,12.5,8,0,0,143,CDP,1.5,1.5,1,0,0,0,0,0,0,-1,-1
1558,B,,Rock'n'Roll-Juveniles,Final,3,149,2,-15,-50,10,9,0,0,143,CDP,1.5,1.5,1.5,0,0,0,0,0,0,-1,-1
1558,B,,Rock'n'Roll-Juveniles,Final,3,149,2,-15,-50,10,9,0,0,143,DF,1.5,1,1.5,0,0,0,0,0,0,-1,-1
1558,B,,Rock'n'Roll-Juveniles,Final,4,78,2,-10,-15,13.75,11,0,0,143,CDP,1.5,2,2,0,0,0,0,0,0,-1,-1
1558,B,,Rock'n'Roll-Juveniles,Final,4,78,2,-10,-15,13.75,11,0,0,143,DF,1.5,2,2,0,0,0,0,0,0,-1,-1
1558,B,,Rock'n'Roll-Juveniles,Final,5,235,2,-15,-15,12.5,9,0,0,143,DF,1.5,2,1.5,0,0,0,0,0,0,-1,-1
1558,B,,Rock'n'Roll-Juveniles,Final,5,235,2,-15,-15,12.5,9,0,0,143,CDP,1.5,1.5,1.5,0,0,0,0,0,0,-1,-1
1558,B,,Rock'n'Roll-Juveniles,Final,6,135,2,-15,-35,8.75,7,0,0,143,DF,1,1.5,1,0,0,0,0,0,0,-1,-1
1558,B,,Rock'n'Roll-Juveniles,Final,6,135,2,-15,-35,8.75,7,0,0,143,CDP,1,1.5,1,0,0,0,0,0,0,-1,-1
1558,C,,Rock'n'Roll-Juveniles,Final,1,153,3,-50,-35,6.25,7,0,0,143,CDP,1,1,1.5,0,0,0,0,0,0,-1,-1
1558,C,,Rock'n'Roll-Juveniles,Final,1,153,3,-50,-35,6.25,7,0,0,143,DF,0.5,1,1,0,0,0,0,0,0,-1,-1
1558,C,,Rock'n'Roll-Juveniles,Final,2,182,3,-15,-25,11.25,10,0,0,143,CDP,1.5,2,1.5,0,0,0,0,0,0,-1,-1
1558,C,,Rock'n'Roll-Juveniles,Final,2,182,3,-15,-25,11.25,10,0,0,143,DF,1.5,1.5,1.5,0,0,0,0,0,0,-1,-1
1558,C,,Rock'n'Roll-Juveniles,Final,3,149,3,-15,-15,13.75,10,0,0,143,DF,1.5,2,2,0,0,0,0,0,0,-1,-1
1558,C,,Rock'n'Roll-Juveniles,Final,3,149,3,-15,-15,13.75,10,0,0,143,CDP,2,1.5,1.5,0,0,0,0,0,0,-1,-1
1558,C,,Rock'n'Roll-Juveniles,Final,4,78,3,-10,-10,15,13,0,0,143,CDP,2,2,2,0,0,0,0,0,0,-1,-1
1558,C,,Rock'n'Roll-Juveniles,Final,4,78,3,-10,-10,15,13,0,0,143,DF,2,2,2,0,0,0,0,0,0,-1,-1
1558,C,,Rock'n'Roll-Juveniles,Final,5,235,3,-25,-35,12.5,11,0,0,143,CDP,2,1.5,1.5,0,0,0,0,0,0,-1,-1
1558,C,,Rock'n'Roll-Juveniles,Final,5,235,3,-25,-35,12.5,11,0,0,143,DF,1.5,1.5,2,0,0,0,0,0,0,-1,-1
1558,C,,Rock'n'Roll-Juveniles,Final,6,135,3,-25,-25,12.5,11,0,0,143,CDP,2,1.5,1.5,0,0,0,0,0,0,-1,-1
1558,C,,Rock'n'Roll-Juveniles,Final,6,135,3,-25,-25,12.5,11,0,0,143,DF,2,1.5,1.5,0,0,0,0,0,0,-1,-1
1558,D,,Rock'n'Roll-Juveniles,Final,1,153,4,-35,-25,10,8,0,0,143,CDP,1.5,1.5,1,0,0,0,0,0,0,-1,-1
1558,D,,Rock'n'Roll-Juveniles,Final,1,153,4,-35,-25,10,8,0,0,143,DF,1.5,1,1.5,0,0,0,0,0,0,-1,-1
1558,D,,Rock'n'Roll-Juveniles,Final,2,182,4,-25,-25,13.75,13,0,0,143,CDP,2.5,2,2,0,0,0,0,0,0,-1,-1
1558,D,,Rock'n'Roll-Juveniles,Final,2,182,4,-25,-25,13.75,13,0,0,143,DF,2,1.5,2,0,0,0,0,0,0,-1,-1
1558,D,,Rock'n'Roll-Juveniles,Final,3,149,4,-15,-15,16.25,12,0,0,143,CDP,1.5,2,2.5,0,0,0,0,0,0,-1,-1
1558,D,,Rock'n'Roll-Juveniles,Final,3,149,4,-15,-15,16.25,12,0,0,143,DF,2,2,2.5,0,0,0,0,0,0,-1,-1
1558,D,,Rock'n'Roll-Juveniles,Final,4,78,4,-10,-10,16.25,15,0,0,143,CDP,2.5,2.5,2.5,0,0,0,0,0,0,-1,-1
1558,D,,Rock'n'Roll-Juveniles,Final,4,78,4,-10,-10,16.25,15,0,0,143,DF,2,2,2.5,0,0,0,0,0,0,-1,-1
1558,D,,Rock'n'Roll-Juveniles,Final,5,235,4,-15,-10,11.25,10,0,0,143,CDP,1.5,1.5,2,0,0,0,0,0,0,-1,-1
1558,D,,Rock'n'Roll-Juveniles,Final,5,235,4,-15,-10,11.25,10,0,0,143,DF,1.5,1.5,1.5,0,0,0,0,0,0,-1,-1
1558,D,,Rock'n'Roll-Juveniles,Final,6,135,4,-15,-35,11.25,10,0,0,143,DF,1.5,1.5,1.5,0,0,0,0,0,0,-1,-1
1558,D,,Rock'n'Roll-Juveniles,Final,6,135,4,-15,-35,11.25,10,0,0,143,CDP,1.5,1.5,2,0,0,0,0,0,0,-1,-1
1558,E,,Rock'n'Roll-Juveniles,Final,1,153,5,-50,-35,8.75,7,0,0,143,CDP,1,1.5,1,0,0,0,0,0,0,-1,-1
1558,E,,Rock'n'Roll-Juveniles,Final,1,153,5,-50,-35,8.75,7,0,0,143,DF,1.5,1,1,0,0,0,0,0,0,-1,-1
1558,E,,Rock'n'Roll-Juveniles,Final,2,182,5,-50,-35,11.25,9,0,0,143,CDP,1.5,1.5,1.5,0,0,0,0,0,0,-1,-1
1558,E,,Rock'n'Roll-Juveniles,Final,2,182,5,-50,-35,11.25,9,0,0,143,DF,1.5,1.5,1.5,0,0,0,0,0,0,-1,-1
1558,E,,Rock'n'Roll-Juveniles,Final,3,149,5,-15,-15,15,11,0,0,143,CDP,2,1.5,2,0,0,0,0,0,0,-1,-1
1558,E,,Rock'n'Roll-Juveniles,Final,3,149,5,-15,-15,15,11,0,0,143,DF,2,2,2,0,0,0,0,0,0,-1,-1
1558,E,,Rock'n'Roll-Juveniles,Final,4,78,5,-25,-25,13.75,9,0,0,143,CDP,1.5,1.5,1.5,0,0,0,0,0,0,-1,-1
1558,E,,Rock'n'Roll-Juveniles,Final,4,78,5,-25,-25,13.75,9,0,0,143,DF,2,2,1.5,0,0,0,0,0,0,-1,-1
1558,E,,Rock'n'Roll-Juveniles,Final,5,235,5,-35,-35,10,9,0,0,143,CDP,1.5,1.5,1.5,0,0,0,0,0,0,-1,-1
1558,E,,Rock'n'Roll-Juveniles,Final,5,235,5,-35,-35,10,9,0,0,143,DF,1.5,1.5,1,0,0,0,0,0,0,-1,-1
1558,E,,Rock'n'Roll-Juveniles,Final,6,135,5,-35,-50,7.5,7,0,0,143,CDP,1.5,1,1,0,0,0,0,0,0,-1,-1
1558,E,,Rock'n'Roll-Juveniles,Final,6,135,5,-35,-50,7.5,7,0,0,143,DF,1,1,1,0,0,0,0,0,0,-1,-1
1559,B,F,Rock'n'Roll-Main Class Contact Style,First round,1,172,2,-35,-35,6.25,7,0,0,143,CDP,1,1.5,1,0,0,0,0,0,0,-1,-1
1559,B,F,Rock'n'Roll-Main Class Contact Style,First round,1,172,2,-35,-35,6.25,7,0,0,143,DF,0.5,1,1,0,0,0,0,0,0,-1,-1
1559,B,F,Rock'n'Roll-Main Class Contact Style,First round,2,300,2,-35,-75,5,4,-2,0,143,CDP,0.5,1,0.5,0,0,0,0,0,0,-1,-1
1559,B,F,Rock'n'Roll-Main Class Contact Style,First round,2,300,2,-35,-75,5,4,-2,0,143,DF,0.5,0.5,1,0,0,0,0,0,0,-1,-1
1559,B,F,Rock'n'Roll-Main Class Contact Style,First round,3,362,2,-10,-10,12.5,10,0,0,143,CDP,1.5,1.5,2,0,0,0,0,0,0,-1,-1
1559,B,F,Rock'n'Roll-Main Class Contact Style,First round,3,362,2,-10,-10,12.5,10,0,0,143,DF,1.5,2,1.5,0,0,0,0,0,0,-1,-1
1559,B,F,Rock'n'Roll-Main Class Contact Style,First round,4,283,2,-35,-35,7.5,6,0,0,143,DF,1,1,1,0,0,0,0,0,0,-1,-1
1559,B,F,Rock'n'Roll-Main Class Contact Style,First round,4,283,2,-35,-35,7.5,6,0,0,143,CDP,1,1,1,0,0,0,0,0,0,-1,-1
1559,B,F,Rock'n'Roll-Main Class Contact Style,First round,5,181,2,-15,-25,8.75,6,0,0,143,CDP,1,1,1,0,0,0,0,0,0,-1,-1
1559,B,F,Rock'n'Roll-Main Class Contact Style,First round,5,181,2,-15,-25,8.75,6,0,0,143,DF,1,1.5,1,0,0,0,0,0,0,-1,-1
1559,B,F,Rock'n'Roll-Main Class Contact Style,First round,6,179,2,-15,-15,11.25,7,0,0,143,CDP,1,1,1.5,0,0,0,0,0,0,-1,-1
1559,B,F,Rock'n'Roll-Main Class Contact Style,First round,6,179,2,-15,-15,11.25,7,0,0,143,DF,1,2,1.5,0,0,0,0,0,0,-1,-1
1559,B,F,Rock'n'Roll-Main Class Contact Style,First round,7,363,2,-15,-10,11.25,9,0,0,143,DF,1,2,1.5,0,0,0,0,0,0,-1,-1
1559,B,F,Rock'n'Roll-Main Class Contact Style,First round,7,363,2,-15,-10,11.25,9,0,0,143,CDP,1.5,1.5,1.5,0,0,0,0,0,0,-1,-1
1559,B,F,Rock'n'Roll-Main Class Contact Style,First round,8,71,2,-50,-50,6.25,6,0,-10,143,DF,0.5,1,1,0,0,0,0,0,0,-1,-1
1559,B,F,Rock'n'Roll-Main Class Contact Style,First round,8,71,2,-50,-50,6.25,6,0,-10,143,CDP,1,1,1,0,0,0,0,0,0,-1,-1
1559,C,F,Rock'n'Roll-Main Class Contact Style,First round,1,172,3,-50,-35,7.5,7,0,0,143,CDP,0.5,1.5,1.5,0,0,0,0,0,0,-1,-1
1559,C,F,Rock'n'Roll-Main Class Contact Style,First round,1,172,3,-50,-35,7.5,7,0,0,143,DF,1,1,1,0,0,0,0,0,0,-1,-1
1559,C,F,Rock'n'Roll-Main Class Contact Style,First round,2,300,3,-35,-50,11.25,8,0,0,143,CDP,1,1.5,1.5,0,0,0,0,0,0,-1,-1
1559,C,F,Rock'n'Roll-Main Class Contact Style,First round,2,300,3,-35,-50,11.25,8,0,0,143,DF,1.5,1.5,1.5,0,0,0,0,0,0,-1,-1
1559,C,F,Rock'n'Roll-Main Class Contact Style,First round,3,362,3,-25,-25,12.5,9,0,0,143,CDP,1.5,1.5,1.5,0,0,0,0,0,0,-1,-1
1559,C,F,Rock'n'Roll-Main Class Contact Style,First round,3,362,3,-25,-25,12.5,9,0,0,143,DF,2,1.5,1.5,0,0,0,0,0,0,-1,-1
1559,C,F,Rock'n'Roll-Main Class Contact Style,First round,4,283,3,-50,-35,8.75,8,0,0,143,CDP,1,1.5,1.5,0,0,0,0,0,0,-1,-1
1559,C,F,Rock'n'Roll-Main Class Contact Style,First round,4,283,3,-50,-35,8.75,8,0,0,143,DF,1.5,1,1,0,0,0,0,0,0,-1,-1
1559,C,F,Rock'n'Roll-Main Class Contact Style,First round,5,181,3,-25,-25,8.75,8,0,0,143,DF,1,1.5,1,0,0,0,0,0,0,-1,-1
1559,C,F,Rock'n'Roll-Main Class Contact Style,First round,5,181,3,-25,-25,8.75,8,0,0,143,CDP,1,1.5,1.5,0,0,0,0,0,0,-1,-1
1559,C,F,Rock'n'Roll-Main Class Contact Style,First round,6,179,3,-25,-15,12.5,10,0,0,143,CDP,2,1.5,1.5,0,0,0,0,0,0,-1,-1
1559,C,F,Rock'n'Roll-Main Class Contact Style,First round,6,179,3,-25,-15,12.5,10,0,0,143,DF,1.5,2,1.5,0,0,0,0,0,0,-1,-1
1559,C,F,Rock'n'Roll-Main Class Contact Style,First round,7,363,3,-25,-15,11.25,9,0,0,143,CDP,1.5,1.5,1.5,0,0,0,0,0,0,-1,-1
1559,C,F,Rock'n'Roll-Main Class Contact Style,First round,7,363,3,-25,-15,11.25,9,0,0,143,DF,1,2,1.5,0,0,0,0,0,0,-1,-1
1559,C,F,Rock'n'Roll-Main Class Contact Style,First round,8,71,3,-50,-50,7.5,8,0,-30,143,DF,1,1,1,0,0,0,0,0,0,-1,-1
1559,C,F,Rock'n'Roll-Main Class Contact Style,First round,8,71,3,-50,-50,7.5,8,0,-30,143,CDP,1,1.5,1.5,0,0,0,0,0,0,-1,-1
1559,E,F,Rock'n'Roll-Main Class Contact Style,First round,1,172,5,-50,-35,7.5,6,0,0,143,DF,1,1,1,0,0,0,0,0,0,-1,-1
1559,E,F,Rock'n'Roll-Main Class Contact Style,First round,1,172,5,-50,-35,7.5,6,0,0,143,CDP,1,1,1,0,0,0,0,0,0,-1,-1
1559,E,F,Rock'n'Roll-Main Class Contact Style,First round,2,300,5,-50,-75,11.25,7,0,0,143,CDP,1.5,1,1,0,0,0,0,0,0,-1,-1
1559,E,F,Rock'n'Roll-Main Class Contact Style,First round,2,300,5,-50,-75,11.25,7,0,0,143,DF,1.5,1.5,1.5,0,0,0,0,0,0,-1,-1
1559,E,F,Rock'n'Roll-Main Class Contact Style,First round,3,362,5,-15,-25,15,10,0,0,143,CDP,1.5,2,1.5,0,0,0,0,0,0,-1,-1
1559,E,F,Rock'n'Roll-Main Class Contact Style,First round,3,362,5,-15,-25,15,10,0,0,143,DF,2,2,2,0,0,0,0,0,0,-1,-1
1559,E,F,Rock'n'Roll-Main Class Contact Style,First round,4,283,5,-35,-35,11.25,6,0,0,143,DF,1.5,1.5,1.5,0,0,0,0,0,0,-1,-1
1559,E,F,Rock'n'Roll-Main Class Contact Style,First round,4,283,5,-35,-35,11.25,6,0,0,143,CDP,1,1,1,0,0,0,0,0,0,-1,-1
1559,E,F,Rock'n'Roll-Main Class Contact Style,First round,5,181,5,-35,-35,11.25,7,0,0,143,CDP,1,1.5,1,0,0,0,0,0,0,-1,-1
1559,E,F,Rock'n'Roll-Main Class Contact Style,First round,5,181,5,-35,-35,11.25,7,0,0,143,DF,1.5,1.5,1.5,0,0,0,0,0,0,-1,-1
1559,E,F,Rock'n'Roll-Main Class Contact Style,First round,6,179,5,-25,-15,12.5,9,0,0,143,CDP,1.5,1.5,1.5,0,0,0,0,0,0,-1,-1
1559,E,F,Rock'n'Roll-Main Class Contact Style,First round,6,179,5,-25,-15,12.5,9,0,0,143,DF,1.5,2,1.5,0,0,0,0,0,0,-1,-1
1559,E,F,Rock'n'Roll-Main Class Contact Style,First round,7,363,5,-10,-10,11.25,9,0,0,143,CDP,1.5,1.5,1.5,0,0,0,0,0,0,-1,-1
1559,E,F,Rock'n'Roll-Main Class Contact Style,First round,7,363,5,-10,-10,11.25,9,0,0,143,DF,1.5,1.5,1.5,0,0,0,0,0,0,-1,-1
1559,E,F,Rock'n'Roll-Main Class Contact Style,First round,8,71,5,-75,-75,6.25,3,0,-30,143,CDP,0.5,0.5,0.5,0,0,0,0,0,0,-1,-1
1559,E,F,Rock'n'Roll-Main Class Contact Style,First round,8,71,5,-75,-75,6.25,3,0,-30,143,DF,0.5,1,1,0,0,0,0,0,0,-1,-1
1561,A,,Rock'n'Roll-Juniors,Final,1,494,1,-15,-10,12,10,0,0,143,AE,1.5,2,2,0,0,0,0,0,3,-1,-1
1561,A,,Rock'n'Roll-Juniors,Final,1,494,1,-15,-10,12,10,0,0,143,DF,2,2,2,0,0,0,0,0,3,-1,-1
1561,A,,Rock'n'Roll-Juniors,Final,1,494,1,-15,-10,12,10,0,0,143,CDP,1.5,2,1.5,0,0,0,0,0,3,-1,-1
1561,A,,Rock'n'Roll-Juniors,Final,2,491,1,-5,-5,15,14,0,0,143,AE,2,2,2.5,0,0,0,0,0,3.25,-1,-1
1561,A,,Rock'n'Roll-Juniors,Final,2,491,1,-5,-5,15,14,0,0,143,CDP,2,2.5,2,0,0,0,0,0,3.25,-1,-1
1561,A,,Rock'n'Roll-Juniors,Final,2,491,1,-5,-5,15,14,0,0,143,DF,2,2.5,2.5,0,0,0,0,0,3.25,-1,-1
1561,A,,Rock'n'Roll-Juniors,Final,3,430,1,-10,-15,12,10,-2,-30,143,AE,1.5,1,2,0,0,0,0,0,2.25,-1,-1
1561,A,,Rock'n'Roll-Juniors,Final,3,430,1,-10,-15,12,10,-2,-30,143,CDP,1.5,1.5,2,0,0,0,0,0,2.25,-1,-1
1561,A,,Rock'n'Roll-Juniors,Final,3,430,1,-10,-15,12,10,-2,-30,143,DF,1.5,2,2.5,0,0,0,0,0,2.25,-1,-1
1561,A,,Rock'n'Roll-Juniors,Final,4,118,1,-15,-35,9,7,0,0,143,AE,0.5,1,1,0,0,0,0,0,1.25,-1,-1
1561,A,,Rock'n'Roll-Juniors,Final,4,118,1,-15,-35,9,7,0,0,143,CDP,1.5,1,1,0,0,0,0,0,1.25,-1,-1
1561,A,,Rock'n'Roll-Juniors,Final,4,118,1,-15,-35,9,7,0,0,143,DF,1,1.5,2,0,0,0,0,0,1.25,-1,-1
1561,A,,Rock'n'Roll-Juniors,Final,5,60,1,-15,-25,8,9,0,0,143,AE,1,1.5,1,0,0,0,0,0,1.75,-1,-1
1561,A,,Rock'n'Roll-Juniors,Final,5,60,1,-15,-25,8,9,0,0,143,CDP,1,2,1.5,0,0,0,0,0,1.75,-1,-1
1561,A,,Rock'n'Roll-Juniors,Final,5,60,1,-15,-25,8,9,0,0,143,DF,1,1.5,1.5,0,0,0,0,0,1.75,-1,-1
1561,A,,Rock'n'Roll-Juniors,Final,6,197,1,-50,-50,7,6,0,0,143,AE,0.5,1.5,1,0,0,0,0,0,1.5,-1,-1
1561,A,,Rock'n'Roll-Juniors,Final,6,197,1,-50,-50,7,6,0,0,143,CDP,1,1,1,0,0,0,0,0,1.5,-1,-1
1561,A,,Rock'n'Roll-Juniors,Final,6,197,1,-50,-50,7,6,0,0,143,DF,1,1,1.5,0,0,0,0,0,1.5,-1,-1
1561,B,,Rock'n'Roll-Juniors,Final,1,494,2,-5,-5,15,12,0,0,143,CDP,2,1.5,2.5,0,0,0,0,0,2.75,-1,-1
1561,B,,Rock'n'Roll-Juniors,Final,1,494,2,-5,-5,15,12,0,0,143,DF,2.5,2.5,2.5,0,0,0,0,0,2.75,-1,-1
1561,B,,Rock'n'Roll-Juniors,Final,1,494,2,-5,-5,15,12,0,0,143,AE,2,1.5,2,0,0,0,0,0,2.75,-1,-1
1561,B,,Rock'n'Roll-Juniors,Final,2,491,2,-5,-10,13,12,0,0,143,AE,2,2,2.5,0,0,0,0,0,3.25,-1,-1
1561,B,,Rock'n'Roll-Juniors,Final,2,491,2,-5,-10,13,12,0,0,143,CDP,2,2,2,0,0,0,0,0,3.25,-1,-1
1561,B,,Rock'n'Roll-Juniors,Final,2,491,2,-5,-10,13,12,0,0,143,DF,2,2.5,2,0,0,0,0,0,3.25,-1,-1
1561,B,,Rock'n'Roll-Juniors,Final,3,430,2,-15,-10,12,9,0,-50,143,AE,1.5,1.5,2,0,0,0,0,0,2.5,-1,-1
1561,B,,Rock'n'Roll-Juniors,Final,3,430,2,-15,-10,12,9,0,-50,143,CDP,1.5,1.5,1.5,0,0,0,0,0,2.5,-1,-1
1561,B,,Rock'n'Roll-Juniors,Final,3,430,2,-15,-10,12,9,0,-50,143,DF,2,2,2,0,0,0,0,0,2.5,-1,-1
1561,B,,Rock'n'Roll-Juniors,Final,4,118,2,-15,-15,9,8,0,0,143,AE,1,1.5,1.5,0,0,0,0,0,2,-1,-1
1561,B,,Rock'n'Roll-Juniors,Final,4,118,2,-15,-15,9,8,0,0,143,CDP,1.5,1.5,1,0,0,0,0,0,2,-1,-1
1561,B,,Rock'n'Roll-Juniors,Final,4,118,2,-15,-15,9,8,0,0,143,DF,1.5,1.5,1.5,0,0,0,0,0,2,-1,-1
1561,B,,Rock'n'Roll-Juniors,Final,5,60,2,-10,-25,8,8,0,0,143,AE,1,1.5,1.5,0,0,0,0,0,2,-1,-1
1561,B,,Rock'n'Roll-Juniors,Final,5,60,2,-10,-25,8,8,0,0,143,CDP,1.5,1,1.5,0,0,0,0,0,2,-1,-1
1561,B,,Rock'n'Roll-Juniors,Final,5,60,2,-10,-25,8,8,0,0,143,DF,1,1.5,1.5,0,0,0,0,0,2,-1,-1
1561,B,,Rock'n'Roll-Juniors,Final,6,197,2,-50,-50,5,5,0,0,143,AE,1,1,1.5,0,0,0,0,0,1.75,-1,-1
1561,B,,Rock'n'Roll-Juniors,Final,6,197,2,-50,-50,5,5,0,0,143,CDP,1,1,0.5,0,0,0,0,0,1.75,-1,-1
1561,B,,Rock'n'Roll-Juniors,Final,6,197,2,-50,-50,5,5,0,0,143,DF,1,0.5,1,0,0,0,0,0,1.75,-1,-1
1561,C,,Rock'n'Roll-Juniors,Final,1,494,3,-25,-25,11,11,0,0,143,DF,2,2,1.5,0,0,0,0,0,2.25,-1,-1
1561,C,,Rock'n'Roll-Juniors,Final,1,494,3,-25,-25,11,11,0,0,143,AE,1.5,1.5,1.5,0,0,0,0,0,2.25,-1,-1
1561,C,,Rock'n'Roll-Juniors,Final,1,494,3,-25,-25,11,11,0,0,143,CDP,2,1.5,2,0,0,0,0,0,2.25,-1,-1
1561,C,,Rock'n'Roll-Juniors,Final,2,491,3,-15,-15,13,11,0,0,143,AE,1.5,2,2,0,0,0,0,0,3,-1,-1
1561,C,,Rock'n'Roll-Juniors,Final,2,491,3,-15,-15,13,11,0,0,143,CDP,2,1.5,1.5,0,0,0,0,0,3,-1,-1
1561,C,,Rock'n'Roll-Juniors,Final,2,491,3,-15,-15,13,11,0,0,143,DF,2,2.5,2,0,0,0,0,0,3,-1,-1
1561,C,,Rock'n'Roll-Juniors,Final,3,430,3,-25,-15,12,10,0,-60,143,DF,2,2,2,0,0,0,0,0,2,-1,-1
1561,C,,Rock'n'Roll-Juniors,Final,3,430,3,-25,-15,12,10,0,-60,143,AE,1,1.5,1.5,0,0,0,0,0,2,-1,-1
1561,C,,Rock'n'Roll-Juniors,Final,3,430,3,-25,-15,12,10,0,-60,143,CDP,2,1.5,1.5,0,0,0,0,0,2,-1,-1
1561,C,,Rock'n'Roll-Juniors,Final,4,118,3,-35,-35,10,9,0,0,143,DF,2,1.5,1.5,0,0,0,0,0,2,-1,-1
1561,C,,Rock'n'Roll-Juniors,Final,4,118,3,-35,-35,10,9,0,0,143,AE,1.5,1,1.5,0,0,0,0,0,2,-1,-1
1561,C,,Rock'n'Roll-Juniors,Final,4,118,3,-35,-35,10,9,0,0,143,CDP,1.5,1.5,1.5,0,0,0,0,0,2,-1,-1
1561,C,,Rock'n'Roll-Juniors,Final,5,60,3,-25,-25,10,10,0,0,143,AE,1,1.5,1,0,0,0,0,0,1.75,-1,-1
1561,C,,Rock'n'Roll-Juniors,Final,5,60,3,-25,-25,10,10,0,0,143,CDP,2,1.5,1.5,0,0,0,0,0,1.75,-1,-1
1561,C,,Rock'n'Roll-Juniors,Final,5,60,3,-25,-25,10,10,0,0,143,DF,1.5,2,1.5,0,0,0,0,0,1.75,-1,-1
1561,C,,Rock'n'Roll-Juniors,Final,6,197,3,-50,-35,8,10,-4,0,143,DF,1.5,1,1.5,0,0,0,0,0,1.5,-1,-1
1561,C,,Rock'n'Roll-Juniors,Final,6,197,3,-50,-35,8,10,-4,0,143,CDP,1.5,2,1.5,0,0,0,0,0,1.5,-1,-1
1561,C,,Rock'n'Roll-Juniors,Final,6,197,3,-50,-35,8,10,-4,0,143,AE,1,1,1,0,0,0,0,0,1.5,-1,-1
1561,D,,Rock'n'Roll-Juniors,Final,1,494,4,-10,-10,13,13,0,0,143,CDP,2,2,2.5,0,0,0,0,0,3.25,-1,-1
1561,D,,Rock'n'Roll-Juniors,Final,1,494,4,-10,-10,13,13,0,0,143,DF,2,2.5,2,0,0,0,0,0,3.25,-1,-1
1561,D,,Rock'n'Roll-Juniors,Final,1,494,4,-10,-10,13,13,0,0,143,AE,2.5,2,2,0,0,0,0,0,3.25,-1,-1
1561,D,,Rock'n'Roll-Juniors,Final,2,491,4,-10,-10,15,18,0,0,143,AE,2.5,2.5,2.5,0,0,0,0,0,3.75,-1,-1
1561,D,,Rock'n'Roll-Juniors,Final,2,491,4,-10,-10,15,18,0,0,143,CDP,2.5,2.5,3,0,0,0,0,0,3.75,-1,-1
1561,D,,Rock'n'Roll-Juniors,Final,2,491,4,-10,-10,15,18,0,0,143,DF,2.5,2.5,2.5,0,0,0,0,0,3.75,-1,-1
1561,D,,Rock'n'Roll-Juniors,Final,3,430,4,-25,-15,11,11,0,-50,143,AE,2,2.5,2,0,0,0,0,0,3.25,-1,-1
1561,D,,Rock'n'Roll-Juniors,Final,3,430,4,-25,-15,11,11,0,-50,143,CDP,1.5,1.5,2.5,0,0,0,0,0,3.25,-1,-1
1561,D,,Rock'n'Roll-Juniors,Final,3,430,4,-25,-15,11,11,0,-50,143,DF,2,1.5,2,0,0,0,0,0,3.25,-1,-1
1561,D,,Rock'n'Roll-Juniors,Final,4,118,4,-35,-50,9,9,-2,0,143,AE,1.5,1.5,1.5,0,0,0,0,0,2.25,-1,-1
1561,D,,Rock'n'Roll-Juniors,Final,4,118,4,-35,-50,9,9,-2,0,143,CDP,1.5,1.5,1.5,0,0,0,0,0,2.25,-1,-1
1561,D,,Rock'n'Roll-Juniors,Final,4,118,4,-35,-50,9,9,-2,0,143,DF,1.5,1.5,1.5,0,0,0,0,0,2.25,-1,-1
1561,D,,Rock'n'Roll-Juniors,Final,5,60,4,-35,-15,10,10,0,0,143,AE,1.5,1.5,1.5,0,0,0,0,0,2.25,-1,-1
1561,D,,Rock'n'Roll-Juniors,Final,5,60,4,-35,-15,10,10,0,0,143,CDP,1.5,1.5,2,0,0,0,0,0,2.25,-1,-1
1561,D,,Rock'n'Roll-Juniors,Final,5,60,4,-35,-15,10,10,0,0,143,DF,1.5,1.5,2,0,0,0,0,0,2.25,-1,-1
1561,D,,Rock'n'Roll-Juniors,Final,6,197,4,-75,-75,7,9,-2,0,143,AE,1,1,1.5,0,0,0,0,0,1.75,-1,-1
1561,D,,Rock'n'Roll-Juniors,Final,6,197,4,-75,-75,7,9,-2,0,143,DF,1,1.5,1,0,0,0,0,0,1.75,-1,-1
1561,D,,Rock'n'Roll-Juniors,Final,6,197,4,-75,-75,7,9,-2,0,143,CDP,1.5,1.5,1.5,0,0,0,0,0,1.75,-1,-1
1561,E,,Rock'n'Roll-Juniors,Final,1,494,5,-15,-10,10,9,0,0,143,AE,2,2,2,0,0,0,0,0,3,-1,-1
1561,E,,Rock'n'Roll-Juniors,Final,1,494,5,-15,-10,10,9,0,0,143,CDP,1.5,1.5,1.5,0,0,0,0,0,3,-1,-1
1561,E,,Rock'n'Roll-Juniors,Final,1,494,5,-15,-10,10,9,0,0,143,DF,2,1.5,1.5,0,0,0,0,0,3,-1,-1
1561,E,,Rock'n'Roll-Juniors,Final,2,491,5,-10,-10,12,13,0,0,143,AE,2.5,2,2,0,0,0,0,0,3.25,-1,-1
1561,E,,Rock'n'Roll-Juniors,Final,2,491,5,-10,-10,12,13,0,0,143,CDP,2,2,2,0,0,0,0,0,3.25,-1,-1
1561,E,,Rock'n'Roll-Juniors,Final,2,491,5,-10,-10,12,13,0,0,143,DF,2,2,2,0,0,0,0,0,3.25,-1,-1
1561,E,,Rock'n'Roll-Juniors,Final,3,430,5,-50,-50,5,6,0,-30,143,AE,1,0.5,1.5,0,0,0,0,0,1.5,-1,-1
1561,E,,Rock'n'Roll-Juniors,Final,3,430,5,-50,-50,5,6,0,-30,143,CDP,1,1,1,0,0,0,0,0,1.5,-1,-1
1561,E,,Rock'n'Roll-Juniors,Final,3,430,5,-50,-50,5,6,0,-30,143,DF,1,0.5,1,0,0,0,0,0,1.5,-1,-1
1561,E,,Rock'n'Roll-Juniors,Final,4,118,5,-25,-25,8,6,0,0,143,AE,1.5,1.5,1.5,0,0,0,0,0,2.25,-1,-1
1561,E,,Rock'n'Roll-Juniors,Final,4,118,5,-25,-25,8,6,0,0,143,CDP,1,1,1,0,0,0,0,0,2.25,-1,-1
1561,E,,Rock'n'Roll-Juniors,Final,4,118,5,-25,-25,8,6,0,0,143,DF,1.5,1.5,1,0,0,0,0,0,2.25,-1,-1
1561,E,,Rock'n'Roll-Juniors,Final,5,60,5,-25,-25,10,9,0,0,143,AE,2,1.5,1.5,0,0,0,0,0,2.5,-1,-1
1561,E,,Rock'n'Roll-Juniors,Final,5,60,5,-25,-25,10,9,0,0,143,CDP,1.5,1.5,1.5,0,0,0,0,0,2.5,-1,-1
1561,E,,Rock'n'Roll-Juniors,Final,5,60,5,-25,-25,10,9,0,0,143,DF,1.5,2,1.5,0,0,0,0,0,2.5,-1,-1
1561,E,,Rock'n'Roll-Juniors,Final,6,197,5,-75,-75,3,3,0,0,143,AE,1,1,0.5,0,0,0,0,0,1.25,-1,-1
1561,E,,Rock'n'Roll-Juniors,Final,6,197,5,-75,-75,3,3,0,0,143,DF,0.5,0.5,0.5,0,0,0,0,0,1.25,-1,-1
1561,E,,Rock'n'Roll-Juniors,Final,6,197,5,-75,-75,3,3,0,0,143,CDP,0.5,0.5,0.5,0,0,0,0,0,1.25,-1,-1
1565,A,F,Rock'n'Roll-Main Class Start,Final,1,36,1,-35,-15,11.25,8,-2,0,143,CDP,1,1.5,1.5,0,0,0,0,0,0,-1,-1
1565,A,F,Rock'n'Roll-Main Class Start,Final,1,36,1,-35,-15,11.25,8,-2,0,143,DF,1,2,1.5,0,0,0,0,0,0,-1,-1
1565,A,F,Rock'n'Roll-Main Class Start,Final,2,142,1,-25,-25,11.25,7,0,0,143,CDP,1,1,1.5,0,0,0,0,0,0,-1,-1
1565,A,F,Rock'n'Roll-Main Class Start,Final,2,142,1,-25,-25,11.25,7,0,0,143,DF,1,1.5,2,0,0,0,0,0,0,-1,-1
1565,A,F,Rock'n'Roll-Main Class Start,Final,3,176,1,-25,-15,11.25,8,0,0,143,DF,1,1.5,2,0,0,0,0,0,0,-1,-1
1565,A,F,Rock'n'Roll-Main Class Start,Final,3,176,1,-25,-15,11.25,8,0,0,143,CDP,1,1.5,1.5,0,0,0,0,0,0,-1,-1
1565,A,F,Rock'n'Roll-Main Class Start,Final,4,371,1,-25,-35,10,6,-4,0,143,CDP,0.5,1.5,1,0,0,0,0,0,0,-1,-1
1565,A,F,Rock'n'Roll-Main Class Start,Final,4,371,1,-25,-35,10,6,-4,0,143,DF,1,1.5,1.5,0,0,0,0,0,0,-1,-1
1565,A,F,Rock'n'Roll-Main Class Start,Final,5,28,1,-10,-15,12.5,11,-2,0,143,CDP,2,1.5,2,0,0,0,0,0,0,-1,-1
1565,A,F,Rock'n'Roll-Main Class Start,Final,5,28,1,-10,-15,12.5,11,-2,0,143,DF,1.5,1.5,2,0,0,0,0,0,0,-1,-1
1565,C,F,Rock'n'Roll-Main Class Start,Final,1,36,3,-50,-25,10,9,0,0,143,CDP,1.5,1.5,1.5,0,0,0,0,0,0,-1,-1
1565,C,F,Rock'n'Roll-Main Class Start,Final,1,36,3,-50,-25,10,9,0,0,143,DF,1.5,1,1.5,0,0,0,0,0,0,-1,-1
1565,C,F,Rock'n'Roll-Main Class Start,Final,2,142,3,-35,-35,8.75,8,0,0,143,CDP,1,1.5,1.5,0,0,0,0,0,0,-1,-1
1565,C,F,Rock'n'Roll-Main Class Start,Final,2,142,3,-35,-35,8.75,8,0,0,143,DF,1,1,1.5,0,0,0,0,0,0,-1,-1
1565,C,F,Rock'n'Roll-Main Class Start,Final,3,176,3,-50,-25,8.75,8,0,0,143,CDP,1,1.5,1.5,0,0,0,0,0,0,-1,-1
1565,C,F,Rock'n'Roll-Main Class Start,Final,3,176,3,-50,-25,8.75,8,0,0,143,DF,1,1,1.5,0,0,0,0,0,0,-1,-1
1565,C,F,Rock'n'Roll-Main Class Start,Final,4,371,3,-35,-35,7.5,9,-2,0,143,CDP,1.5,1.5,1.5,0,0,0,0,0,0,-1,-1
1565,C,F,Rock'n'Roll-Main Class Start,Final,4,371,3,-35,-35,7.5,9,-2,0,143,DF,1,1,1,0,0,0,0,0,0,-1,-1
1565,C,F,Rock'n'Roll-Main Class Start,Final,5,28,3,-25,-35,10,9,0,0,143,CDP,1.5,1.5,1.5,0,0,0,0,0,0,-1,-1
1565,C,F,Rock'n'Roll-Main Class Start,Final,5,28,3,-25,-35,10,9,0,0,143,DF,1,1.5,1.5,0,0,0,0,0,0,-1,-1
1565,E,F,Rock'n'Roll-Main Class Start,Final,1,36,5,-75,-10,8.75,7,0,0,143,CDP,1.5,1,1,0,0,0,0,0,0,-1,-1
1565,E,F,Rock'n'Roll-Main Class Start,Final,1,36,5,-75,-10,8.75,7,0,0,143,DF,1.5,1,1,0,0,0,0,0,0,-1,-1
1565,E,F,Rock'n'Roll-Main Class Start,Final,2,142,5,-50,-50,8.75,6,0,0,143,CDP,1,1,1,0,0,0,0,0,0,-1,-1
1565,E,F,Rock'n'Roll-Main Class Start,Final,2,142,5,-50,-50,8.75,6,0,0,143,DF,1.5,1,1,0,0,0,0,0,0,-1,-1
1565,E,F,Rock'n'Roll-Main Class Start,Final,3,176,5,-50,-35,8.75,6,0,0,143,DF,1.5,1,1,0,0,0,0,0,0,-1,-1
1565,E,F,Rock'n'Roll-Main Class Start,Final,3,176,5,-50,-35,8.75,6,0,0,143,CDP,1,1,1,0,0,0,0,0,0,-1,-1
1565,E,F,Rock'n'Roll-Main Class Start,Final,4,371,5,-25,-50,11.25,10,0,0,143,CDP,1.5,1.5,2,0,0,0,0,0,0,-1,-1
1565,E,F,Rock'n'Roll-Main Class Start,Final,4,371,5,-25,-50,11.25,10,0,0,143,DF,1.5,1.5,1.5,0,0,0,0,0,0,-1,-1
1565,E,F,Rock'n'Roll-Main Class Start,Final,5,28,5,-50,-50,11.25,6,0,0,143,CDP,1,1,1,0,0,0,0,0,0,-1,-1
1565,E,F,Rock'n'Roll-Main Class Start,Final,5,28,5,-50,-50,11.25,6,0,0,143,DF,1.5,1.5,1.5,0,0,0,0,0,0,-1,-1
1567,A,F,Rock'n'Roll-Main Class Contact Style,Final - Foot technique,1,283,1,-15,-25,5.625,4.5,0,0,143,DF,1,1.5,2,0,0,0,0,0,0,-1,-1
1567,A,F,Rock'n'Roll-Main Class Contact Style,Final - Foot technique,1,283,1,-15,-25,5.625,4.5,0,0,143,CDP,1,1.5,2,0,0,0,0,0,0,-1,-1
1567,A,F,Rock'n'Roll-Main Class Contact Style,Final - Foot technique,2,300,1,-35,-35,5,2.5,0,0,143,DF,1,1.5,1.5,0,0,0,0,0,0,-1,-1
1567,A,F,Rock'n'Roll-Main Class Contact Style,Final - Foot technique,2,300,1,-35,-35,5,2.5,0,0,143,CDP,0.5,1,1,0,0,0,0,0,0,-1,-1
1567,A,F,Rock'n'Roll-Main Class Contact Style,Final - Foot technique,3,179,1,-10,-10,6.875,4,0,0,143,CDP,1,2,1,0,0,0,0,0,0,-1,-1
1567,A,F,Rock'n'Roll-Main Class Contact Style,Final - Foot technique,3,179,1,-10,-10,6.875,4,0,0,143,DF,1.5,2,2,0,0,0,0,0,0,-1,-1
1567,A,F,Rock'n'Roll-Main Class Contact Style,Final - Foot technique,4,181,1,-25,-25,6.25,4.5,0,0,143,CDP,1.5,2,1,0,0,0,0,0,0,-1,-1
1567,A,F,Rock'n'Roll-Main Class Contact Style,Final - Foot technique,4,181,1,-25,-25,6.25,4.5,0,0,143,DF,1,2,2,0,0,0,0,0,0,-1,-1
1567,A,F,Rock'n'Roll-Main Class Contact Style,Final - Foot technique,5,362,1,-10,-5,9.375,7,0,0,143,DF,2,2.5,2.5,0,0,0,0,0,0,-1,-1
1567,A,F,Rock'n'Roll-Main Class Contact Style,Final - Foot technique,5,362,1,-10,-5,9.375,7,0,0,143,CDP,2,2.5,2.5,0,0,0,0,0,0,-1,-1
1567,A,F,Rock'n'Roll-Main Class Contact Style,Final - Foot technique,6,363,1,-10,-10,8.75,5,0,0,143,CDP,1.5,2,1.5,0,0,0,0,0,0,-1,-1
1567,A,F,Rock'n'Roll-Main Class Contact Style,Final - Foot technique,6,363,1,-10,-10,8.75,5,0,0,143,DF,2,2.5,2,0,0,0,0,0,0,-1,-1
1567,B,F,Rock'n'Roll-Main Class Contact Style,Final - Foot technique,1,283,2,-25,-35,5,4,0,0,143,CDP,1.5,1.5,1,0,0,0,0,0,0,-1,-1
1567,B,F,Rock'n'Roll-Main Class Contact Style,Final - Foot technique,1,283,2,-25,-35,5,4,0,0,143,DF,1,1.5,1.5,0,0,0,0,0,0,-1,-1
1567,B,F,Rock'n'Roll-Main Class Contact Style,Final - Foot technique,2,300,2,-50,-50,3.75,2.5,0,0,143,CDP,1,1,0.5,0,0,0,0,0,0,-1,-1
1567,B,F,Rock'n'Roll-Main Class Contact Style,Final - Foot technique,2,300,2,-50,-50,3.75,2.5,0,0,143,DF,1,1,1,0,0,0,0,0,0,-1,-1
1567,B,F,Rock'n'Roll-Main Class Contact Style,Final - Foot technique,3,179,2,-5,-10,6.25,5.5,0,0,143,CDP,2,1.5,2,0,0,0,0,0,0,-1,-1
1567,B,F,Rock'n'Roll-Main Class Contact Style,Final - Foot technique,3,179,2,-5,-10,6.25,5.5,0,0,143,DF,1.5,2,1.5,0,0,0,0,0,0,-1,-1
1567,B,F,Rock'n'Roll-Main Class Contact Style,Final - Foot technique,4,181,2,-10,-35,6.25,4,0,0,143,CDP,1.5,1.5,1,0,0,0,0,0,0,-1,-1
1567,B,F,Rock'n'Roll-Main Class Contact Style,Final - Foot technique,4,181,2,-10,-35,6.25,4,0,0,143,DF,1.5,2,1.5,0,0,0,0,0,0,-1,-1
1567,B,F,Rock'n'Roll-Main Class Contact Style,Final - Foot technique,5,362,2,-15,-10,7.5,6,0,0,143,CDP,2,2,2,0,0,0,0,0,0,-1,-1
1567,B,F,Rock'n'Roll-Main Class Contact Style,Final - Foot technique,5,362,2,-15,-10,7.5,6,0,0,143,DF,2,2,2,0,0,0,0,0,0,-1,-1
1567,B,F,Rock'n'Roll-Main Class Contact Style,Final - Foot technique,6,363,2,-15,-15,6.875,5,0,0,143,CDP,1.5,1.5,2,0,0,0,0,0,0,-1,-1
1567,B,F,Rock'n'Roll-Main Class Contact Style,Final - Foot technique,6,363,2,-15,-15,6.875,5,0,0,143,DF,1.5,2,2,0,0,0,0,0,0,-1,-1
1567,C,F,Rock'n'Roll-Main Class Contact Style,Final - Foot technique,1,283,3,-35,-35,6.25,5,0,0,143,CDP,2,1.5,1.5,0,0,0,0,0,0,-1,-1
1567,C,F,Rock'n'Roll-Main Class Contact Style,Final - Foot technique,1,283,3,-35,-35,6.25,5,0,0,143,DF,1.5,2,1.5,0,0,0,0,0,0,-1,-1
1567,C,F,Rock'n'Roll-Main Class Contact Style,Final - Foot technique,2,300,3,-35,-50,5.625,4.5,0,0,143,DF,1.5,1.5,1.5,0,0,0,0,0,0,-1,-1
1567,C,F,Rock'n'Roll-Main Class Contact Style,Final - Foot technique,2,300,3,-35,-50,5.625,4.5,0,0,143,CDP,1.5,1.5,1.5,0,0,0,0,0,0,-1,-1
1567,C,F,Rock'n'Roll-Main Class Contact Style,Final - Foot technique,3,179,3,-35,-35,6.875,4.5,0,0,143,CDP,1.5,1.5,1.5,0,0,0,0,0,0,-1,-1
1567,C,F,Rock'n'Roll-Main Class Contact Style,Final - Foot technique,3,179,3,-35,-35,6.875,4.5,0,0,143,DF,2,2,1.5,0,0,0,0,0,0,-1,-1
1567,C,F,Rock'n'Roll-Main Class Contact Style,Final - Foot technique,4,181,3,-35,-35,6.875,5.5,0,0,143,CDP,1.5,2,2,0,0,0,0,0,0,-1,-1
1567,C,F,Rock'n'Roll-Main Class Contact Style,Final - Foot technique,4,181,3,-35,-35,6.875,5.5,0,0,143,DF,1.5,2,2,0,0,0,0,0,0,-1,-1
1567,C,F,Rock'n'Roll-Main Class Contact Style,Final - Foot technique,5,362,3,-25,-15,6.875,5,0,0,143,CDP,2,1.5,1.5,0,0,0,0,0,0,-1,-1
1567,C,F,Rock'n'Roll-Main Class Contact Style,Final - Foot technique,5,362,3,-25,-15,6.875,5,0,0,143,DF,1.5,2,2,0,0,0,0,0,0,-1,-1
1567,C,F,Rock'n'Roll-Main Class Contact Style,Final - Foot technique,6,363,3,-5,0,8.75,6,0,0,143,CDP,2,2,2,0,0,0,0,0,0,-1,-1
1567,C,F,Rock'n'Roll-Main Class Contact Style,Final - Foot technique,6,363,3,-5,0,8.75,6,0,0,143,DF,2,2.5,2.5,0,0,0,0,0,0,-1,-1
1567,D,F,Rock'n'Roll-Main Class Contact Style,Final - Foot technique,1,283,4,-15,-10,5.625,4.5,0,0,143,CDP,1.5,1.5,1.5,0,0,0,0,0,0,-1,-1
1567,D,F,Rock'n'Roll-Main Class Contact Style,Final - Foot technique,1,283,4,-15,-10,5.625,4.5,0,0,143,DF,1.5,1.5,1.5,0,0,0,0,0,0,-1,-1
1567,D,F,Rock'n'Roll-Main Class Contact Style,Final - Foot technique,2,300,4,-50,-50,6.25,5,0,0,143,CDP,1.5,2,1.5,0,0,0,0,0,0,-1,-1
1567,D,F,Rock'n'Roll-Main Class Contact Style,Final - Foot technique,2,300,4,-50,-50,6.25,5,0,0,143,DF,1.5,2,1.5,0,0,0,0,0,0,-1,-1
1567,D,F,Rock'n'Roll-Main Class Contact Style,Final - Foot technique,3,179,4,-15,-15,6.875,5,0,0,143,CDP,1.5,2,1.5,0,0,0,0,0,0,-1,-1
1567,D,F,Rock'n'Roll-Main Class Contact Style,Final - Foot technique,3,179,4,-15,-15,6.875,5,0,0,143,DF,1.5,2,2,0,0,0,0,0,0,-1,-1
1567,D,F,Rock'n'Roll-Main Class Contact Style,Final - Foot technique,4,181,4,-15,-15,7.5,7,0,0,143,CDP,2.5,2.5,2,0,0,0,0,0,0,-1,-1
1567,D,F,Rock'n'Roll-Main Class Contact Style,Final - Foot technique,4,181,4,-15,-15,7.5,7,0,0,143,DF,2,2,2,0,0,0,0,0,0,-1,-1
1567,D,F,Rock'n'Roll-Main Class Contact Style,Final - Foot technique,5,362,4,-10,-15,9.375,7,0,0,143,CDP,2.5,2,2.5,0,0,0,0,0,0,-1,-1
1567,D,F,Rock'n'Roll-Main Class Contact Style,Final - Foot technique,5,362,4,-10,-15,9.375,7,0,0,143,DF,2.5,2.5,2.5,0,0,0,0,0,0,-1,-1
1567,D,F,Rock'n'Roll-Main Class Contact Style,Final - Foot technique,6,363,4,-10,-10,8.75,9,0,0,143,DF,2.5,2.5,2,0,0,0,0,0,0,-1,-1
1567,D,F,Rock'n'Roll-Main Class Contact Style,Final - Foot technique,6,363,4,-10,-10,8.75,9,0,0,143,CDP,3,2.5,2.5,0,0,0,0,0,0,-1,-1
1567,E,F,Rock'n'Roll-Main Class Contact Style,Final - Foot technique,1,283,5,-35,-35,6.25,5,0,0,143,CDP,1.5,1.5,2,0,0,0,0,0,0,-1,-1
1567,E,F,Rock'n'Roll-Main Class Contact Style,Final - Foot technique,1,283,5,-35,-35,6.25,5,0,0,143,DF,2,1.5,1.5,0,0,0,0,0,0,-1,-1
1567,E,F,Rock'n'Roll-Main Class Contact Style,Final - Foot technique,2,300,5,-50,-75,3.75,3,0,0,143,CDP,1,1,1,0,0,0,0,0,0,-1,-1
1567,E,F,Rock'n'Roll-Main Class Contact Style,Final - Foot technique,2,300,5,-50,-75,3.75,3,0,0,143,DF,1,1,1,0,0,0,0,0,0,-1,-1
1567,E,F,Rock'n'Roll-Main Class Contact Style,Final - Foot technique,3,179,5,-10,-5,7.5,6,0,0,143,DF,2,2,2,0,0,0,0,0,0,-1,-1
1567,E,F,Rock'n'Roll-Main Class Contact Style,Final - Foot technique,3,179,5,-10,-5,7.5,6,0,0,143,CDP,2,2,2,0,0,0,0,0,0,-1,-1
1567,E,F,Rock'n'Roll-Main Class Contact Style,Final - Foot technique,4,181,5,-35,-35,5.625,4.5,0,0,143,DF,1.5,1.5,1.5,0,0,0,0,0,0,-1,-1
1567,E,F,Rock'n'Roll-Main Class Contact Style,Final - Foot technique,4,181,5,-35,-35,5.625,4.5,0,0,143,CDP,1.5,1.5,1.5,0,0,0,0,0,0,-1,-1
1567,E,F,Rock'n'Roll-Main Class Contact Style,Final - Foot technique,5,362,5,-35,-25,6.25,5.5,0,0,143,CDP,2,1.5,2,0,0,0,0,0,0,-1,-1
1567,E,F,Rock'n'Roll-Main Class Contact Style,Final - Foot technique,5,362,5,-35,-25,6.25,5.5,0,0,143,DF,2,1.5,1.5,0,0,0,0,0,0,-1,-1
1567,E,F,Rock'n'Roll-Main Class Contact Style,Final - Foot technique,6,363,5,-25,-15,6.875,4.5,0,0,143,CDP,1.5,1.5,1.5,0,0,0,0,0,0,-1,-1
1567,E,F,Rock'n'Roll-Main Class Contact Style,Final - Foot technique,6,363,5,-25,-15,6.875,4.5,0,0,143,DF,2,2,1.5,0,0,0,0,0,0,-1,-1
1569,A,F,Rock'n'Roll-Main Class Free Style,Final - Foot technique,1,86,1,-15,-25,6.875,4,0,0,143,DF,1.5,2,2,0,0,0,0,0,0,-1,-1
1569,A,F,Rock'n'Roll-Main Class Free Style,Final - Foot technique,1,86,1,-15,-25,6.875,4,0,0,143,CDP,1,1.5,1.5,0,0,0,0,0,0,-1,-1
1569,A,F,Rock'n'Roll-Main Class Free Style,Final - Foot technique,2,90,1,-5,-5,8.75,7,0,0,143,CDP,2,2.5,2,0,0,0,0,0,0,-1,-1
1569,A,F,Rock'n'Roll-Main Class Free Style,Final - Foot technique,2,90,1,-5,-5,8.75,7,0,0,143,DF,2,2.5,2.5,0,0,0,0,0,0,-1,-1
1569,A,F,Rock'n'Roll-Main Class Free Style,Final - Foot technique,3,47,1,-5,-15,8.125,6.5,0,0,143,CDP,2,2,2,0,0,0,0,0,0,-1,-1
1569,A,F,Rock'n'Roll-Main Class Free Style,Final - Foot technique,3,47,1,-5,-15,8.125,6.5,0,0,143,DF,2,2,2.5,0,0,0,0,0,0,-1,-1
1569,A,F,Rock'n'Roll-Main Class Free Style,Final - Foot technique,4,63,1,-15,-15,6.875,4.5,0,0,143,CDP,1.5,1.5,1,0,0,0,0,0,0,-1,-1
1569,A,F,Rock'n'Roll-Main Class Free Style,Final - Foot technique,4,63,1,-15,-15,6.875,4.5,0,0,143,DF,1.5,2,2,0,0,0,0,0,0,-1,-1
1569,A,F,Rock'n'Roll-Main Class Free Style,Final - Foot technique,5,41,1,-15,-10,8.125,6,0,0,143,CDP,1.5,2,2,0,0,0,0,0,0,-1,-1
1569,A,F,Rock'n'Roll-Main Class Free Style,Final - Foot technique,5,41,1,-15,-10,8.125,6,0,0,143,DF,1.5,2.5,2,0,0,0,0,0,0,-1,-1
1569,B,F,Rock'n'Roll-Main Class Free Style,Final - Foot technique,1,86,2,-25,-35,5,4,0,0,143,CDP,1.5,1.5,1,0,0,0,0,0,0,-1,-1
1569,B,F,Rock'n'Roll-Main Class Free Style,Final - Foot technique,1,86,2,-25,-35,5,4,0,0,143,DF,1,1.5,1.5,0,0,0,0,0,0,-1,-1
1569,B,F,Rock'n'Roll-Main Class Free Style,Final - Foot technique,2,90,2,-10,-15,6.875,6.5,0,0,143,CDP,2,2.5,2,0,0,0,0,0,0,-1,-1
1569,B,F,Rock'n'Roll-Main Class Free Style,Final - Foot technique,2,90,2,-10,-15,6.875,6.5,0,0,143,DF,1.5,2,2,0,0,0,0,0,0,-1,-1
1569,B,F,Rock'n'Roll-Main Class Free Style,Final - Foot technique,3,47,2,-15,-15,6.25,5,0,0,143,CDP,2,1.5,1.5,0,0,0,0,0,0,-1,-1
1569,B,F,Rock'n'Roll-Main Class Free Style,Final - Foot technique,3,47,2,-15,-15,6.25,5,0,0,143,DF,1.5,1.5,2,0,0,0,0,0,0,-1,-1
1569,B,F,Rock'n'Roll-Main Class Free Style,Final - Foot technique,4,63,2,-25,-15,5,4,0,0,143,CDP,1.5,1.5,1,0,0,0,0,0,0,-1,-1
1569,B,F,Rock'n'Roll-Main Class Free Style,Final - Foot technique,4,63,2,-25,-15,5,4,0,0,143,DF,1,1.5,1.5,0,0,0,0,0,0,-1,-1
1569,B,F,Rock'n'Roll-Main Class Free Style,Final - Foot technique,5,41,2,-35,-15,6.25,5,0,0,143,CDP,2,1.5,1.5,0,0,0,0,0,0,-1,-1
1569,B,F,Rock'n'Roll-Main Class Free Style,Final - Foot technique,5,41,2,-35,-15,6.25,5,0,0,143,DF,1.5,2,1.5,0,0,0,0,0,0,-1,-1
1569,C,F,Rock'n'Roll-Main Class Free Style,Final - Foot technique,1,86,3,-35,-35,5.625,5,0,0,143,DF,1.5,1.5,1.5,0,0,0,0,0,0,-1,-1
1569,C,F,Rock'n'Roll-Main Class Free Style,Final - Foot technique,1,86,3,-35,-35,5.625,5,0,0,143,CDP,1.5,1.5,2,0,0,0,0,0,0,-1,-1
1569,C,F,Rock'n'Roll-Main Class Free Style,Final - Foot technique,2,90,3,-25,-15,6.875,5.5,0,0,143,CDP,2,1.5,2,0,0,0,0,0,0,-1,-1
1569,C,F,Rock'n'Roll-Main Class Free Style,Final - Foot technique,2,90,3,-25,-15,6.875,5.5,0,0,143,DF,2,2,1.5,0,0,0,0,0,0,-1,-1
1569,C,F,Rock'n'Roll-Main Class Free Style,Final - Foot technique,3,47,3,-15,-25,6.25,6,0,0,143,CDP,2,2,2,0,0,0,0,0,0,-1,-1
1569,C,F,Rock'n'Roll-Main Class Free Style,Final - Foot technique,3,47,3,-15,-25,6.25,6,0,0,143,DF,1.5,2,1.5,0,0,0,0,0,0,-1,-1
1569,C,F,Rock'n'Roll-Main Class Free Style,Final - Foot technique,4,63,3,-35,-25,6.25,4.5,0,0,143,DF,1.5,2,1.5,0,0,0,0,0,0,-1,-1
1569,C,F,Rock'n'Roll-Main Class Free Style,Final - Foot technique,4,63,3,-35,-25,6.25,4.5,0,0,143,CDP,1.5,1.5,1.5,0,0,0,0,0,0,-1,-1
1569,C,F,Rock'n'Roll-Main Class Free Style,Final - Foot technique,5,41,3,-50,-25,5.625,4.5,0,0,143,DF,1.5,1.5,1.5,0,0,0,0,0,0,-1,-1
1569,C,F,Rock'n'Roll-Main Class Free Style,Final - Foot technique,5,41,3,-50,-25,5.625,4.5,0,0,143,CDP,1.5,1.5,1.5,0,0,0,0,0,0,-1,-1
1569,D,F,Rock'n'Roll-Main Class Free Style,Final - Foot technique,1,86,4,-25,-25,5.625,4.5,0,0,143,CDP,1.5,1.5,1.5,0,0,0,0,0,0,-1,-1
1569,D,F,Rock'n'Roll-Main Class Free Style,Final - Foot technique,1,86,4,-25,-25,5.625,4.5,0,0,143,DF,1.5,1.5,1.5,0,0,0,0,0,0,-1,-1
1569,D,F,Rock'n'Roll-Main Class Free Style,Final - Foot technique,2,90,4,-10,-5,7.5,7,0,0,143,CDP,2.5,2.5,2,0,0,0,0,0,0,-1,-1
1569,D,F,Rock'n'Roll-Main Class Free Style,Final - Foot technique,2,90,4,-10,-5,7.5,7,0,0,143,DF,2,2,2,0,0,0,0,0,0,-1,-1
1569,D,F,Rock'n'Roll-Main Class Free Style,Final - Foot technique,3,47,4,-25,-15,6.25,5,0,0,143,CDP,1.5,2,1.5,0,0,0,0,0,0,-1,-1
1569,D,F,Rock'n'Roll-Main Class Free Style,Final - Foot technique,3,47,4,-25,-15,6.25,5,0,0,143,DF,1.5,2,1.5,0,0,0,0,0,0,-1,-1
1569,D,F,Rock'n'Roll-Main Class Free Style,Final - Foot technique,4,63,4,-25,-35,5.625,4,0,0,143,CDP,1.5,1.5,1,0,0,0,0,0,0,-1,-1
1569,D,F,Rock'n'Roll-Main Class Free Style,Final - Foot technique,4,63,4,-25,-35,5.625,4,0,0,143,DF,1.5,1.5,1.5,0,0,0,0,0,0,-1,-1
1569,D,F,Rock'n'Roll-Main Class Free Style,Final - Foot technique,5,41,4,-25,-25,5.625,4.5,-2,0,143,DF,1.5,1.5,1.5,0,0,0,0,0,0,-1,-1
1569,D,F,Rock'n'Roll-Main Class Free Style,Final - Foot technique,5,41,4,-25,-25,5.625,4.5,-2,0,143,CDP,1.5,1.5,1.5,0,0,0,0,0,0,-1,-1
1569,E,F,Rock'n'Roll-Main Class Free Style,Final - Foot technique,1,86,5,-35,-35,5.625,4.5,0,0,143,CDP,1.5,1.5,1.5,0,0,0,0,0,0,-1,-1
1569,E,F,Rock'n'Roll-Main Class Free Style,Final - Foot technique,1,86,5,-35,-35,5.625,4.5,0,0,143,DF,1.5,1.5,1.5,0,0,0,0,0,0,-1,-1
1569,E,F,Rock'n'Roll-Main Class Free Style,Final - Foot technique,2,90,5,-5,-5,8.75,6.5,0,0,143,CDP,2,2,2,0,0,0,0,0,0,-1,-1
1569,E,F,Rock'n'Roll-Main Class Free Style,Final - Foot technique,2,90,5,-5,-5,8.75,6.5,0,0,143,DF,2.5,2,2,0,0,0,0,0,0,-1,-1
1569,E,F,Rock'n'Roll-Main Class Free Style,Final - Foot technique,3,47,5,-15,-15,8.125,6,0,0,143,DF,2,2,2,0,0,0,0,0,0,-1,-1
1569,E,F,Rock'n'Roll-Main Class Free Style,Final - Foot technique,3,47,5,-15,-15,8.125,6,0,0,143,CDP,2,2,1.5,0,0,0,0,0,0,-1,-1
1569,E,F,Rock'n'Roll-Main Class Free Style,Final - Foot technique,4,63,5,-25,-25,6.25,5,0,0,143,DF,1.5,1.5,1.5,0,0,0,0,0,0,-1,-1
1569,E,F,Rock'n'Roll-Main Class Free Style,Final - Foot technique,4,63,5,-25,-25,6.25,5,0,0,143,CDP,1.5,1.5,1.5,0,0,0,0,0,0,-1,-1
1569,E,F,Rock'n'Roll-Main Class Free Style,Final - Foot technique,5,41,5,-25,-25,6.25,5,0,0,143,CDP,1.5,1.5,1.5,0,0,0,0,0,0,-1,-1
1569,E,F,Rock'n'Roll-Main Class Free Style,Final - Foot technique,5,41,5,-25,-25,6.25,5,0,0,143,DF,1.5,1.5,1.5,0,0,0,0,0,0,-1,-1
1572,B,F,Rock'n'Roll-Main Class Contact Style,Final - Acrobatic,1,283,2,-25,-35,3.75,3.5,0,0,143,CDP,1,1.5,1,0,0,0,0,0,0,-1,-1
1572,B,F,Rock'n'Roll-Main Class Contact Style,Final - Acrobatic,1,283,2,-25,-35,3.75,3.5,0,0,143,DF,1,1,1,0,0,0,0,0,0,-1,-1
1572,B,F,Rock'n'Roll-Main Class Contact Style,Final - Acrobatic,2,362,2,-25,-10,8.75,6,0,0,143,DF,2.5,2,2,0,0,0,0,0,0,-1,-1
1572,B,F,Rock'n'Roll-Main Class Contact Style,Final - Acrobatic,2,362,2,-25,-10,8.75,6,0,0,143,CDP,2,2,2,0,0,0,0,0,0,-1,-1
1572,B,F,Rock'n'Roll-Main Class Contact Style,Final - Acrobatic,3,300,2,-50,-75,4.375,3,-2,0,143,CDP,1,1.5,0.5,0,0,0,0,0,0,-1,-1
1572,B,F,Rock'n'Roll-Main Class Contact Style,Final - Acrobatic,3,300,2,-50,-75,4.375,3,-2,0,143,DF,1,1,1,0,0,0,0,0,0,-1,-1
1572,B,F,Rock'n'Roll-Main Class Contact Style,Final - Acrobatic,4,179,2,-10,-10,7.5,5.5,0,0,143,CDP,2,1.5,2,0,0,0,0,0,0,-1,-1
1572,B,F,Rock'n'Roll-Main Class Contact Style,Final - Acrobatic,4,179,2,-10,-10,7.5,5.5,0,0,143,DF,1.5,2,2,0,0,0,0,0,0,-1,-1
1572,B,F,Rock'n'Roll-Main Class Contact Style,Final - Acrobatic,5,181,2,-15,-25,6.25,4.5,0,0,143,CDP,1.5,1.5,1.5,0,0,0,0,0,0,-1,-1
1572,B,F,Rock'n'Roll-Main Class Contact Style,Final - Acrobatic,5,181,2,-15,-25,6.25,4.5,0,0,143,DF,1.5,1.5,1.5,0,0,0,0,0,0,-1,-1
1572,B,F,Rock'n'Roll-Main Class Contact Style,Final - Acrobatic,6,363,2,-10,-25,6.25,4.5,0,0,143,CDP,1,1.5,2,0,0,0,0,0,0,-1,-1
1572,B,F,Rock'n'Roll-Main Class Contact Style,Final - Acrobatic,6,363,2,-10,-25,6.25,4.5,0,0,143,DF,1,2,1.5,0,0,0,0,0,0,-1,-1
1572,C,F,Rock'n'Roll-Main Class Contact Style,Final - Acrobatic,1,283,3,-50,-35,4.375,4.5,0,0,143,CDP,1.5,1.5,1.5,0,0,0,0,0,0,-1,-1
1572,C,F,Rock'n'Roll-Main Class Contact Style,Final - Acrobatic,1,283,3,-50,-35,4.375,4.5,0,0,143,DF,1,1.5,1,0,0,0,0,0,0,-1,-1
1572,C,F,Rock'n'Roll-Main Class Contact Style,Final - Acrobatic,2,362,3,-35,-25,6.25,4.5,0,0,143,CDP,1.5,1.5,1.5,0,0,0,0,0,0,-1,-1
1572,C,F,Rock'n'Roll-Main Class Contact Style,Final - Acrobatic,2,362,3,-35,-25,6.25,4.5,0,0,143,DF,1.5,2,1.5,0,0,0,0,0,0,-1,-1
1572,C,F,Rock'n'Roll-Main Class Contact Style,Final - Acrobatic,3,300,3,-35,-50,5.625,4.5,0,0,143,CDP,1.5,1.5,1.5,0,0,0,0,0,0,-1,-1
1572,C,F,Rock'n'Roll-Main Class Contact Style,Final - Acrobatic,3,300,3,-35,-50,5.625,4.5,0,0,143,DF,1.5,1.5,1.5,0,0,0,0,0,0,-1,-1
1572,C,F,Rock'n'Roll-Main Class Contact Style,Final - Acrobatic,4,179,3,-25,-25,6.25,4.5,0,0,143,CDP,1.5,1.5,1.5,0,0,0,0,0,0,-1,-1
1572,C,F,Rock'n'Roll-Main Class Contact Style,Final - Acrobatic,4,179,3,-25,-25,6.25,4.5,0,0,143,DF,1.5,2,1.5,0,0,0,0,0,0,-1,-1
1572,C,F,Rock'n'Roll-Main Class Contact Style,Final - Acrobatic,5,181,3,-15,-10,5.625,4.5,0,0,143,DF,1,2,1.5,0,0,0,0,0,0,-1,-1
1572,C,F,Rock'n'Roll-Main Class Contact Style,Final - Acrobatic,5,181,3,-15,-10,5.625,4.5,0,0,143,CDP,1.5,1.5,1.5,0,0,0,0,0,0,-1,-1
1572,C,F,Rock'n'Roll-Main Class Contact Style,Final - Acrobatic,6,363,3,-10,-10,7.5,5.5,0,0,143,CDP,2,2,1.5,0,0,0,0,0,0,-1,-1
1572,C,F,Rock'n'Roll-Main Class Contact Style,Final - Acrobatic,6,363,3,-10,-10,7.5,5.5,0,0,143,DF,1.5,2.5,2,0,0,0,0,0,0,-1,-1
1572,E,F,Rock'n'Roll-Main Class Contact Style,Final - Acrobatic,1,283,5,-50,-50,3.75,3.5,0,0,143,CDP,1.5,1,1,0,0,0,0,0,0,-1,-1
1572,E,F,Rock'n'Roll-Main Class Contact Style,Final - Acrobatic,1,283,5,-50,-50,3.75,3.5,0,0,143,DF,1,1,1,0,0,0,0,0,0,-1,-1
1572,E,F,Rock'n'Roll-Main Class Contact Style,Final - Acrobatic,2,362,5,-25,-25,6.25,4.5,0,0,143,CDP,1.5,1.5,1.5,0,0,0,0,0,0,-1,-1
1572,E,F,Rock'n'Roll-Main Class Contact Style,Final - Acrobatic,2,362,5,-25,-25,6.25,4.5,0,0,143,DF,2,1.5,1.5,0,0,0,0,0,0,-1,-1
1572,E,F,Rock'n'Roll-Main Class Contact Style,Final - Acrobatic,3,300,5,-50,-75,3.75,2.5,0,0,143,CDP,0.5,1,1,0,0,0,0,0,0,-1,-1
1572,E,F,Rock'n'Roll-Main Class Contact Style,Final - Acrobatic,3,300,5,-50,-75,3.75,2.5,0,0,143,DF,1,1,1,0,0,0,0,0,0,-1,-1
1572,E,F,Rock'n'Roll-Main Class Contact Style,Final - Acrobatic,4,179,5,-15,-10,5.625,5,0,0,143,CDP,1.5,2,1.5,0,0,0,0,0,0,-1,-1
1572,E,F,Rock'n'Roll-Main Class Contact Style,Final - Acrobatic,4,179,5,-15,-10,5.625,5,0,0,143,DF,1.5,1.5,1.5,0,0,0,0,0,0,-1,-1
1572,E,F,Rock'n'Roll-Main Class Contact Style,Final - Acrobatic,5,181,5,-35,-35,5.625,3.5,0,0,143,CDP,1,1.5,1,0,0,0,0,0,0,-1,-1
1572,E,F,Rock'n'Roll-Main Class Contact Style,Final - Acrobatic,5,181,5,-35,-35,5.625,3.5,0,0,143,DF,1.5,1.5,1.5,0,0,0,0,0,0,-1,-1
1572,E,F,Rock'n'Roll-Main Class Contact Style,Final - Acrobatic,6,363,5,-25,-15,6.25,4.5,0,0,143,CDP,1.5,1.5,1.5,0,0,0,0,0,0,-1,-1
1572,E,F,Rock'n'Roll-Main Class Contact Style,Final - Acrobatic,6,363,5,-25,-15,6.25,4.5,0,0,143,DF,1.5,2,1.5,0,0,0,0,0,0,-1,-1
1574,A,F,Rock'n'Roll-Main Class Free Style,Final - Acrobatic,1,41,1,-10,-5,8.125,5.5,0,0,143,CDP,1.5,2,2,0,0,0,0,0,0,-1,-1
1574,A,F,Rock'n'Roll-Main Class Free Style,Final - Acrobatic,1,41,1,-10,-5,8.125,5.5,0,0,143,DF,2,2.5,2,0,0,0,0,0,0,-1,-1
1574,A,F,Rock'n'Roll-Main Class Free Style,Final - Acrobatic,2,86,1,-15,-15,6.875,5,-2,0,143,CDP,1.5,1.5,1.5,0,0,0,0,0,0,-1,-1
1574,A,F,Rock'n'Roll-Main Class Free Style,Final - Acrobatic,2,86,1,-15,-15,6.875,5,-2,0,143,DF,1.5,2,2,0,0,0,0,0,0,-1,-1
1574,A,F,Rock'n'Roll-Main Class Free Style,Final - Acrobatic,3,47,1,-10,-10,7.5,4.5,-6,0,143,DF,2,2,2,0,0,0,0,0,0,-1,-1
1574,A,F,Rock'n'Roll-Main Class Free Style,Final - Acrobatic,3,47,1,-10,-10,7.5,4.5,-6,0,143,CDP,1.5,1,1.5,0,0,0,0,0,0,-1,-1
1574,A,F,Rock'n'Roll-Main Class Free Style,Final - Acrobatic,4,90,1,-10,-10,7.5,7,0,0,143,CDP,2,2.5,2,0,0,0,0,0,0,-1,-1
1574,A,F,Rock'n'Roll-Main Class Free Style,Final - Acrobatic,4,90,1,-10,-10,7.5,7,0,0,143,DF,2,2,2,0,0,0,0,0,0,-1,-1
1574,A,F,Rock'n'Roll-Main Class Free Style,Final - Acrobatic,5,63,1,-15,-15,6.875,5.5,-2,-40,143,CDP,1.5,2,1.5,0,0,0,0,0,0,-1,-1
1574,A,F,Rock'n'Roll-Main Class Free Style,Final - Acrobatic,5,63,1,-15,-15,6.875,5.5,-2,-40,143,DF,1.5,2,2,0,0,0,0,0,0,-1,-1
1574,D,F,Rock'n'Roll-Main Class Free Style,Final - Acrobatic,1,41,4,-25,-15,5.625,5,0,0,143,DF,1.5,1.5,1.5,0,0,0,0,0,0,-1,-1
1574,D,F,Rock'n'Roll-Main Class Free Style,Final - Acrobatic,1,41,4,-25,-15,5.625,5,0,0,143,CDP,1.5,2,1.5,0,0,0,0,0,0,-1,-1
1574,D,F,Rock'n'Roll-Main Class Free Style,Final - Acrobatic,2,86,4,-25,-25,4.375,4,0,0,143,DF,1,1,1.5,0,0,0,0,0,0,-1,-1
1574,D,F,Rock'n'Roll-Main Class Free Style,Final - Acrobatic,2,86,4,-25,-25,4.375,4,0,0,143,CDP,1,1.5,1.5,0,0,0,0,0,0,-1,-1
1574,D,F,Rock'n'Roll-Main Class Free Style,Final - Acrobatic,3,47,4,-25,-15,7.5,6,0,0,143,CDP,2,2,2,0,0,0,0,0,0,-1,-1
1574,D,F,Rock'n'Roll-Main Class Free Style,Final - Acrobatic,3,47,4,-25,-15,7.5,6,0,0,143,DF,2,2,2,0,0,0,0,0,0,-1,-1
1574,D,F,Rock'n'Roll-Main Class Free Style,Final - Acrobatic,4,90,4,-25,-35,6.875,6,0,0,143,CDP,2,2,2,0,0,0,0,0,0,-1,-1
1574,D,F,Rock'n'Roll-Main Class Free Style,Final - Acrobatic,4,90,4,-25,-35,6.875,6,0,0,143,DF,1.5,2,2,0,0,0,0,0,0,-1,-1
1574,D,F,Rock'n'Roll-Main Class Free Style,Final - Acrobatic,5,63,4,-35,-50,5,4.5,0,-60,143,CDP,1.5,1.5,1.5,0,0,0,0,0,0,-1,-1
1574,D,F,Rock'n'Roll-Main Class Free Style,Final - Acrobatic,5,63,4,-35,-50,5,4.5,0,-60,143,DF,1,1.5,1.5,0,0,0,0,0,0,-1,-1
1574,E,F,Rock'n'Roll-Main Class Free Style,Final - Acrobatic,1,41,5,-35,-35,3.75,3,0,0,143,CDP,1,1,1,0,0,0,0,0,0,-1,-1
1574,E,F,Rock'n'Roll-Main Class Free Style,Final - Acrobatic,1,41,5,-35,-35,3.75,3,0,0,143,DF,1,1,1,0,0,0,0,0,0,-1,-1
1574,E,F,Rock'n'Roll-Main Class Free Style,Final - Acrobatic,2,86,5,-35,-35,5.625,4,0,0,143,DF,1.5,1.5,1.5,0,0,0,0,0,0,-1,-1
1574,E,F,Rock'n'Roll-Main Class Free Style,Final - Acrobatic,2,86,5,-35,-35,5.625,4,0,0,143,CDP,1.5,1.5,1,0,0,0,0,0,0,-1,-1
1574,E,F,Rock'n'Roll-Main Class Free Style,Final - Acrobatic,3,47,5,-35,-35,5.625,4.5,0,0,143,CDP,1.5,1.5,1.5,0,0,0,0,0,0,-1,-1
1574,E,F,Rock'n'Roll-Main Class Free Style,Final - Acrobatic,3,47,5,-35,-35,5.625,4.5,0,0,143,DF,2,1,1.5,0,0,0,0,0,0,-1,-1
1574,E,F,Rock'n'Roll-Main Class Free Style,Final - Acrobatic,4,90,5,-15,-10,7.5,6,0,0,143,CDP,1.5,2,2,0,0,0,0,0,0,-1,-1
1574,E,F,Rock'n'Roll-Main Class Free Style,Final - Acrobatic,4,90,5,-15,-10,7.5,6,0,0,143,DF,2,2,2,0,0,0,0,0,0,-1,-1
1574,E,F,Rock'n'Roll-Main Class Free Style,Final - Acrobatic,5,63,5,-50,-35,3.125,2.5,0,-30,143,DF,0.5,1,1,0,0,0,0,0,0,-1,-1
1574,E,F,Rock'n'Roll-Main Class Free Style,Final - Acrobatic,5,63,5,-50,-35,3.125,2.5,0,-30,143,CDP,0.5,1,0.5,0,0,0,0,0,0,-1,-1