rt_id,Judge,tip,Category,Round,Heat,Stn,stanica,Acro 1,Acro 2,Acro 3,Acro 4,Acro 5,Acro 6,bm,turnir
1530,B,A,Boogie-Woogie-Juniors,Final,1,150,1,0,0,0,0,0,0,0,142
1530,B,A,Boogie-Woogie-Juniors,Final,2,386,1,0,0,0,0,0,0,0,142
1530,B,A,Boogie-Woogie-Juniors,Final,3,250,1,0,0,0,0,0,0,0,142
1530,B,A,Boogie-Woogie-Juniors,Final,4,193,1,0,0,0,0,0,0,0,142
1530,D,A,Boogie-Woogie-Juniors,Final,1,150,2,0,0,0,0,0,0,0,142
1530,D,A,Boogie-Woogie-Juniors,Final,2,386,2,0,0,0,0,0,0,0,142
1530,D,A,Boogie-Woogie-Juniors,Final,3,250,2,0,0,0,0,0,0,0,142
1530,D,A,Boogie-Woogie-Juniors,Final,4,193,2,0,0,0,0,0,0,0,142
1534,B,A,Boogie-Woogie-Seniors,Final - slow,1,42,1,0,0,0,0,0,0,0,142
1534,F,A,Boogie-Woogie-Seniors,Final - slow,1,42,4,0,0,0,0,0,0,0,142
1537,A,A,Rock'n'Roll-Main Class Contact Style,First round,1,172,1,-50,-50,-35,-25,-50,-1,0,142
1537,A,A,Rock'n'Roll-Main Class Contact Style,First round,1,71,1,-25,-15,-25,-25,-35,-1,0,142
1537,A,A,Rock'n'Roll-Main Class Contact Style,First round,2,362,1,-5,-10,-10,-10,-10,-1,0,142
1537,A,A,Rock'n'Roll-Main Class Contact Style,First round,2,181,1,-25,-25,-35,-15,-50,-1,0,142
1537,A,A,Rock'n'Roll-Main Class Contact Style,First round,3,283,1,-15,-25,-25,-15,-35,-1,0,142
1537,A,A,Rock'n'Roll-Main Class Contact Style,First round,3,363,1,-10,-25,-10,-25,-25,-1,0,142
1537,A,A,Rock'n'Roll-Main Class Contact Style,First round,4,179,1,-25,-15,-35,-15,-75,-1,0,142
1537,G,A,Rock'n'Roll-Main Class Contact Style,First round,1,71,3,-10,-10,-15,-10,-15,-1,0,142
1537,G,A,Rock'n'Roll-Main Class Contact Style,First round,1,172,3,-35,-25,-15,-10,-15,-1,0,142
1537,G,A,Rock'n'Roll-Main Class Contact Style,First round,2,181,3,-5,-10,-25,-10,-15,-1,0,142
1537,G,A,Rock'n'Roll-Main Class Contact Style,First round,2,362,3,-5,-5,-5,-5,0,-1,0,142
1537,G,A,Rock'n'Roll-Main Class Contact Style,First round,3,363,3,0,-5,0,-10,-10,-1,0,142
1537,G,A,Rock'n'Roll-Main Class Contact Style,First round,3,283,3,-5,-10,-10,-10,-10,-1,0,142
1537,G,A,Rock'n'Roll-Main Class Contact Style,First round,4,179,3,-5,-5,-15,-10,-25,-1,0,142
1537,H,A,Rock'n'Roll-Main Class Contact Style,First round,1,172,4,-35,-15,-35,-15,-50,-1,0,142
1537,H,A,Rock'n'Roll-Main Class Contact Style,First round,1,71,4,-15,-15,-25,-50,-25,-1,0,142
1537,H,A,Rock'n'Roll-Main Class Contact Style,First round,2,362,4,0,-5,-10,0,-5,-1,0,142
1537,H,A,Rock'n'Roll-Main Class Contact Style,First round,2,181,4,-15,-25,-35,-10,-25,-1,0,142
1537,H,A,Rock'n'Roll-Main Class Contact Style,First round,3,283,4,-10,-15,-15,-25,-25,-1,0,142
1537,H,A,Rock'n'Roll-Main Class Contact Style,First round,3,363,4,-5,-10,-5,-10,-5,-1,0,142
1537,H,A,Rock'n'Roll-Main Class Contact Style,First round,4,179,4,-15,-10,-15,-25,-50,-1,0,142
1538,A,A,Rock'n'Roll-Main Class Start,Final,1,28,1,-35,-25,-35,-35,-25,-15,0,142
1538,A,A,Rock'n'Roll-Main Class Start,Final,2,176,1,-35,-100,-25,-50,-75,-35,0,142
1538,A,A,Rock'n'Roll-Main Class Start,Final,3,142,1,-15,-25,-35,-50,-50,-35,0,142
1538,C,A,Rock'n'Roll-Main Class Start,Final,1,28,2,-10,-15,-25,-25,-15,-15,0,142
1538,C,A,Rock'n'Roll-Main Class Start,Final,2,176,2,-15,-50,-25,-75,-35,-25,0,142
1538,C,A,Rock'n'Roll-Main Class Start,Final,3,142,2,-15,-15,-35,-35,-35,-15,0,142
1538,G,A,Rock'n'Roll-Main Class Start,Final,1,28,3,-15,-10,-15,-35,-15,-10,0,142
1538,G,A,Rock'n'Roll-Main Class Start,Final,2,176,3,-15,-50,-15,-35,-25,-15,0,142
1538,G,A,Rock'n'Roll-Main Class Start,Final,3,142,3,-10,-5,-10,-50,-35,-10,0,142
1539,B,A,Boogie-Woogie-Seniors,Final - fast,1,42,1,0,0,0,0,0,0,0,142
1539,F,A,Boogie-Woogie-Seniors,Final - fast,1,42,4,0,0,0,0,0,0,0,142
1540,B,A,Boogie-Woogie-Main Class,Final - slow,1,24,1,0,0,0,0,0,0,0,142
1540,E,A,Boogie-Woogie-Main Class,Final - slow,1,24,3,0,0,0,0,0,0,0,142
1544,A,A,Rock'n'Roll-Main Class Contact Style,Final - Foot technique,1,181,1,-1,-1,-1,-1,-1,-1,0,142
1544,A,A,Rock'n'Roll-Main Class Contact Style,Final - Foot technique,2,179,1,-1,-1,-1,-1,-1,-1,0,142
1544,A,A,Rock'n'Roll-Main Class Contact Style,Final - Foot technique,3,283,1,-1,-1,-1,-1,-1,-1,0,142
1544,A,A,Rock'n'Roll-Main Class Contact Style,Final - Foot technique,4,172,1,-1,-1,-1,-1,-1,-1,0,142
1544,A,A,Rock'n'Roll-Main Class Contact Style,Final - Foot technique,5,363,1,-1,-1,-1,-1,-1,-1,0,142
1544,A,A,Rock'n'Roll-Main Class Contact Style,Final - Foot technique,6,362,1,-1,-1,-1,-1,-1,-1,0,142
1544,A,A,Rock'n'Roll-Main Class Contact Style,Final - Foot technique,7,71,1,-1,-1,-1,-1,-1,-1,0,142
1544,G,A,Rock'n'Roll-Main Class Contact Style,Final - Foot technique,1,181,3,-1,-1,-1,-1,-1,-1,0,142
1544,G,A,Rock'n'Roll-Main Class Contact Style,Final - Foot technique,2,179,3,-1,-1,-1,-1,-1,-1,0,142
1544,G,A,Rock'n'Roll-Main Class Contact Style,Final - Foot technique,3,283,3,-1,-1,-1,-1,-1,-1,0,142
1544,G,A,Rock'n'Roll-Main Class Contact Style,Final - Foot technique,4,172,3,-1,-1,-1,-1,-1,-1,0,142
1544,G,A,Rock'n'Roll-Main Class Contact Style,Final - Foot technique,5,363,3,-1,-1,-1,-1,-1,-1,0,142
1544,G,A,Rock'n'Roll-Main Class Contact Style,Final - Foot technique,6,362,3,-1,-1,-1,-1,-1,-1,0,142
1544,G,A,Rock'n'Roll-Main Class Contact Style,Final - Foot technique,7,71,3,-1,-1,-1,-1,-1,-1,0,142
1544,H,A,Rock'n'Roll-Main Class Contact Style,Final - Foot technique,1,181,4,-1,-1,-1,-1,-1,-1,0,142
1544,H,A,Rock'n'Roll-Main Class Contact Style,Final - Foot technique,2,179,4,-1,-1,-1,-1,-1,-1,0,142
1544,H,A,Rock'n'Roll-Main Class Contact Style,Final - Foot technique,3,283,4,-1,-1,-1,-1,-1,-1,0,142
1544,H,A,Rock'n'Roll-Main Class Contact Style,Final - Foot technique,4,172,4,-1,-1,-1,-1,-1,-1,0,142
1544,H,A,Rock'n'Roll-Main Class Contact Style,Final - Foot technique,5,363,4,-1,-1,-1,-1,-1,-1,0,142
1544,H,A,Rock'n'Roll-Main Class Contact Style,Final - Foot technique,6,362,4,-1,-1,-1,-1,-1,-1,0,142
1544,H,A,Rock'n'Roll-Main Class Contact Style,Final - Foot technique,7,71,4,-1,-1,-1,-1,-1,-1,0,142
1545,C,A,Rock'n'Roll-Main Class Free Style,Final - Foot technique,1,90,2,0,0,0,0,0,0,0,142
1545,C,A,Rock'n'Roll-Main Class Free Style,Final - Foot technique,2,263,2,0,0,0,0,0,0,0,142
1545,C,A,Rock'n'Roll-Main Class Free Style,Final - Foot technique,3,63,2,0,0,0,0,0,0,0,142
1545,C,A,Rock'n'Roll-Main Class Free Style,Final - Foot technique,4,47,2,0,0,0,0,0,0,0,142
1545,C,A,Rock'n'Roll-Main Class Free Style,Final - Foot technique,5,86,2,0,0,0,0,0,0,0,142
1545,G,A,Rock'n'Roll-Main Class Free Style,Final - Foot technique,1,90,3,0,0,0,0,0,0,0,142
1545,G,A,Rock'n'Roll-Main Class Free Style,Final - Foot technique,2,263,3,0,0,0,0,0,0,0,142
1545,G,A,Rock'n'Roll-Main Class Free Style,Final - Foot technique,3,63,3,0,0,0,0,0,0,0,142
1545,G,A,Rock'n'Roll-Main Class Free Style,Final - Foot technique,4,47,3,0,0,0,0,0,0,0,142
1545,G,A,Rock'n'Roll-Main Class Free Style,Final - Foot technique,5,86,3,0,0,0,0,0,0,0,142
1545,I,A,Rock'n'Roll-Main Class Free Style,Final - Foot technique,1,90,5,0,0,0,0,0,0,0,142
1545,I,A,Rock'n'Roll-Main Class Free Style,Final - Foot technique,2,263,5,0,0,0,0,0,0,0,142
1545,I,A,Rock'n'Roll-Main Class Free Style,Final - Foot technique,3,63,5,0,0,0,0,0,0,0,142
1545,I,A,Rock'n'Roll-Main Class Free Style,Final - Foot technique,4,47,5,0,0,0,0,0,0,0,142
1545,I,A,Rock'n'Roll-Main Class Free Style,Final - Foot technique,5,86,5,0,0,0,0,0,0,0,142
1548,B,A,Boogie-Woogie-Main Class,Final - fast,1,24,1,0,0,0,0,0,0,0,142
1548,E,A,Boogie-Woogie-Main Class,Final - fast,1,24,3,0,0,0,0,0,0,0,142
1549,A,A,Rock'n'Roll-Main Class Contact Style,Final - Acrobatic,1,283,1,-1,-1,-1,-1,-1,-1,0,142
1549,A,A,Rock'n'Roll-Main Class Contact Style,Final - Acrobatic,2,181,1,-1,-1,-1,-1,-1,-1,0,142
1549,A,A,Rock'n'Roll-Main Class Contact Style,Final - Acrobatic,3,71,1,-1,-1,-1,-1,-1,-1,0,142
1549,A,A,Rock'n'Roll-Main Class Contact Style,Final - Acrobatic,4,179,1,-1,-1,-1,-1,-1,-1,0,142
1549,A,A,Rock'n'Roll-Main Class Contact Style,Final - Acrobatic,5,362,1,-1,-1,-1,-1,-1,-1,0,142
1549,A,A,Rock'n'Roll-Main Class Contact Style,Final - Acrobatic,6,172,1,-1,-1,-1,-1,-1,-1,0,142
1549,A,A,Rock'n'Roll-Main Class Contact Style,Final - Acrobatic,7,363,1,-1,-1,-1,-1,-1,-1,0,142
1549,G,A,Rock'n'Roll-Main Class Contact Style,Final - Acrobatic,1,283,3,-1,-1,-1,-1,-1,-1,0,142
1549,G,A,Rock'n'Roll-Main Class Contact Style,Final - Acrobatic,2,181,3,-1,-1,-1,-1,-1,-1,0,142
1549,G,A,Rock'n'Roll-Main Class Contact Style,Final - Acrobatic,3,71,3,-1,-1,-1,-1,-1,-1,0,142
1549,G,A,Rock'n'Roll-Main Class Contact Style,Final - Acrobatic,4,179,3,-1,-1,-1,-1,-1,-1,0,142
1549,G,A,Rock'n'Roll-Main Class Contact Style,Final - Acrobatic,5,362,3,-1,-1,-1,-1,-1,-1,0,142
1549,G,A,Rock'n'Roll-Main Class Contact Style,Final - Acrobatic,6,172,3,-1,-1,-1,-1,-1,-1,0,142
1549,G,A,Rock'n'Roll-Main Class Contact Style,Final - Acrobatic,7,363,3,-1,-1,-1,-1,-1,-1,0,142
1549,H,A,Rock'n'Roll-Main Class Contact Style,Final - Acrobatic,1,283,4,-1,-1,-1,-1,-1,-1,0,142
1549,H,A,Rock'n'Roll-Main Class Contact Style,Final - Acrobatic,2,181,4,-1,-1,-1,-1,-1,-1,0,142
1549,H,A,Rock'n'Roll-Main Class Contact Style,Final - Acrobatic,3,71,4,-1,-1,-1,-1,-1,-1,0,142
1549,H,A,Rock'n'Roll-Main Class Contact Style,Final - Acrobatic,4,179,4,-1,-1,-1,-1,-1,-1,0,142
1549,H,A,Rock'n'Roll-Main Class Contact Style,Final - Acrobatic,5,362,4,-1,-1,-1,-1,-1,-1,0,142
1549,H,A,Rock'n'Roll-Main Class Contact Style,Final - Acrobatic,6,172,4,-1,-1,-1,-1,-1,-1,0,142
1549,H,A,Rock'n'Roll-Main Class Contact Style,Final - Acrobatic,7,363,4,-1,-1,-1,-1,-1,-1,0,142
1550,C,A,Rock'n'Roll-Main Class Free Style,Final - Acrobatic,1,86,2,-25,-15,-15,-10,-10,-5,0,142
1550,C,A,Rock'n'Roll-Main Class Free Style,Final - Acrobatic,2,63,2,-25,-15,-25,-15,-25,-15,0,142
1550,C,A,Rock'n'Roll-Main Class Free Style,Final - Acrobatic,3,47,2,-10,-10,-10,-15,-15,-10,0,142
1550,C,A,Rock'n'Roll-Main Class Free Style,Final - Acrobatic,4,90,2,-10,-15,-10,-15,-15,-10,0,142
1550,C,A,Rock'n'Roll-Main Class Free Style,Final - Acrobatic,5,263,2,-10,-15,-15,-10,-25,-15,0,142
1550,G,A,Rock'n'Roll-Main Class Free Style,Final - Acrobatic,1,86,3,-35,-15,-15,-5,-10,0,0,142
1550,G,A,Rock'n'Roll-Main Class Free Style,Final - Acrobatic,2,63,3,-15,-25,-35,-25,-75,-10,0,142
1550,G,A,Rock'n'Roll-Main Class Free Style,Final - Acrobatic,3,47,3,-10,-5,-10,-35,-10,-5,0,142
1550,G,A,Rock'n'Roll-Main Class Free Style,Final - Acrobatic,4,90,3,-5,-25,-10,-10,-15,0,0,142
1550,G,A,Rock'n'Roll-Main Class Free Style,Final - Acrobatic,5,263,3,-10,-25,-25,-10,-50,-10,0,142
1550,I,A,Rock'n'Roll-Main Class Free Style,Final - Acrobatic,1,86,5,-25,-10,-15,-15,-15,-25,0,142
1550,I,A,Rock'n'Roll-Main Class Free Style,Final - Acrobatic,2,63,5,-10,-10,-35,-25,-35,-15,0,142
1550,I,A,Rock'n'Roll-Main Class Free Style,Final - Acrobatic,3,47,5,-15,-15,-25,-15,-15,-15,0,142
1550,I,A,Rock'n'Roll-Main Class Free Style,Final - Acrobatic,4,90,5,-5,-10,-5,-15,-15,-5,0,142
1550,I,A,Rock'n'Roll-Main Class Free Style,Final - Acrobatic,5,263,5,-15,-25,-15,-25,-35,-25,0,142
1552,A,A,Rock'n'Roll-Main Class Contact Style,Final - Foot technique,1,179,1,0,0,0,0,0,0,0,142
1552,A,A,Rock'n'Roll-Main Class Contact Style,Final - Foot technique,2,181,1,0,0,0,0,0,0,0,142
1552,A,A,Rock'n'Roll-Main Class Contact Style,Final - Foot technique,3,362,1,0,0,0,0,0,0,0,142
1552,A,A,Rock'n'Roll-Main Class Contact Style,Final - Foot technique,4,363,1,0,0,0,0,0,0,0,142
1552,A,A,Rock'n'Roll-Main Class Contact Style,Final - Foot technique,5,283,1,0,0,0,0,0,0,0,142
1552,A,A,Rock'n'Roll-Main Class Contact Style,Final - Foot technique,6,71,1,0,0,0,0,0,0,0,142
1552,C,A,Rock'n'Roll-Main Class Contact Style,Final - Foot technique,1,179,3,0,0,0,0,0,0,0,142
1552,C,A,Rock'n'Roll-Main Class Contact Style,Final - Foot technique,2,181,3,0,0,0,0,0,0,0,142
1552,C,A,Rock'n'Roll-Main Class Contact Style,Final - Foot technique,3,362,3,0,0,0,0,0,0,0,142
1552,C,A,Rock'n'Roll-Main Class Contact Style,Final - Foot technique,4,363,3,0,0,0,0,0,0,0,142
1552,C,A,Rock'n'Roll-Main Class Contact Style,Final - Foot technique,5,283,3,0,0,0,0,0,0,0,142
1552,C,A,Rock'n'Roll-Main Class Contact Style,Final - Foot technique,6,71,3,0,0,0,0,0,0,0,142
1552,D,A,Rock'n'Roll-Main Class Contact Style,Final - Foot technique,1,179,4,0,0,0,0,0,0,0,142
1552,D,A,Rock'n'Roll-Main Class Contact Style,Final - Foot technique,2,181,4,0,0,0,0,0,0,0,142
1552,D,A,Rock'n'Roll-Main Class Contact Style,Final - Foot technique,3,362,4,0,0,0,0,0,0,0,142
1552,D,A,Rock'n'Roll-Main Class Contact Style,Final - Foot technique,4,363,4,0,0,0,0,0,0,0,142
1552,D,A,Rock'n'Roll-Main Class Contact Style,Final - Foot technique,5,283,4,0,0,0,0,0,0,0,142
1552,D,A,Rock'n'Roll-Main Class Contact Style,Final - Foot technique,6,71,4,0,0,0,0,0,0,0,142
1553,A,A,Rock'n'Roll-Main Class Contact Style,Final - Acrobatic,1,71,1,-15,-10,-75,-35,-25,-35,0,142
1553,A,A,Rock'n'Roll-Main Class Contact Style,Final - Acrobatic,2,179,1,-15,-15,-5,-10,-15,-50,0,142
1553,A,A,Rock'n'Roll-Main Class Contact Style,Final - Acrobatic,3,363,1,-5,-5,-10,-5,-10,-15,0,142
1553,A,A,Rock'n'Roll-Main Class Contact Style,Final - Acrobatic,4,283,1,-25,-15,-25,-15,-50,-50,0,142
1553,A,A,Rock'n'Roll-Main Class Contact Style,Final - Acrobatic,5,181,1,-35,-15,-15,-15,-25,-25,0,142
1553,A,A,Rock'n'Roll-Main Class Contact Style,Final - Acrobatic,6,362,1,-5,0,-10,-10,-5,-25,0,142
1553,C,A,Rock'n'Roll-Main Class Contact Style,Final - Acrobatic,1,71,3,-10,-5,-50,-25,-10,-10,0,142
1553,C,A,Rock'n'Roll-Main Class Contact Style,Final - Acrobatic,2,179,3,-35,-10,-5,-10,-10,-25,0,142
1553,C,A,Rock'n'Roll-Main Class Contact Style,Final - Acrobatic,3,363,3,0,-5,0,-5,-10,-10,0,142
1553,C,A,Rock'n'Roll-Main Class Contact Style,Final - Acrobatic,4,283,3,-25,-5,-35,-10,-35,-35,0,142
1553,C,A,Rock'n'Roll-Main Class Contact Style,Final - Acrobatic,5,181,3,-25,-10,-5,-10,-35,-10,0,142
1553,C,A,Rock'n'Roll-Main Class Contact Style,Final - Acrobatic,6,362,3,-10,-5,-5,-5,0,-25,0,142
1553,D,A,Rock'n'Roll-Main Class Contact Style,Final - Acrobatic,1,71,4,-15,-15,-75,-35,-25,-15,0,142
1553,D,A,Rock'n'Roll-Main Class Contact Style,Final - Acrobatic,2,179,4,-10,-10,-5,-10,-10,-25,0,142
1553,D,A,Rock'n'Roll-Main Class Contact Style,Final - Acrobatic,3,363,4,-5,-5,-5,-5,-10,-10,0,142
1553,D,A,Rock'n'Roll-Main Class Contact Style,Final - Acrobatic,4,283,4,-25,-15,-15,-15,-50,-50,0,142
1553,D,A,Rock'n'Roll-Main Class Contact Style,Final - Acrobatic,5,181,4,-25,-15,-15,-15,-25,-25,0,142
1553,D,A,Rock'n'Roll-Main Class Contact Style,Final - Acrobatic,6,362,4,-5,0,-5,-5,-5,-25,0,142
1559,A,A,Rock'n'Roll-Main Class Contact Style,First round,1,172,1,-25,-25,-25,-35,-15,-1,0,143
1559,A,A,Rock'n'Roll-Main Class Contact Style,First round,2,300,1,-25,-50,-25,-15,-35,-1,0,143
1559,A,A,Rock'n'Roll-Main Class Contact Style,First round,3,362,1,-5,-5,-5,0,-10,-1,0,143
1559,A,A,Rock'n'Roll-Main Class Contact Style,First round,4,283,1,-5,-35,-15,-10,-15,-1,0,143
1559,A,A,Rock'n'Roll-Main Class Contact Style,First round,5,181,1,-35,-15,-25,-10,-25,-1,0,143
1559,A,A,Rock'n'Roll-Main Class Contact Style,First round,6,179,1,-10,-5,-10,-10,-25,-1,0,143
1559,A,A,Rock'n'Roll-Main Class Contact Style,First round,7,363,1,-5,-5,0,-10,-15,-1,0,143
1559,A,A,Rock'n'Roll-Main Class Contact Style,First round,8,71,1,-15,-100,-15,-25,-25,-1,0,143
1559,D,A,Rock'n'Roll-Main Class Contact Style,First round,1,172,4,-15,-25,-25,-25,-35,-1,0,143
1559,D,A,Rock'n'Roll-Main Class Contact Style,First round,2,300,4,-15,-25,-10,-10,-25,-1,0,143
1559,D,A,Rock'n'Roll-Main Class Contact Style,First round,3,362,4,-5,-10,-15,-5,0,-1,0,143
1559,D,A,Rock'n'Roll-Main Class Contact Style,First round,4,283,4,-15,-25,-15,-15,-25,-1,0,143
1559,D,A,Rock'n'Roll-Main Class Contact Style,First round,5,181,4,-25,-15,-25,-25,-25,-1,0,143
1559,D,A,Rock'n'Roll-Main Class Contact Style,First round,6,179,4,-15,0,-10,-15,-25,-1,0,143
1559,D,A,Rock'n'Roll-Main Class Contact Style,First round,7,363,4,-10,-10,-10,-10,-15,-1,0,143
1559,D,A,Rock'n'Roll-Main Class Contact Style,First round,8,71,4,-15,-100,-15,-35,-25,-1,0,143
1562,E,A,Boogie-Woogie-Juniors,Final,1,150,1,0,0,0,0,0,0,0,143
1562,E,A,Boogie-Woogie-Juniors,Final,2,193,1,0,0,0,0,0,0,0,143
1562,E,A,Boogie-Woogie-Juniors,Final,3,250,1,0,0,0,0,0,0,0,143
1562,E,A,Boogie-Woogie-Juniors,Final,4,386,1,0,0,0,0,0,0,0,143
1562,H,A,Boogie-Woogie-Juniors,Final,1,150,4,0,0,0,0,0,0,0,143
1562,H,A,Boogie-Woogie-Juniors,Final,2,193,4,0,0,0,0,0,0,0,143
1562,H,A,Boogie-Woogie-Juniors,Final,3,250,4,0,0,0,0,0,0,0,143
1562,H,A,Boogie-Woogie-Juniors,Final,4,386,4,0,0,0,0,0,0,0,143
1565,B,A,Rock'n'Roll-Main Class Start,Final,1,36,2,-25,-15,-25,-25,-35,-35,0,143
1565,B,A,Rock'n'Roll-Main Class Start,Final,2,142,2,-25,-15,-35,-50,-35,-50,0,143
1565,B,A,Rock'n'Roll-Main Class Start,Final,3,176,2,-25,-50,-25,-15,-25,-25,0,143
1565,B,A,Rock'n'Roll-Main Class Start,Final,4,371,2,-25,-15,-35,-35,-35,-25,0,143
1565,B,A,Rock'n'Roll-Main Class Start,Final,5,28,2,-15,-25,-25,-15,-15,-25,0,143
1565,D,A,Rock'n'Roll-Main Class Start,Final,1,36,4,-5,-10,-15,-15,-25,-25,0,143
1565,D,A,Rock'n'Roll-Main Class Start,Final,2,142,4,-10,0,-10,-25,-15,-75,0,143
1565,D,A,Rock'n'Roll-Main Class Start,Final,3,176,4,-5,-15,-10,-15,-15,-10,0,143
1565,D,A,Rock'n'Roll-Main Class Start,Final,4,371,4,-10,-10,-35,-25,-15,-50,0,143
1565,D,A,Rock'n'Roll-Main Class Start,Final,5,28,4,-5,-25,-15,-15,-15,-25,0,143
1567,A,A,Rock'n'Roll-Main Class Contact Style,Final - Foot technique,1,283,1,0,0,0,0,0,0,0,143
1567,A,A,Rock'n'Roll-Main Class Contact Style,Final - Foot technique,2,300,1,0,0,0,0,0,0,0,143
1567,A,A,Rock'n'Roll-Main Class Contact Style,Final - Foot technique,3,179,1,0,0,0,0,0,0,0,143
1567,A,A,Rock'n'Roll-Main Class Contact Style,Final - Foot technique,4,181,1,0,0,0,0,0,0,0,143
1567,A,A,Rock'n'Roll-Main Class Contact Style,Final - Foot technique,5,362,1,0,0,0,0,0,0,0,143
1567,A,A,Rock'n'Roll-Main Class Contact Style,Final - Foot technique,6,363,1,0,0,0,0,0,0,0,143
1567,D,A,Rock'n'Roll-Main Class Contact Style,Final - Foot technique,1,283,4,0,0,0,0,0,0,0,143
1567,D,A,Rock'n'Roll-Main Class Contact Style,Final - Foot technique,2,300,4,0,0,0,0,0,0,0,143
1567,D,A,Rock'n'Roll-Main Class Contact Style,Final - Foot technique,3,179,4,0,0,0,0,0,0,0,143
1567,D,A,Rock'n'Roll-Main Class Contact Style,Final - Foot technique,4,181,4,0,0,0,0,0,0,0,143
1567,D,A,Rock'n'Roll-Main Class Contact Style,Final - Foot technique,5,362,4,0,0,0,0,0,0,0,143
1567,D,A,Rock'n'Roll-Main Class Contact Style,Final - Foot technique,6,363,4,0,0,0,0,0,0,0,143
1568,E,A,Boogie-Woogie-Main Class,Final - slow,1,369,1,0,0,0,0,0,0,0,143
1568,E,A,Boogie-Woogie-Main Class,Final - slow,2,257,1,0,0,0,0,0,0,0,143
1568,H,A,Boogie-Woogie-Main Class,Final - slow,1,369,4,0,0,0,0,0,0,0,143
1568,H,A,Boogie-Woogie-Main Class,Final - slow,2,257,4,0,0,0,0,0,0,0,143
1569,B,A,Rock'n'Roll-Main Class Free Style,Final - Foot technique,1,86,2,0,0,0,0,0,0,0,143
1569,B,A,Rock'n'Roll-Main Class Free Style,Final - Foot technique,2,90,2,0,0,0,0,0,0,0,143
1569,B,A,Rock'n'Roll-Main Class Free Style,Final - Foot technique,3,47,2,0,0,0,0,0,0,0,143
1569,B,A,Rock'n'Roll-Main Class Free Style,Final - Foot technique,4,63,2,0,0,0,0,0,0,0,143
1569,B,A,Rock'n'Roll-Main Class Free Style,Final - Foot technique,5,41,2,0,0,0,0,0,0,0,143
1569,C,A,Rock'n'Roll-Main Class Free Style,Final - Foot technique,1,86,3,0,0,0,0,0,0,0,143
1569,C,A,Rock'n'Roll-Main Class Free Style,Final - Foot technique,2,90,3,0,0,0,0,0,0,0,143
1569,C,A,Rock'n'Roll-Main Class Free Style,Final - Foot technique,3,47,3,0,0,0,0,0,0,0,143
1569,C,A,Rock'n'Roll-Main Class Free Style,Final - Foot technique,4,63,3,0,0,0,0,0,0,0,143
1569,C,A,Rock'n'Roll-Main Class Free Style,Final - Foot technique,5,41,3,0,0,0,0,0,0,0,143
1572,A,A,Rock'n'Roll-Main Class Contact Style,Final - Acrobatic,1,283,1,-25,-10,-35,-15,-15,-15,0,143
1572,A,A,Rock'n'Roll-Main Class Contact Style,Final - Acrobatic,2,362,1,-15,-5,-10,-10,-5,-50,0,143
1572,A,A,Rock'n'Roll-Main Class Contact Style,Final - Acrobatic,3,300,1,-25,-25,-35,-25,-25,-35,0,143
1572,A,A,Rock'n'Roll-Main Class Contact Style,Final - Acrobatic,4,179,1,-10,-15,-5,-25,-15,-35,0,143
1572,A,A,Rock'n'Roll-Main Class Contact Style,Final - Acrobatic,5,181,1,-25,-15,-10,-15,-10,-15,0,143
1572,A,A,Rock'n'Roll-Main Class Contact Style,Final - Acrobatic,6,363,1,-5,-5,-10,0,-10,-15,0,143
1572,D,A,Rock'n'Roll-Main Class Contact Style,Final - Acrobatic,1,283,4,-15,-15,-25,-15,-35,-35,0,143
1572,D,A,Rock'n'Roll-Main Class Contact Style,Final - Acrobatic,2,362,4,-10,-5,-5,-15,0,-50,0,143
1572,D,A,Rock'n'Roll-Main Class Contact Style,Final - Acrobatic,3,300,4,-15,-15,-35,-5,-15,-25,0,143
1572,D,A,Rock'n'Roll-Main Class Contact Style,Final - Acrobatic,4,179,4,-15,-25,0,-10,-15,-25,0,143
1572,D,A,Rock'n'Roll-Main Class Contact Style,Final - Acrobatic,5,181,4,-25,-15,-15,-15,-15,-25,0,143
1572,D,A,Rock'n'Roll-Main Class Contact Style,Final - Acrobatic,6,363,4,0,-10,-10,-10,0,-10,0,143
1573,E,A,Boogie-Woogie-Main Class,Final - fast,1,257,1,0,0,0,0,0,0,0,143
1573,E,A,Boogie-Woogie-Main Class,Final - fast,2,369,1,0,0,0,0,0,0,0,143
1573,H,A,Boogie-Woogie-Main Class,Final - fast,1,257,4,0,0,0,0,0,0,0,143
1573,H,A,Boogie-Woogie-Main Class,Final - fast,2,369,4,0,0,0,0,0,0,0,143
1574,B,A,Rock'n'Roll-Main Class Free Style,Final - Acrobatic,1,41,2,-15,-10,-10,-15,-15,-25,0,143
1574,B,A,Rock'n'Roll-Main Class Free Style,Final - Acrobatic,2,86,2,-10,-10,-35,-15,-15,-10,0,143
1574,B,A,Rock'n'Roll-Main Class Free Style,Final - Acrobatic,3,47,2,-15,-15,-15,-15,-15,-10,0,143
1574,B,A,Rock'n'Roll-Main Class Free Style,Final - Acrobatic,4,90,2,-10,-15,-15,-10,-15,-10,0,143
1574,B,A,Rock'n'Roll-Main Class Free Style,Final - Acrobatic,5,63,2,-15,-10,-50,-15,-35,-15,0,143
1574,C,A,Rock'n'Roll-Main Class Free Style,Final - Acrobatic,1,41,3,-15,-10,-15,-15,-15,-50,0,143
1574,C,A,Rock'n'Roll-Main Class Free Style,Final - Acrobatic,2,86,3,-10,-10,-25,-5,0,0,0,143
1574,C,A,Rock'n'Roll-Main Class Free Style,Final - Acrobatic,3,47,3,-15,-10,-10,-15,-15,-35,0,143
1574,C,A,Rock'n'Roll-Main Class Free Style,Final - Acrobatic,4,90,3,-10,-25,-35,-15,-10,-15,0,143
1574,C,A,Rock'n'Roll-Main Class Free Style,Final - Acrobatic,5,63,3,-10,-10,-75,0,-50,-10,0,143
1582,C,A,Rock'n'Roll-Main Class Contact Style,First round,1,362,2,-10,-10,-10,-10,-15,-1,0,144
1582,C,A,Rock'n'Roll-Main Class Contact Style,First round,1,181,2,-15,-15,-15,-15,-25,-1,0,144
1582,C,A,Rock'n'Roll-Main Class Contact Style,First round,2,225,2,-15,-15,-25,-35,-75,-1,0,144
1582,C,A,Rock'n'Roll-Main Class Contact Style,First round,2,317,2,-25,-15,-35,-25,-25,-1,0,144
1582,C,A,Rock'n'Roll-Main Class Contact Style,First round,3,224,2,-35,-25,-15,-15,-10,-1,0,144
1582,C,A,Rock'n'Roll-Main Class Contact Style,First round,3,71,2,-25,-15,-50,-15,-15,-1,0,144
1582,C,A,Rock'n'Roll-Main Class Contact Style,First round,4,172,2,-15,-10,-50,-25,-25,-1,0,144
1582,C,A,Rock'n'Roll-Main Class Contact Style,First round,4,300,2,-10,-15,-15,-25,-25,-1,0,144
1582,C,A,Rock'n'Roll-Main Class Contact Style,First round,5,363,2,-25,-10,-10,-10,-25,-1,0,144
1582,C,A,Rock'n'Roll-Main Class Contact Style,First round,5,179,2,-35,-10,-15,-15,-15,-1,0,144
1582,D,A,Rock'n'Roll-Main Class Contact Style,First round,1,362,3,-5,-10,-10,-15,-15,-1,0,144
1582,D,A,Rock'n'Roll-Main Class Contact Style,First round,1,181,3,-10,-10,-15,-15,-25,-1,0,144
1582,D,A,Rock'n'Roll-Main Class Contact Style,First round,2,225,3,-25,-25,-35,-35,-75,-1,0,144
1582,D,A,Rock'n'Roll-Main Class Contact Style,First round,2,317,3,-25,-10,-15,-25,-25,-1,0,144
1582,D,A,Rock'n'Roll-Main Class Contact Style,First round,3,224,3,-25,-25,-35,-25,-25,-1,0,144
1582,D,A,Rock'n'Roll-Main Class Contact Style,First round,3,71,3,-15,-15,-50,-35,-25,-1,0,144
1582,D,A,Rock'n'Roll-Main Class Contact Style,First round,4,172,3,-25,-15,-75,-15,-25,-1,0,144
1582,D,A,Rock'n'Roll-Main Class Contact Style,First round,4,300,3,-15,-15,-15,-25,-15,-1,0,144
1582,D,A,Rock'n'Roll-Main Class Contact Style,First round,5,363,3,0,0,0,-15,-10,-1,0,144
1582,D,A,Rock'n'Roll-Main Class Contact Style,First round,5,179,3,-10,0,-10,-10,-15,-1,0,144
1582,E,A,Rock'n'Roll-Main Class Contact Style,First round,1,362,4,-5,-5,-10,-10,-15,-1,0,144
1582,E,A,Rock'n'Roll-Main Class Contact Style,First round,1,181,4,-5,-15,-25,-10,-25,-1,0,144
1582,E,A,Rock'n'Roll-Main Class Contact Style,First round,2,225,4,-15,-15,-25,-25,-75,-1,0,144
1582,E,A,Rock'n'Roll-Main Class Contact Style,First round,2,317,4,-25,-25,-25,-25,-25,-1,0,144
1582,E,A,Rock'n'Roll-Main Class Contact Style,First round,3,224,4,-25,-15,-25,-15,-15,-1,0,144
1582,E,A,Rock'n'Roll-Main Class Contact Style,First round,3,71,4,-15,-15,-50,-15,-25,-1,0,144
1582,E,A,Rock'n'Roll-Main Class Contact Style,First round,4,172,4,-10,-15,-50,-15,-35,-1,0,144
1582,E,A,Rock'n'Roll-Main Class Contact Style,First round,4,300,4,-5,-15,-25,-25,-15,-1,0,144
1582,E,A,Rock'n'Roll-Main Class Contact Style,First round,5,363,4,-5,-10,-5,-10,-10,-1,0,144
1582,E,A,Rock'n'Roll-Main Class Contact Style,First round,5,179,4,-25,0,-15,-10,-15,-1,0,144
1583,C,A,Rock'n'Roll-Main Class Free Style,First round,1,86,2,-25,-10,-25,-10,-10,-1,0,144
1583,C,A,Rock'n'Roll-Main Class Free Style,First round,1,263,2,-10,-25,-10,-15,-10,-1,0,144
1583,C,A,Rock'n'Roll-Main Class Free Style,First round,2,90,2,-15,-10,-10,-10,-10,-1,0,144
1583,C,A,Rock'n'Roll-Main Class Free Style,First round,2,41,2,-15,-15,-25,-10,-25,-1,0,144
1583,C,A,Rock'n'Roll-Main Class Free Style,First round,3,184,2,-25,-10,-10,-15,-5,-1,0,144
1583,C,A,Rock'n'Roll-Main Class Free Style,First round,3,15,2,-10,-15,-25,-15,-25,-1,0,144
1583,C,A,Rock'n'Roll-Main Class Free Style,First round,4,47,2,-15,-5,-15,-10,-5,-1,0,144
1583,D,A,Rock'n'Roll-Main Class Free Style,First round,1,86,3,-5,-5,-10,-10,-10,-1,0,144
1583,D,A,Rock'n'Roll-Main Class Free Style,First round,1,263,3,0,-15,-15,-15,-15,-1,0,144
1583,D,A,Rock'n'Roll-Main Class Free Style,First round,2,90,3,-15,0,-15,-25,-5,-1,0,144
1583,D,A,Rock'n'Roll-Main Class Free Style,First round,2,41,3,-15,-15,-15,-25,-25,-1,0,144
1583,D,A,Rock'n'Roll-Main Class Free Style,First round,3,184,3,-15,-5,-5,-10,-25,-1,0,144
1583,D,A,Rock'n'Roll-Main Class Free Style,First round,3,15,3,-10,-25,-50,-35,-35,-1,0,144
1583,D,A,Rock'n'Roll-Main Class Free Style,First round,4,47,3,0,0,-25,-10,0,-1,0,144
1583,E,A,Rock'n'Roll-Main Class Free Style,First round,1,86,4,-10,0,-25,0,-10,-1,0,144
1583,E,A,Rock'n'Roll-Main Class Free Style,First round,1,263,4,-5,-15,-15,-10,-10,-1,0,144
1583,E,A,Rock'n'Roll-Main Class Free Style,First round,2,90,4,-5,0,-10,-10,-5,-1,0,144
1583,E,A,Rock'n'Roll-Main Class Free Style,First round,2,41,4,-10,-10,-25,-25,-25,-1,0,144
1583,E,A,Rock'n'Roll-Main Class Free Style,First round,3,184,4,-15,-15,-15,-15,-25,-1,0,144
1583,E,A,Rock'n'Roll-Main Class Free Style,First round,3,15,4,-5,-10,-25,-15,-25,-1,0,144
1583,E,A,Rock'n'Roll-Main Class Free Style,First round,4,47,4,-10,-10,-25,-15,-5,-1,0,144
1588,C,A,Rock'n'Roll-Main Class Contact Style,Final - Foot technique,1,181,2,0,0,0,0,0,0,0,144
1588,C,A,Rock'n'Roll-Main Class Contact Style,Final - Foot technique,2,225,2,0,0,0,0,0,0,0,144
1588,C,A,Rock'n'Roll-Main Class Contact Style,Final - Foot technique,3,179,2,0,0,0,0,0,0,0,144
1588,C,A,Rock'n'Roll-Main Class Contact Style,Final - Foot technique,4,363,2,0,0,0,0,0,0,0,144
1588,C,A,Rock'n'Roll-Main Class Contact Style,Final - Foot technique,5,362,2,0,0,0,0,0,0,0,144
1588,C,A,Rock'n'Roll-Main Class Contact Style,Final - Foot technique,6,224,2,0,0,0,0,0,0,0,144
1588,D,A,Rock'n'Roll-Main Class Contact Style,Final - Foot technique,1,181,3,0,0,0,0,0,0,0,144
1588,D,A,Rock'n'Roll-Main Class Contact Style,Final - Foot technique,2,225,3,0,0,0,0,0,0,0,144
1588,D,A,Rock'n'Roll-Main Class Contact Style,Final - Foot technique,3,179,3,0,0,0,0,0,0,0,144
1588,D,A,Rock'n'Roll-Main Class Contact Style,Final - Foot technique,4,363,3,0,0,0,0,0,0,0,144
1588,D,A,Rock'n'Roll-Main Class Contact Style,Final - Foot technique,5,362,3,0,0,0,0,0,0,0,144
1588,D,A,Rock'n'Roll-Main Class Contact Style,Final - Foot technique,6,224,3,0,0,0,0,0,0,0,144
1588,E,A,Rock'n'Roll-Main Class Contact Style,Final - Foot technique,1,181,4,0,0,0,0,0,0,0,144
1588,E,A,Rock'n'Roll-Main Class Contact Style,Final - Foot technique,2,225,4,0,0,0,0,0,0,0,144
1588,E,A,Rock'n'Roll-Main Class Contact Style,Final - Foot technique,3,179,4,0,0,0,0,0,0,0,144
1588,E,A,Rock'n'Roll-Main Class Contact Style,Final - Foot technique,4,363,4,0,0,0,0,0,0,0,144
1588,E,A,Rock'n'Roll-Main Class Contact Style,Final - Foot technique,5,362,4,0,0,0,0,0,0,0,144
1588,E,A,Rock'n'Roll-Main Class Contact Style,Final - Foot technique,6,224,4,0,0,0,0,0,0,0,144
1589,C,A,Rock'n'Roll-Main Class Free Style,Final - Foot technique,1,184,2,0,0,0,0,0,0,0,144
1589,C,A,Rock'n'Roll-Main Class Free Style,Final - Foot technique,2,47,2,0,0,0,0,0,0,0,144
1589,C,A,Rock'n'Roll-Main Class Free Style,Final - Foot technique,3,15,2,0,0,0,0,0,0,0,144
1589,C,A,Rock'n'Roll-Main Class Free Style,Final - Foot technique,4,86,2,0,0,0,0,0,0,0,144
1589,C,A,Rock'n'Roll-Main Class Free Style,Final - Foot technique,5,90,2,0,0,0,0,0,0,0,144
1589,C,A,Rock'n'Roll-Main Class Free Style,Final - Foot technique,6,263,2,0,0,0,0,0,0,0,144
1589,D,A,Rock'n'Roll-Main Class Free Style,Final - Foot technique,1,184,3,0,0,0,0,0,0,0,144
1589,D,A,Rock'n'Roll-Main Class Free Style,Final - Foot technique,2,47,3,0,0,0,0,0,0,0,144
1589,D,A,Rock'n'Roll-Main Class Free Style,Final - Foot technique,3,15,3,0,0,0,0,0,0,0,144
1589,D,A,Rock'n'Roll-Main Class Free Style,Final - Foot technique,4,86,3,0,0,0,0,0,0,0,144
1589,D,A,Rock'n'Roll-Main Class Free Style,Final - Foot technique,5,90,3,0,0,0,0,0,0,0,144
1589,D,A,Rock'n'Roll-Main Class Free Style,Final - Foot technique,6,263,3,0,0,0,0,0,0,0,144
1589,E,A,Rock'n'Roll-Main Class Free Style,Final - Foot technique,1,184,4,0,0,0,0,0,0,0,144
1589,E,A,Rock'n'Roll-Main Class Free Style,Final - Foot technique,2,47,4,0,0,0,0,0,0,0,144
1589,E,A,Rock'n'Roll-Main Class Free Style,Final - Foot technique,3,15,4,0,0,0,0,0,0,0,144
1589,E,A,Rock'n'Roll-Main Class Free Style,Final - Foot technique,4,86,4,0,0,0,0,0,0,0,144
1589,E,A,Rock'n'Roll-Main Class Free Style,Final - Foot technique,5,90,4,0,0,0,0,0,0,0,144
1589,E,A,Rock'n'Roll-Main Class Free Style,Final - Foot technique,6,263,4,0,0,0,0,0,0,0,144
1590,C,A,Rock'n'Roll-Main Class Start,Final,1,142,2,-25,-15,-25,-50,-25,-35,0,144
1590,C,A,Rock'n'Roll-Main Class Start,Final,2,176,2,-35,-35,-15,-25,-75,-25,0,144
1590,C,A,Rock'n'Roll-Main Class Start,Final,3,28,2,-15,-25,-25,-15,-15,-15,0,144
1590,C,A,Rock'n'Roll-Main Class Start,Final,4,36,2,-25,-15,-15,-15,-25,-35,0,144
1590,C,A,Rock'n'Roll-Main Class Start,Final,5,371,2,-15,-25,-50,-35,-50,-35,0,144
1590,D,A,Rock'n'Roll-Main Class Start,Final,1,142,3,-35,-15,-35,-50,-15,-75,0,144
1590,D,A,Rock'n'Roll-Main Class Start,Final,2,176,3,-50,-35,-15,-35,-100,-35,0,144
1590,D,A,Rock'n'Roll-Main Class Start,Final,3,28,3,-10,-15,-25,-35,-25,-25,0,144
1590,D,A,Rock'n'Roll-Main Class Start,Final,4,36,3,-15,-25,-35,-25,-50,-75,0,144
1590,D,A,Rock'n'Roll-Main Class Start,Final,5,371,3,-25,-35,-75,-25,-75,-75,0,144
1590,E,A,Rock'n'Roll-Main Class Start,Final,1,142,4,-15,-5,-25,-25,-50,-75,0,144
1590,E,A,Rock'n'Roll-Main Class Start,Final,2,176,4,-15,-25,-10,-50,-75,-25,0,144
1590,E,A,Rock'n'Roll-Main Class Start,Final,3,28,4,-10,-15,-35,-25,-15,-25,0,144
1590,E,A,Rock'n'Roll-Main Class Start,Final,4,36,4,-10,-15,-35,-25,-25,-50,0,144
1590,E,A,Rock'n'Roll-Main Class Start,Final,5,371,4,-25,-35,-50,-25,-50,-50,0,144
1592,C,A,Rock'n'Roll-Main Class Contact Style,Final - Acrobatic,1,181,2,-10,-15,-15,-25,-10,-10,0,144
1592,C,A,Rock'n'Roll-Main Class Contact Style,Final - Acrobatic,2,362,2,-10,-10,-10,-15,-10,-5,0,144
1592,C,A,Rock'n'Roll-Main Class Contact Style,Final - Acrobatic,3,179,2,-15,-10,-5,-10,-10,-35,0,144
1592,C,A,Rock'n'Roll-Main Class Contact Style,Final - Acrobatic,4,224,2,-10,-10,-10,-10,-25,-10,0,144
1592,C,A,Rock'n'Roll-Main Class Contact Style,Final - Acrobatic,5,363,2,-10,-5,-5,-5,-10,-10,0,144
1592,C,A,Rock'n'Roll-Main Class Contact Style,Final - Acrobatic,6,225,2,-25,-15,-10,-15,-15,-25,0,144
1592,D,A,Rock'n'Roll-Main Class Contact Style,Final - Acrobatic,1,181,3,-10,-35,-25,-50,-35,-25,0,144
1592,D,A,Rock'n'Roll-Main Class Contact Style,Final - Acrobatic,2,362,3,0,-10,-10,-15,0,-10,0,144
1592,D,A,Rock'n'Roll-Main Class Contact Style,Final - Acrobatic,3,179,3,-25,-10,0,-15,-10,-75,0,144
1592,D,A,Rock'n'Roll-Main Class Contact Style,Final - Acrobatic,4,224,3,-15,-15,-15,-15,-25,-15,0,144
1592,D,A,Rock'n'Roll-Main Class Contact Style,Final - Acrobatic,5,363,3,-5,0,0,-5,-10,0,0,144
1592,D,A,Rock'n'Roll-Main Class Contact Style,Final - Acrobatic,6,225,3,-15,-25,-25,-25,-15,-25,0,144
1592,E,A,Rock'n'Roll-Main Class Contact Style,Final - Acrobatic,1,181,4,-15,-10,-10,-25,-15,-25,0,144
1592,E,A,Rock'n'Roll-Main Class Contact Style,Final - Acrobatic,2,362,4,0,0,-5,-15,-5,-10,0,144
1592,E,A,Rock'n'Roll-Main Class Contact Style,Final - Acrobatic,3,179,4,0,-10,0,-10,-10,-50,0,144
1592,E,A,Rock'n'Roll-Main Class Contact Style,Final - Acrobatic,4,224,4,-10,-15,-25,-25,-10,-10,0,144
1592,E,A,Rock'n'Roll-Main Class Contact Style,Final - Acrobatic,5,363,4,0,-10,0,-10,-10,0,0,144
1592,E,A,Rock'n'Roll-Main Class Contact Style,Final - Acrobatic,6,225,4,-10,-15,-15,-35,-10,-15,0,144
1593,C,A,Rock'n'Roll-Main Class Free Style,Final - Acrobatic,1,47,2,-15,-10,-15,-15,-10,-5,0,144
1593,C,A,Rock'n'Roll-Main Class Free Style,Final - Acrobatic,2,90,2,-10,-15,-10,-10,-10,-5,0,144
1593,C,A,Rock'n'Roll-Main Class Free Style,Final - Acrobatic,3,86,2,-10,-10,-50,-5,-10,-10,0,144
1593,C,A,Rock'n'Roll-Main Class Free Style,Final - Acrobatic,4,15,2,-10,-25,-15,-15,-25,-15,0,144
1593,C,A,Rock'n'Roll-Main Class Free Style,Final - Acrobatic,5,263,2,-15,-10,-35,-10,-15,-10,0,144
1593,C,A,Rock'n'Roll-Main Class Free Style,Final - Acrobatic,6,184,2,-10,-15,-10,-15,-15,-10,0,144
1593,D,A,Rock'n'Roll-Main Class Free Style,Final - Acrobatic,1,47,3,-10,0,-25,-15,-10,-10,0,144
1593,D,A,Rock'n'Roll-Main Class Free Style,Final - Acrobatic,2,90,3,-15,-10,-5,-15,-15,-5,0,144
1593,D,A,Rock'n'Roll-Main Class Free Style,Final - Acrobatic,3,86,3,-5,0,-75,0,0,-10,0,144
1593,D,A,Rock'n'Roll-Main Class Free Style,Final - Acrobatic,4,15,3,-10,-50,-35,-25,-35,-50,0,144
1593,D,A,Rock'n'Roll-Main Class Free Style,Final - Acrobatic,5,263,3,0,-25,-35,-10,-25,-15,0,144
1593,D,A,Rock'n'Roll-Main Class Free Style,Final - Acrobatic,6,184,3,-5,-10,0,-10,0,-10,0,144
1593,E,A,Rock'n'Roll-Main Class Free Style,Final - Acrobatic,1,47,4,-10,-15,-15,-25,-15,-15,0,144
1593,E,A,Rock'n'Roll-Main Class Free Style,Final - Acrobatic,2,90,4,-10,-10,0,-10,0,0,0,144
1593,E,A,Rock'n'Roll-Main Class Free Style,Final - Acrobatic,3,86,4,0,-10,-75,0,0,-10,0,144
1593,E,A,Rock'n'Roll-Main Class Free Style,Final - Acrobatic,4,15,4,-10,-35,-25,-25,-25,-50,0,144
1593,E,A,Rock'n'Roll-Main Class Free Style,Final - Acrobatic,5,263,4,0,-25,-25,-15,-15,-15,0,144
1593,E,A,Rock'n'Roll-Main Class Free Style,Final - Acrobatic,6,184,4,-5,-10,0,-10,-15,-25,0,144
1594,C,A,Rock'n'Roll-Main Class Contact Style,Hope round,1,224,2,-25,-15,-15,-15,-15,-1,0,144
1594,C,A,Rock'n'Roll-Main Class Contact Style,Hope round,1,317,2,-15,-15,-25,-25,-15,-1,0,144
1594,C,A,Rock'n'Roll-Main Class Contact Style,Hope round,2,172,2,-25,-15,-15,-25,-15,-1,0,144
1594,C,A,Rock'n'Roll-Main Class Contact Style,Hope round,2,71,2,-15,-15,-10,-15,-25,-1,0,144
1594,C,A,Rock'n'Roll-Main Class Contact Style,Hope round,3,300,2,-15,-15,-10,-25,-15,-1,0,144
1594,C,A,Rock'n'Roll-Main Class Contact Style,Hope round,3,225,2,-15,-15,-15,-25,-15,-1,0,144
1594,D,A,Rock'n'Roll-Main Class Contact Style,Hope round,1,224,3,-25,-15,-10,-15,-15,-1,0,144
1594,D,A,Rock'n'Roll-Main Class Contact Style,Hope round,1,317,3,-15,-15,-15,-15,-15,-1,0,144
1594,D,A,Rock'n'Roll-Main Class Contact Style,Hope round,2,172,3,-15,-15,-35,-25,-50,-1,0,144
1594,D,A,Rock'n'Roll-Main Class Contact Style,Hope round,2,71,3,-10,-15,-15,-25,-25,-1,0,144
1594,D,A,Rock'n'Roll-Main Class Contact Style,Hope round,3,300,3,-25,-15,-15,-25,-15,-1,0,144
1594,D,A,Rock'n'Roll-Main Class Contact Style,Hope round,3,225,3,-15,-25,-25,-50,-50,-1,0,144
1594,E,A,Rock'n'Roll-Main Class Contact Style,Hope round,1,224,4,-15,-15,-25,-10,-10,-1,0,144
1594,E,A,Rock'n'Roll-Main Class Contact Style,Hope round,1,317,4,-10,0,-10,-25,-15,-1,0,144
1594,E,A,Rock'n'Roll-Main Class Contact Style,Hope round,2,172,4,-25,-25,-15,-35,-25,-1,0,144
1594,E,A,Rock'n'Roll-Main Class Contact Style,Hope round,2,71,4,-15,-10,-15,-15,-25,-1,0,144
1594,E,A,Rock'n'Roll-Main Class Contact Style,Hope round,3,300,4,0,-15,-10,-10,-15,-1,0,144
1594,E,A,Rock'n'Roll-Main Class Contact Style,Hope round,3,225,4,-10,-15,-10,-35,-15,-1,0,144
1599,H,A,Boogie-Woogie-Juniors,Final,1,150,2,0,0,0,0,0,0,0,145
1599,H,A,Boogie-Woogie-Juniors,Final,2,250,2,0,0,0,0,0,0,0,145
1599,H,A,Boogie-Woogie-Juniors,Final,3,386,2,0,0,0,0,0,0,0,145
1599,H,A,Boogie-Woogie-Juniors,Final,4,193,2,0,0,0,0,0,0,0,145
1599,I,A,Boogie-Woogie-Juniors,Final,1,150,3,0,0,0,0,0,0,0,145
1599,I,A,Boogie-Woogie-Juniors,Final,2,250,3,0,0,0,0,0,0,0,145
1599,I,A,Boogie-Woogie-Juniors,Final,3,386,3,0,0,0,0,0,0,0,145
1599,I,A,Boogie-Woogie-Juniors,Final,4,193,3,0,0,0,0,0,0,0,145
1599,K,A,Boogie-Woogie-Juniors,Final,1,150,5,0,0,0,0,0,0,0,145
1599,K,A,Boogie-Woogie-Juniors,Final,2,250,5,0,0,0,0,0,0,0,145
1599,K,A,Boogie-Woogie-Juniors,Final,3,386,5,0,0,0,0,0,0,0,145
1599,K,A,Boogie-Woogie-Juniors,Final,4,193,5,0,0,0,0,0,0,0,145
1602,D,A,Rock'n'Roll-Main Class Contact Style,First round,1,224,4,-10,-5,-10,-10,-10,-1,0,145
1602,D,A,Rock'n'Roll-Main Class Contact Style,First round,1,317,4,-15,-10,-15,-10,-15,-1,0,145
1602,D,A,Rock'n'Roll-Main Class Contact Style,First round,2,71,4,-10,-15,-15,-15,-5,-1,0,145
1602,D,A,Rock'n'Roll-Main Class Contact Style,First round,2,283,4,-5,-10,-10,-15,-5,-1,0,145
1602,D,A,Rock'n'Roll-Main Class Contact Style,First round,3,300,4,0,-10,-10,-15,-10,-1,0,145
1602,D,A,Rock'n'Roll-Main Class Contact Style,First round,3,172,4,-25,-10,-35,-10,-15,-1,0,145
1602,D,A,Rock'n'Roll-Main Class Contact Style,First round,4,362,4,0,-5,-5,0,-10,-1,0,145
1602,D,A,Rock'n'Roll-Main Class Contact Style,First round,4,181,4,-10,-35,-10,-25,-25,-1,0,145
1602,D,A,Rock'n'Roll-Main Class Contact Style,First round,5,363,4,0,-10,-5,-5,-5,-1,0,145
1602,F,A,Rock'n'Roll-Main Class Contact Style,First round,1,317,6,-50,-25,-50,-35,-50,-1,0,145
1602,F,A,Rock'n'Roll-Main Class Contact Style,First round,1,224,6,-10,-10,-35,-25,-15,-1,0,145
1602,F,A,Rock'n'Roll-Main Class Contact Style,First round,2,71,6,-35,-5,-10,-35,-25,-1,0,145
1602,F,A,Rock'n'Roll-Main Class Contact Style,First round,2,283,6,-5,-15,-25,-35,-15,-1,0,145
1602,F,A,Rock'n'Roll-Main Class Contact Style,First round,3,300,6,-15,-35,-10,-15,-15,-1,0,145
1602,F,A,Rock'n'Roll-Main Class Contact Style,First round,3,172,6,-35,-15,-15,-25,-10,-1,0,145
1602,F,A,Rock'n'Roll-Main Class Contact Style,First round,4,362,6,-5,-10,-15,-5,0,-1,0,145
1602,F,A,Rock'n'Roll-Main Class Contact Style,First round,4,181,6,0,-35,-15,-35,-35,-1,0,145
1602,F,A,Rock'n'Roll-Main Class Contact Style,First round,5,363,6,0,-10,-10,0,-10,-1,0,145
1602,G,A,Rock'n'Roll-Main Class Contact Style,First round,1,317,7,-25,-10,-50,-25,-35,-1,0,145
1602,G,A,Rock'n'Roll-Main Class Contact Style,First round,1,224,7,-10,0,-25,-15,0,-1,0,145
1602,G,A,Rock'n'Roll-Main Class Contact Style,First round,2,71,7,-10,-10,-5,-15,-25,-1,0,145
1602,G,A,Rock'n'Roll-Main Class Contact Style,First round,2,283,7,-5,-10,-10,-15,-10,-1,0,145
1602,G,A,Rock'n'Roll-Main Class Contact Style,First round,3,300,7,-5,-15,0,-35,-25,-1,0,145
1602,G,A,Rock'n'Roll-Main Class Contact Style,First round,3,172,7,-25,-10,-10,-15,-10,-1,0,145
1602,G,A,Rock'n'Roll-Main Class Contact Style,First round,4,362,7,0,-5,-10,-10,0,-1,0,145
1602,G,A,Rock'n'Roll-Main Class Contact Style,First round,4,181,7,-10,-35,-35,-35,-50,-1,0,145
1602,G,A,Rock'n'Roll-Main Class Contact Style,First round,5,363,7,0,-5,0,-5,-10,-1,0,145
1605,D,A,Boogie-Woogie-Seniors,Final - slow,1,173,1,0,0,0,0,0,0,0,145
1605,D,A,Boogie-Woogie-Seniors,Final - slow,2,42,1,0,0,0,0,0,0,0,145
1605,I,A,Boogie-Woogie-Seniors,Final - slow,1,173,3,0,0,0,0,0,0,0,145
1605,I,A,Boogie-Woogie-Seniors,Final - slow,2,42,3,0,0,0,0,0,0,0,145
1605,J,A,Boogie-Woogie-Seniors,Final - slow,1,173,4,0,0,0,0,0,0,0,145
1605,J,A,Boogie-Woogie-Seniors,Final - slow,2,42,4,0,0,0,0,0,0,0,145
1606,D,A,Rock'n'Roll-Main Class Contact Style,Hope round,1,300,4,-25,-25,-10,-10,-25,-1,0,145
1606,D,A,Rock'n'Roll-Main Class Contact Style,Hope round,1,181,4,-5,-15,-10,-15,-25,-1,0,145
1606,D,A,Rock'n'Roll-Main Class Contact Style,Hope round,2,317,4,-15,-10,-25,-25,-15,-1,0,145
1606,D,A,Rock'n'Roll-Main Class Contact Style,Hope round,2,172,4,-15,-10,-25,-25,-25,-1,0,145
1606,D,A,Rock'n'Roll-Main Class Contact Style,Hope round,3,71,4,-10,-10,-5,-25,-10,-1,0,145
1606,F,A,Rock'n'Roll-Main Class Contact Style,Hope round,1,181,6,-5,-15,-15,-15,-25,-1,0,145
1606,F,A,Rock'n'Roll-Main Class Contact Style,Hope round,1,300,6,-15,-50,-10,-25,-25,-1,0,145
1606,F,A,Rock'n'Roll-Main Class Contact Style,Hope round,2,172,6,-25,-25,-15,-15,-10,-1,0,145
1606,F,A,Rock'n'Roll-Main Class Contact Style,Hope round,2,317,6,-25,-15,-25,-25,-15,-1,0,145
1606,F,A,Rock'n'Roll-Main Class Contact Style,Hope round,3,71,6,-15,-15,-25,-25,-15,-1,0,145
1606,G,A,Rock'n'Roll-Main Class Contact Style,Hope round,1,181,7,-25,-35,-25,-10,-35,-1,0,145
1606,G,A,Rock'n'Roll-Main Class Contact Style,Hope round,1,300,7,-15,-35,-15,-25,-25,-1,0,145
1606,G,A,Rock'n'Roll-Main Class Contact Style,Hope round,2,317,7,-35,-35,-50,-25,-25,-1,0,145
1606,G,A,Rock'n'Roll-Main Class Contact Style,Hope round,2,172,7,-15,-25,-15,-25,-15,-1,0,145
1606,G,A,Rock'n'Roll-Main Class Contact Style,Hope round,3,71,7,-15,-10,-10,-25,-10,-1,0,145
1607,A,A,Rock'n'Roll-Main Class Free Style,First round,1,47,1,-15,0,-10,-15,-5,-1,0,145
1607,A,A,Rock'n'Roll-Main Class Free Style,First round,1,184,1,-100,-25,-10,-10,-15,-1,0,145
1607,A,A,Rock'n'Roll-Main Class Free Style,First round,2,15,1,-15,-25,-35,-35,-75,-1,0,145
1607,A,A,Rock'n'Roll-Main Class Free Style,First round,2,86,1,-75,-100,-100,-100,-100,-1,0,145
1607,A,A,Rock'n'Roll-Main Class Free Style,First round,3,263,1,-15,-15,-25,-25,-10,-1,0,145
1607,A,A,Rock'n'Roll-Main Class Free Style,First round,3,90,1,-10,-5,-10,-10,0,-1,0,145
1607,A,A,Rock'n'Roll-Main Class Free Style,First round,4,63,1,-10,-10,-15,-25,-10,-1,0,145
1607,A,A,Rock'n'Roll-Main Class Free Style,First round,4,41,1,-25,-25,-50,-15,-15,-1,0,145
1607,B,A,Rock'n'Roll-Main Class Free Style,First round,1,47,2,-15,-10,-10,-10,-25,-1,0,145
1607,B,A,Rock'n'Roll-Main Class Free Style,First round,1,184,2,-75,-10,-10,-15,-15,-1,0,145
1607,B,A,Rock'n'Roll-Main Class Free Style,First round,2,15,2,-10,-10,-15,-25,-50,-1,0,145
1607,B,A,Rock'n'Roll-Main Class Free Style,First round,2,86,2,-75,-100,-100,-100,-100,-1,0,145
1607,B,A,Rock'n'Roll-Main Class Free Style,First round,3,90,2,-10,-5,-10,-10,0,-1,0,145
1607,B,A,Rock'n'Roll-Main Class Free Style,First round,3,263,2,-5,-15,-25,-25,-10,-1,0,145
1607,B,A,Rock'n'Roll-Main Class Free Style,First round,4,41,2,0,-10,-25,-25,-15,-1,0,145
1607,B,A,Rock'n'Roll-Main Class Free Style,First round,4,63,2,-10,-15,-10,-25,-10,-1,0,145
1607,C,A,Rock'n'Roll-Main Class Free Style,First round,1,184,3,-75,-15,-15,-10,-15,-1,0,145
1607,C,A,Rock'n'Roll-Main Class Free Style,First round,1,47,3,-10,-5,-15,-15,-10,-1,0,145
1607,C,A,Rock'n'Roll-Main Class Free Style,First round,2,86,3,-50,-100,-100,-100,-100,-1,0,145
1607,C,A,Rock'n'Roll-Main Class Free Style,First round,2,15,3,-25,-15,-25,-35,-35,-1,0,145
1607,C,A,Rock'n'Roll-Main Class Free Style,First round,3,263,3,-25,-15,-25,-35,-15,-1,0,145
1607,C,A,Rock'n'Roll-Main Class Free Style,First round,3,90,3,-5,-10,-15,-10,-5,-1,0,145
1607,C,A,Rock'n'Roll-Main Class Free Style,First round,4,63,3,-10,-25,-25,-25,-15,-1,0,145
1607,C,A,Rock'n'Roll-Main Class Free Style,First round,4,41,3,-10,-15,-35,-25,-10,-1,0,145
1610,D,A,Boogie-Woogie-Seniors,Final - fast,1,173,1,0,0,0,0,0,0,0,145
1610,D,A,Boogie-Woogie-Seniors,Final - fast,2,42,1,0,0,0,0,0,0,0,145
1610,I,A,Boogie-Woogie-Seniors,Final - fast,1,173,3,0,0,0,0,0,0,0,145
1610,I,A,Boogie-Woogie-Seniors,Final - fast,2,42,3,0,0,0,0,0,0,0,145
1610,J,A,Boogie-Woogie-Seniors,Final - fast,1,173,4,0,0,0,0,0,0,0,145
1610,J,A,Boogie-Woogie-Seniors,Final - fast,2,42,4,0,0,0,0,0,0,0,145
1615,H,A,Boogie-Woogie-Main Class,Final - slow,1,369,2,0,0,0,0,0,0,0,145
1615,H,A,Boogie-Woogie-Main Class,Final - slow,2,257,2,0,0,0,0,0,0,0,145
1615,I,A,Boogie-Woogie-Main Class,Final - slow,1,369,3,0,0,0,0,0,0,0,145
1615,I,A,Boogie-Woogie-Main Class,Final - slow,2,257,3,0,0,0,0,0,0,0,145
1615,K,A,Boogie-Woogie-Main Class,Final - slow,1,369,5,0,0,0,0,0,0,0,145
1615,K,A,Boogie-Woogie-Main Class,Final - slow,2,257,5,0,0,0,0,0,0,0,145
1616,B,A,Rock'n'Roll-Main Class Start,Final,1,28,2,0,-10,-10,-15,0,-10,0,145
1616,B,A,Rock'n'Roll-Main Class Start,Final,2,142,2,0,0,-10,-100,0,-35,0,145
1616,B,A,Rock'n'Roll-Main Class Start,Final,3,176,2,-5,-10,0,-15,-25,-5,0,145
1616,B,A,Rock'n'Roll-Main Class Start,Final,4,36,2,-5,-15,-15,-15,-15,0,0,145
1616,B,A,Rock'n'Roll-Main Class Start,Final,5,371,2,-10,-15,-15,-15,-35,-35,0,145
1616,C,A,Rock'n'Roll-Main Class Start,Final,1,28,3,-25,-15,-15,-25,-5,-10,0,145
1616,C,A,Rock'n'Roll-Main Class Start,Final,2,142,3,-10,-5,-35,-100,-15,-35,0,145
1616,C,A,Rock'n'Roll-Main Class Start,Final,3,176,3,-10,-35,-10,-25,-35,0,0,145
1616,C,A,Rock'n'Roll-Main Class Start,Final,4,36,3,-10,-15,-25,-10,-35,-15,0,145
1616,C,A,Rock'n'Roll-Main Class Start,Final,5,371,3,-25,-25,-25,-25,-50,-35,0,145
1616,E,A,Rock'n'Roll-Main Class Start,Final,1,28,5,-25,-35,-50,-50,-25,-25,0,145
1616,E,A,Rock'n'Roll-Main Class Start,Final,2,142,5,-15,-15,-25,-100,-25,-50,0,145
1616,E,A,Rock'n'Roll-Main Class Start,Final,3,176,5,-15,-35,-25,-35,-35,-25,0,145
1616,E,A,Rock'n'Roll-Main Class Start,Final,4,36,5,-10,-25,-15,-25,-35,-15,0,145
1616,E,A,Rock'n'Roll-Main Class Start,Final,5,371,5,-25,-35,-35,-25,-50,-50,0,145
1617,D,A,Rock'n'Roll-Main Class Contact Style,Final - Foot technique,1,362,4,0,0,0,0,0,0,0,145
1617,D,A,Rock'n'Roll-Main Class Contact Style,Final - Foot technique,2,71,4,0,0,0,0,0,0,0,145
1617,D,A,Rock'n'Roll-Main Class Contact Style,Final - Foot technique,3,224,4,0,0,0,0,0,0,0,145
1617,D,A,Rock'n'Roll-Main Class Contact Style,Final - Foot technique,4,363,4,0,0,0,0,0,0,0,145
1617,D,A,Rock'n'Roll-Main Class Contact Style,Final - Foot technique,5,283,4,0,0,0,0,0,0,0,145
1617,D,A,Rock'n'Roll-Main Class Contact Style,Final - Foot technique,6,181,4,0,0,0,0,0,0,0,145
1617,F,A,Rock'n'Roll-Main Class Contact Style,Final - Foot technique,1,362,6,0,0,0,0,0,0,0,145
1617,F,A,Rock'n'Roll-Main Class Contact Style,Final - Foot technique,2,71,6,0,0,0,0,0,0,0,145
1617,F,A,Rock'n'Roll-Main Class Contact Style,Final - Foot technique,3,224,6,0,0,0,0,0,0,0,145
1617,F,A,Rock'n'Roll-Main Class Contact Style,Final - Foot technique,4,363,6,0,0,0,0,0,0,0,145
1617,F,A,Rock'n'Roll-Main Class Contact Style,Final - Foot technique,5,283,6,0,0,0,0,0,0,0,145
1617,F,A,Rock'n'Roll-Main Class Contact Style,Final - Foot technique,6,181,6,0,0,0,0,0,0,0,145
1617,G,A,Rock'n'Roll-Main Class Contact Style,Final - Foot technique,1,362,7,0,0,0,0,0,0,0,145
1617,G,A,Rock'n'Roll-Main Class Contact Style,Final - Foot technique,2,71,7,0,0,0,0,0,0,0,145
1617,G,A,Rock'n'Roll-Main Class Contact Style,Final - Foot technique,3,224,7,0,0,0,0,0,0,0,145
1617,G,A,Rock'n'Roll-Main Class Contact Style,Final - Foot technique,4,363,7,0,0,0,0,0,0,0,145
1617,G,A,Rock'n'Roll-Main Class Contact Style,Final - Foot technique,5,283,7,0,0,0,0,0,0,0,145
1617,G,A,Rock'n'Roll-Main Class Contact Style,Final - Foot technique,6,181,7,0,0,0,0,0,0,0,145
1618,A,A,Rock'n'Roll-Main Class Free Style,Final - Foot technique,1,263,1,0,0,0,0,0,0,0,145
1618,A,A,Rock'n'Roll-Main Class Free Style,Final - Foot technique,2,63,1,0,0,0,0,0,0,0,145
1618,A,A,Rock'n'Roll-Main Class Free Style,Final - Foot technique,3,47,1,0,0,0,0,0,0,0,145
1618,A,A,Rock'n'Roll-Main Class Free Style,Final - Foot technique,4,41,1,0,0,0,0,0,0,0,145
1618,A,A,Rock'n'Roll-Main Class Free Style,Final - Foot technique,5,15,1,0,0,0,0,0,0,0,145
1618,A,A,Rock'n'Roll-Main Class Free Style,Final - Foot technique,6,90,1,0,0,0,0,0,0,0,145
1618,B,A,Rock'n'Roll-Main Class Free Style,Final - Foot technique,1,263,2,0,0,0,0,0,0,0,145
1618,B,A,Rock'n'Roll-Main Class Free Style,Final - Foot technique,2,63,2,0,0,0,0,0,0,0,145
1618,B,A,Rock'n'Roll-Main Class Free Style,Final - Foot technique,3,47,2,0,0,0,0,0,0,0,145
1618,B,A,Rock'n'Roll-Main Class Free Style,Final - Foot technique,4,41,2,0,0,0,0,0,0,0,145
1618,B,A,Rock'n'Roll-Main Class Free Style,Final - Foot technique,5,15,2,0,0,0,0,0,0,0,145
1618,B,A,Rock'n'Roll-Main Class Free Style,Final - Foot technique,6,90,2,0,0,0,0,0,0,0,145
1618,C,A,Rock'n'Roll-Main Class Free Style,Final - Foot technique,1,263,3,0,0,0,0,0,0,0,145
1618,C,A,Rock'n'Roll-Main Class Free Style,Final - Foot technique,2,63,3,0,0,0,0,0,0,0,145
1618,C,A,Rock'n'Roll-Main Class Free Style,Final - Foot technique,3,47,3,0,0,0,0,0,0,0,145
1618,C,A,Rock'n'Roll-Main Class Free Style,Final - Foot technique,4,41,3,0,0,0,0,0,0,-10,145
1618,C,A,Rock'n'Roll-Main Class Free Style,Final - Foot technique,5,15,3,0,0,0,0,0,0,0,145
1618,C,A,Rock'n'Roll-Main Class Free Style,Final - Foot technique,6,90,3,0,0,0,0,0,0,0,145
1619,H,A,Boogie-Woogie-Main Class,Final - fast,1,257,2,0,0,0,0,0,0,0,145
1619,H,A,Boogie-Woogie-Main Class,Final - fast,2,369,2,0,0,0,0,0,0,0,145
1619,I,A,Boogie-Woogie-Main Class,Final - fast,1,257,3,0,0,0,0,0,0,0,145
1619,I,A,Boogie-Woogie-Main Class,Final - fast,2,369,3,0,0,0,0,0,0,0,145
1619,K,A,Boogie-Woogie-Main Class,Final - fast,1,257,5,0,0,0,0,0,0,0,145
1619,K,A,Boogie-Woogie-Main Class,Final - fast,2,369,5,0,0,0,0,0,0,0,145
1622,D,A,Rock'n'Roll-Main Class Contact Style,Final - Acrobatic,1,362,4,-5,-5,-5,-15,0,-5,0,145
1622,D,A,Rock'n'Roll-Main Class Contact Style,Final - Acrobatic,2,224,4,-10,-10,-5,-5,-10,-10,0,145
1622,D,A,Rock'n'Roll-Main Class Contact Style,Final - Acrobatic,3,283,4,-15,-10,-15,-10,-10,-15,0,145
1622,D,A,Rock'n'Roll-Main Class Contact Style,Final - Acrobatic,4,181,4,-15,-5,-10,-15,-10,-10,0,145
1622,D,A,Rock'n'Roll-Main Class Contact Style,Final - Acrobatic,5,363,4,0,-5,-5,0,-10,-10,0,145
1622,D,A,Rock'n'Roll-Main Class Contact Style,Final - Acrobatic,6,71,4,-10,-10,-25,-15,-5,-15,0,145
1622,F,A,Rock'n'Roll-Main Class Contact Style,Final - Acrobatic,1,362,6,0,-5,-5,-10,0,-10,0,145
1622,F,A,Rock'n'Roll-Main Class Contact Style,Final - Acrobatic,2,224,6,-25,-15,-10,-15,-25,-10,0,145
1622,F,A,Rock'n'Roll-Main Class Contact Style,Final - Acrobatic,3,283,6,-25,-5,-15,-25,-15,-25,0,145
1622,F,A,Rock'n'Roll-Main Class Contact Style,Final - Acrobatic,4,181,6,-15,-15,-15,-15,-25,-25,0,145
1622,F,A,Rock'n'Roll-Main Class Contact Style,Final - Acrobatic,5,363,6,0,0,-10,0,-5,-10,0,145
1622,F,A,Rock'n'Roll-Main Class Contact Style,Final - Acrobatic,6,71,6,-25,-25,-35,-25,-15,-25,0,145
1622,G,A,Rock'n'Roll-Main Class Contact Style,Final - Acrobatic,1,362,7,0,-5,-5,-15,-15,-5,0,145
1622,G,A,Rock'n'Roll-Main Class Contact Style,Final - Acrobatic,2,224,7,-15,-10,-10,-5,-15,-10,0,145
1622,G,A,Rock'n'Roll-Main Class Contact Style,Final - Acrobatic,3,283,7,-25,-5,-25,-15,-15,-35,0,145
1622,G,A,Rock'n'Roll-Main Class Contact Style,Final - Acrobatic,4,181,7,-10,-5,-10,-25,-5,-15,0,145
1622,G,A,Rock'n'Roll-Main Class Contact Style,Final - Acrobatic,5,363,7,0,0,-5,0,-25,-5,0,145
1622,G,A,Rock'n'Roll-Main Class Contact Style,Final - Acrobatic,6,71,7,-15,-10,-25,-15,-25,-25,0,145
1623,A,A,Rock'n'Roll-Main Class Free Style,Final - Acrobatic,1,90,1,-10,-10,0,-15,-15,0,0,145
1623,A,A,Rock'n'Roll-Main Class Free Style,Final - Acrobatic,2,263,1,-10,-25,-15,-15,-25,-10,0,145
1623,A,A,Rock'n'Roll-Main Class Free Style,Final - Acrobatic,3,63,1,-15,-25,-25,-15,-35,0,0,145
1623,A,A,Rock'n'Roll-Main Class Free Style,Final - Acrobatic,4,47,1,-10,-10,-10,-10,-5,0,0,145
1623,A,A,Rock'n'Roll-Main Class Free Style,Final - Acrobatic,5,15,1,-10,-15,-15,-15,-35,-100,0,145
1623,A,A,Rock'n'Roll-Main Class Free Style,Final - Acrobatic,6,41,1,-10,-10,-10,-10,-15,-35,0,145
1623,B,A,Rock'n'Roll-Main Class Free Style,Final - Acrobatic,1,90,2,-5,-10,0,-15,-10,0,0,145
1623,B,A,Rock'n'Roll-Main Class Free Style,Final - Acrobatic,2,263,2,0,-10,-10,-15,-25,-25,0,145
1623,B,A,Rock'n'Roll-Main Class Free Style,Final - Acrobatic,3,63,2,-15,-15,-15,0,-35,-15,0,145
1623,B,A,Rock'n'Roll-Main Class Free Style,Final - Acrobatic,4,47,2,0,-15,-15,-10,-10,0,0,145
1623,B,A,Rock'n'Roll-Main Class Free Style,Final - Acrobatic,5,15,2,-10,-15,-25,-15,-35,-100,0,145
1623,B,A,Rock'n'Roll-Main Class Free Style,Final - Acrobatic,6,41,2,-15,-10,0,-25,-25,-25,0,145
1623,C,A,Rock'n'Roll-Main Class Free Style,Final - Acrobatic,1,90,3,-15,-15,-10,-15,-15,-10,0,145
1623,C,A,Rock'n'Roll-Main Class Free Style,Final - Acrobatic,2,263,3,-15,-35,-25,-25,-35,-15,0,145
1623,C,A,Rock'n'Roll-Main Class Free Style,Final - Acrobatic,3,63,3,-25,-25,-25,-15,-50,-15,0,145
1623,C,A,Rock'n'Roll-Main Class Free Style,Final - Acrobatic,4,47,3,-15,-15,-15,-25,-15,-5,0,145
1623,C,A,Rock'n'Roll-Main Class Free Style,Final - Acrobatic,5,15,3,-15,-35,-25,-35,-50,-100,0,145
1623,C,A,Rock'n'Roll-Main Class Free Style,Final - Acrobatic,6,41,3,-25,-5,-10,-15,-35,-35,0,145
1636,C,A,Rock'n'Roll-Main Class Contact Style,First round,1,300,2,-25,-35,-35,-15,-25,-1,0,148
1636,C,A,Rock'n'Roll-Main Class Contact Style,First round,1,362,2,-5,-5,-15,-10,-25,-1,0,148
1636,C,A,Rock'n'Roll-Main Class Contact Style,First round,2,148,2,-25,-35,-35,-35,-35,-1,0,148
1636,C,A,Rock'n'Roll-Main Class Contact Style,First round,2,172,2,-25,-15,-35,-25,-25,-1,0,148
1636,C,A,Rock'n'Roll-Main Class Contact Style,First round,3,224,2,-10,-15,-25,-35,-10,-1,0,148
1636,C,A,Rock'n'Roll-Main Class Contact Style,First round,3,181,2,-25,-25,-35,-25,-25,-1,0,148
1636,C,A,Rock'n'Roll-Main Class Contact Style,First round,4,363,2,-5,-10,-5,-10,-25,-1,0,148
1636,D,A,Rock'n'Roll-Main Class Contact Style,First round,1,300,3,-15,-25,-50,-15,-15,-1,0,148
1636,D,A,Rock'n'Roll-Main Class Contact Style,First round,1,362,3,-15,-10,-15,-15,-15,-1,0,148
1636,D,A,Rock'n'Roll-Main Class Contact Style,First round,2,148,3,-10,-25,-25,-25,-25,-1,0,148
1636,D,A,Rock'n'Roll-Main Class Contact Style,First round,2,172,3,-15,-25,-25,-35,-25,-1,0,148
1636,D,A,Rock'n'Roll-Main Class Contact Style,First round,3,224,3,-25,-15,-15,-25,-15,-1,0,148
1636,D,A,Rock'n'Roll-Main Class Contact Style,First round,3,181,3,-35,-15,-50,-15,-35,-1,0,148
1636,D,A,Rock'n'Roll-Main Class Contact Style,First round,4,363,3,-10,-5,-10,-10,-15,-1,0,148
1636,F,A,Rock'n'Roll-Main Class Contact Style,First round,1,300,5,-15,-25,-50,-15,-15,-1,0,148
1636,F,A,Rock'n'Roll-Main Class Contact Style,First round,1,362,5,-10,-10,-15,-10,-50,-1,0,148
1636,F,A,Rock'n'Roll-Main Class Contact Style,First round,2,148,5,-25,-15,-35,-25,-25,-1,0,148
1636,F,A,Rock'n'Roll-Main Class Contact Style,First round,2,172,5,-15,-15,-50,-25,-15,-1,0,148
1636,F,A,Rock'n'Roll-Main Class Contact Style,First round,3,224,5,-25,-15,-25,-15,-10,-1,0,148
1636,F,A,Rock'n'Roll-Main Class Contact Style,First round,3,181,5,-50,-15,-35,-15,-25,-1,0,148
1636,F,A,Rock'n'Roll-Main Class Contact Style,First round,4,363,5,-10,-10,-10,0,0,-1,0,148
1637,H,A,Boogie-Woogie-Seniors,Final - slow,1,42,1,0,0,0,0,0,0,0,148
1637,J,A,Boogie-Woogie-Seniors,Final - slow,1,42,3,0,0,0,0,0,0,0,148
1638,I,A,Boogie-Woogie-Main Class,Final - slow,1,369,2,0,0,0,0,0,0,0,148
1638,K,A,Boogie-Woogie-Main Class,Final - slow,1,369,4,0,0,0,0,0,0,0,148
1640,C,A,Rock'n'Roll-Main Class Contact Style,Final - Foot technique,1,224,2,0,0,0,0,0,0,0,148
1640,C,A,Rock'n'Roll-Main Class Contact Style,Final - Foot technique,2,148,2,0,0,0,0,0,0,0,148
1640,C,A,Rock'n'Roll-Main Class Contact Style,Final - Foot technique,3,362,2,0,0,0,0,0,0,0,148
1640,C,A,Rock'n'Roll-Main Class Contact Style,Final - Foot technique,4,181,2,0,0,0,0,0,0,0,148
1640,C,A,Rock'n'Roll-Main Class Contact Style,Final - Foot technique,5,363,2,0,0,0,0,0,0,0,148
1640,C,A,Rock'n'Roll-Main Class Contact Style,Final - Foot technique,6,300,2,0,0,0,0,0,0,0,148
1640,D,A,Rock'n'Roll-Main Class Contact Style,Final - Foot technique,1,224,3,0,0,0,0,0,0,0,148
1640,D,A,Rock'n'Roll-Main Class Contact Style,Final - Foot technique,2,148,3,0,0,0,0,0,0,0,148
1640,D,A,Rock'n'Roll-Main Class Contact Style,Final - Foot technique,3,362,3,0,0,0,0,0,0,0,148
1640,D,A,Rock'n'Roll-Main Class Contact Style,Final - Foot technique,4,181,3,0,0,0,0,0,0,0,148
1640,D,A,Rock'n'Roll-Main Class Contact Style,Final - Foot technique,5,363,3,0,0,0,0,0,0,0,148
1640,D,A,Rock'n'Roll-Main Class Contact Style,Final - Foot technique,6,300,3,0,0,0,0,0,0,0,148
1640,F,A,Rock'n'Roll-Main Class Contact Style,Final - Foot technique,1,224,5,0,0,0,0,0,0,0,148
1640,F,A,Rock'n'Roll-Main Class Contact Style,Final - Foot technique,2,148,5,0,0,0,0,0,0,0,148
1640,F,A,Rock'n'Roll-Main Class Contact Style,Final - Foot technique,3,362,5,0,0,0,0,0,0,0,148
1640,F,A,Rock'n'Roll-Main Class Contact Style,Final - Foot technique,4,181,5,0,0,0,0,0,0,0,148
1640,F,A,Rock'n'Roll-Main Class Contact Style,Final - Foot technique,5,363,5,0,0,0,0,0,0,0,148
1640,F,A,Rock'n'Roll-Main Class Contact Style,Final - Foot technique,6,300,5,0,0,0,0,0,0,0,148
1641,A,A,Rock'n'Roll-Main Class Free Style,Final - Foot technique,1,184,1,0,0,0,0,0,0,0,148
1641,A,A,Rock'n'Roll-Main Class Free Style,Final - Foot technique,2,90,1,0,0,0,0,0,0,0,148
1641,A,A,Rock'n'Roll-Main Class Free Style,Final - Foot technique,3,86,1,0,0,0,0,0,0,0,148
1641,D,A,Rock'n'Roll-Main Class Free Style,Final - Foot technique,1,184,3,0,0,0,0,0,0,0,148
1641,D,A,Rock'n'Roll-Main Class Free Style,Final - Foot technique,2,90,3,0,0,0,0,0,0,0,148
1641,D,A,Rock'n'Roll-Main Class Free Style,Final - Foot technique,3,86,3,0,0,0,0,0,0,0,148
1641,E,A,Rock'n'Roll-Main Class Free Style,Final - Foot technique,1,184,4,0,0,0,0,0,0,0,148
1641,E,A,Rock'n'Roll-Main Class Free Style,Final - Foot technique,2,90,4,0,0,0,0,0,0,0,148
1641,E,A,Rock'n'Roll-Main Class Free Style,Final - Foot technique,3,86,4,0,0,0,0,0,0,0,148
1642,A,A,Rock'n'Roll-Main Class Start,Final,1,223,1,-5,-5,-10,-10,-10,-10,0,148
1642,A,A,Rock'n'Roll-Main Class Start,Final,2,142,1,-15,-15,0,-10,-25,-15,0,148
1642,A,A,Rock'n'Roll-Main Class Start,Final,3,176,1,-10,-15,-25,-15,-25,-15,0,148
1642,A,A,Rock'n'Roll-Main Class Start,Final,4,28,1,-10,-5,-10,-15,-75,-25,0,148
1642,A,A,Rock'n'Roll-Main Class Start,Final,5,236,1,-10,-15,-10,-35,-25,-35,0,148
1642,D,A,Rock'n'Roll-Main Class Start,Final,1,223,3,-10,-15,-25,-15,-25,-15,0,148
1642,D,A,Rock'n'Roll-Main Class Start,Final,2,142,3,-5,-15,-15,-35,-50,-15,0,148
1642,D,A,Rock'n'Roll-Main Class Start,Final,3,176,3,-10,-15,-10,-10,-25,-25,0,148
1642,D,A,Rock'n'Roll-Main Class Start,Final,4,28,3,-5,-25,-25,-75,-25,-35,0,148
1642,D,A,Rock'n'Roll-Main Class Start,Final,5,236,3,-15,-10,-10,-25,-25,-50,0,148
1642,F,A,Rock'n'Roll-Main Class Start,Final,1,223,5,-10,-10,-15,0,-25,-15,0,148
1642,F,A,Rock'n'Roll-Main Class Start,Final,2,142,5,-15,-15,-10,-25,-35,-35,0,148
1642,F,A,Rock'n'Roll-Main Class Start,Final,3,176,5,-10,-25,-15,-15,-25,-25,0,148
1642,F,A,Rock'n'Roll-Main Class Start,Final,4,28,5,-10,-25,-35,-75,-25,-25,0,148
1642,F,A,Rock'n'Roll-Main Class Start,Final,5,236,5,-15,-10,-10,-25,-25,-35,0,148
1643,H,A,Boogie-Woogie-Juniors,Final,1,250,1,0,0,0,0,0,0,0,148
1643,H,A,Boogie-Woogie-Juniors,Final,2,386,1,0,0,0,0,0,0,0,148
1643,H,A,Boogie-Woogie-Juniors,Final,3,150,1,0,0,0,0,0,0,0,148
1643,H,A,Boogie-Woogie-Juniors,Final,4,193,1,0,0,0,0,0,0,0,148
1643,K,A,Boogie-Woogie-Juniors,Final,1,250,4,0,0,0,0,0,0,0,148
1643,K,A,Boogie-Woogie-Juniors,Final,2,386,4,0,0,0,0,0,0,0,148
1643,K,A,Boogie-Woogie-Juniors,Final,3,150,4,0,0,0,0,0,0,0,148
1643,K,A,Boogie-Woogie-Juniors,Final,4,193,4,0,0,0,0,0,0,0,148
1644,H,A,Boogie-Woogie-Seniors,Final - fast,1,42,1,0,0,0,0,0,0,0,148
1644,J,A,Boogie-Woogie-Seniors,Final - fast,1,42,3,0,0,0,0,0,0,0,148
1645,I,A,Boogie-Woogie-Main Class,Final - fast,1,369,2,0,0,0,0,0,0,0,148
1645,K,A,Boogie-Woogie-Main Class,Final - fast,1,369,4,0,0,0,0,0,0,0,148
1648,C,A,Rock'n'Roll-Main Class Contact Style,Final - Acrobatic,1,363,2,-5,-5,-10,0,-15,-10,0,148
1648,C,A,Rock'n'Roll-Main Class Contact Style,Final - Acrobatic,2,181,2,-35,-10,-15,-15,-10,-15,0,148
1648,C,A,Rock'n'Roll-Main Class Contact Style,Final - Acrobatic,3,224,2,-25,-35,-15,-35,-25,-10,0,148
1648,C,A,Rock'n'Roll-Main Class Contact Style,Final - Acrobatic,4,300,2,-25,-50,-35,-75,-15,-50,0,148
1648,C,A,Rock'n'Roll-Main Class Contact Style,Final - Acrobatic,5,148,2,-10,-75,-100,-100,-100,-100,0,148
1648,C,A,Rock'n'Roll-Main Class Contact Style,Final - Acrobatic,6,362,2,-5,-5,-10,-10,-10,-100,0,148
1648,D,A,Rock'n'Roll-Main Class Contact Style,Final - Acrobatic,1,363,3,0,-5,-15,-5,-15,-10,0,148
1648,D,A,Rock'n'Roll-Main Class Contact Style,Final - Acrobatic,2,181,3,-35,-25,-15,-10,-25,-25,0,148
1648,D,A,Rock'n'Roll-Main Class Contact Style,Final - Acrobatic,3,224,3,-25,-35,-15,-25,-15,-25,0,148
1648,D,A,Rock'n'Roll-Main Class Contact Style,Final - Acrobatic,4,300,3,-10,-35,-25,-75,-35,-35,0,148
1648,D,A,Rock'n'Roll-Main Class Contact Style,Final - Acrobatic,5,148,3,0,-75,-100,-100,-100,-100,0,148
1648,D,A,Rock'n'Roll-Main Class Contact Style,Final - Acrobatic,6,362,3,-5,-5,-5,0,-10,-15,0,148
1648,F,A,Rock'n'Roll-Main Class Contact Style,Final - Acrobatic,1,363,5,0,-10,-10,-15,-10,-10,0,148
1648,F,A,Rock'n'Roll-Main Class Contact Style,Final - Acrobatic,2,181,5,-25,-15,-15,-10,-15,-25,0,148
1648,F,A,Rock'n'Roll-Main Class Contact Style,Final - Acrobatic,3,224,5,-10,-15,-15,-10,-5,-10,0,148
1648,F,A,Rock'n'Roll-Main Class Contact Style,Final - Acrobatic,4,300,5,-5,-15,-15,-50,-5,-25,0,148
1648,F,A,Rock'n'Roll-Main Class Contact Style,Final - Acrobatic,5,148,5,-5,-75,-100,-100,-100,-100,0,148
1648,F,A,Rock'n'Roll-Main Class Contact Style,Final - Acrobatic,6,362,5,0,-10,-10,-10,-15,-15,0,148
1649,A,A,Rock'n'Roll-Main Class Free Style,Final - Acrobatic,1,184,1,-10,-25,-15,-100,-100,-100,0,148
1649,A,A,Rock'n'Roll-Main Class Free Style,Final - Acrobatic,2,86,1,-10,0,-25,-25,-10,-25,0,148
1649,A,A,Rock'n'Roll-Main Class Free Style,Final - Acrobatic,3,90,1,0,-5,-5,-5,0,-10,0,148
1649,D,A,Rock'n'Roll-Main Class Free Style,Final - Acrobatic,1,184,3,-10,-15,0,-100,-100,-100,0,148
1649,D,A,Rock'n'Roll-Main Class Free Style,Final - Acrobatic,2,86,3,-10,-10,-25,-25,-10,-35,0,148
1649,D,A,Rock'n'Roll-Main Class Free Style,Final - Acrobatic,3,90,3,-10,0,-15,-10,-25,-5,0,148
1649,E,A,Rock'n'Roll-Main Class Free Style,Final - Acrobatic,1,184,4,-10,-15,-10,-100,-100,-100,0,148
1649,E,A,Rock'n'Roll-Main Class Free Style,Final - Acrobatic,2,86,4,-15,-15,-50,-25,-25,-25,0,148
1649,E,A,Rock'n'Roll-Main Class Free Style,Final - Acrobatic,3,90,4,-15,-5,-10,-5,-15,-5,0,148
1681,A,A,Rock'n'Roll-Main Class Contact Style,First round,1,300,1,-15,-25,-10,-35,-35,-1,0,150
1681,A,A,Rock'n'Roll-Main Class Contact Style,First round,1,471,1,-15,-15,-15,-25,-15,-1,0,150
1681,A,A,Rock'n'Roll-Main Class Contact Style,First round,2,363,1,-10,-10,-10,-5,-10,-1,0,150
1681,A,A,Rock'n'Roll-Main Class Contact Style,First round,2,172,1,-35,-15,-15,-25,-25,-1,0,150
1681,A,A,Rock'n'Roll-Main Class Contact Style,First round,3,179,1,-10,-10,-10,-15,-10,-1,0,150
1681,A,A,Rock'n'Roll-Main Class Contact Style,First round,3,224,1,-25,-15,-10,-25,-15,-1,0,150
1681,A,A,Rock'n'Roll-Main Class Contact Style,First round,4,71,1,-15,-15,-15,-35,-25,-1,0,150
1681,A,A,Rock'n'Roll-Main Class Contact Style,First round,4,148,1,-10,-10,-15,-25,-15,-1,0,150
1681,A,A,Rock'n'Roll-Main Class Contact Style,First round,5,181,1,-25,-15,-100,-100,-100,-1,0,150
1681,D,A,Rock'n'Roll-Main Class Contact Style,First round,1,471,3,-15,-10,-25,-15,-15,-1,0,150
1681,D,A,Rock'n'Roll-Main Class Contact Style,First round,1,300,3,0,-15,-15,-15,-25,-1,0,150
1681,D,A,Rock'n'Roll-Main Class Contact Style,First round,2,172,3,-25,-15,-50,-15,-25,-1,0,150
1681,D,A,Rock'n'Roll-Main Class Contact Style,First round,2,363,3,-5,-10,-15,-10,-10,-1,0,150
1681,D,A,Rock'n'Roll-Main Class Contact Style,First round,3,224,3,-25,-15,-25,-15,-15,-1,0,150
1681,D,A,Rock'n'Roll-Main Class Contact Style,First round,3,179,3,-15,-15,-35,-15,-25,-1,0,150
1681,D,A,Rock'n'Roll-Main Class Contact Style,First round,4,148,3,-15,-10,-25,-15,0,-1,0,150
1681,D,A,Rock'n'Roll-Main Class Contact Style,First round,4,71,3,-15,-15,-25,-25,-25,-1,0,150
1681,D,A,Rock'n'Roll-Main Class Contact Style,First round,5,181,3,-25,-15,-100,-100,-100,-1,0,150
1681,F,A,Rock'n'Roll-Main Class Contact Style,First round,1,300,5,-10,-15,-25,-10,-15,-1,0,150
1681,F,A,Rock'n'Roll-Main Class Contact Style,First round,1,471,5,-15,-15,-10,-5,-5,-1,0,150
1681,F,A,Rock'n'Roll-Main Class Contact Style,First round,2,363,5,-5,-25,0,0,0,-1,0,150
1681,F,A,Rock'n'Roll-Main Class Contact Style,First round,2,172,5,-75,-25,-25,0,-10,-1,0,150
1681,F,A,Rock'n'Roll-Main Class Contact Style,First round,3,179,5,-15,0,-10,0,-10,-1,0,150
1681,F,A,Rock'n'Roll-Main Class Contact Style,First round,3,224,5,-15,-15,0,-10,-10,-1,0,150
1681,F,A,Rock'n'Roll-Main Class Contact Style,First round,4,71,5,-10,0,-10,-25,-15,-1,0,150
1681,F,A,Rock'n'Roll-Main Class Contact Style,First round,4,148,5,-10,0,0,-10,-25,-1,0,150
1681,F,A,Rock'n'Roll-Main Class Contact Style,First round,5,181,5,-25,-15,-100,-100,-100,-1,0,150
1683,A,A,Rock'n'Roll-Main Class Start,First round,1,28,1,-15,-15,-15,-15,-25,-1,0,150
1683,A,A,Rock'n'Roll-Main Class Start,First round,1,36,1,-10,-10,-10,-15,-15,-1,0,150
1683,A,A,Rock'n'Roll-Main Class Start,First round,2,318,1,-15,-15,-10,-25,-25,-1,0,150
1683,A,A,Rock'n'Roll-Main Class Start,First round,2,236,1,-15,-15,-10,-25,-50,-1,0,150
1683,A,A,Rock'n'Roll-Main Class Start,First round,3,371,1,-15,-25,-25,-25,-25,-1,0,150
1683,A,A,Rock'n'Roll-Main Class Start,First round,3,142,1,-15,-10,-50,-25,-15,-1,0,150
1683,A,A,Rock'n'Roll-Main Class Start,First round,4,223,1,-15,-25,-15,-25,-15,-1,0,150
1683,A,A,Rock'n'Roll-Main Class Start,First round,4,176,1,-10,-25,-10,-10,-25,-1,0,150
1683,B,A,Rock'n'Roll-Main Class Start,First round,1,36,2,-10,-5,-15,-25,-25,-1,0,150
1683,B,A,Rock'n'Roll-Main Class Start,First round,1,28,2,-15,-15,-25,-25,-15,-1,0,150
1683,B,A,Rock'n'Roll-Main Class Start,First round,2,236,2,-25,-35,-15,-35,-50,-1,0,150
1683,B,A,Rock'n'Roll-Main Class Start,First round,2,318,2,-35,-50,-50,-50,-35,-1,0,150
1683,B,A,Rock'n'Roll-Main Class Start,First round,3,142,2,-25,-25,-50,-25,-10,-1,0,150
1683,B,A,Rock'n'Roll-Main Class Start,First round,3,371,2,-25,-35,-25,-35,-15,-1,0,150
1683,B,A,Rock'n'Roll-Main Class Start,First round,4,223,2,-35,-25,-25,-25,-35,-1,0,150
1683,B,A,Rock'n'Roll-Main Class Start,First round,4,176,2,-15,-35,-25,-15,-35,-1,0,150
1683,E,A,Rock'n'Roll-Main Class Start,First round,1,28,4,-15,-15,-10,-15,-25,-1,0,150
1683,E,A,Rock'n'Roll-Main Class Start,First round,1,36,4,0,-10,-5,-10,-25,-1,0,150
1683,E,A,Rock'n'Roll-Main Class Start,First round,2,318,4,-15,-25,-25,-50,-25,-1,0,150
1683,E,A,Rock'n'Roll-Main Class Start,First round,2,236,4,-15,-10,-10,-50,-75,-1,0,150
1683,E,A,Rock'n'Roll-Main Class Start,First round,3,371,4,-25,-25,-25,-10,-25,-1,0,150
1683,E,A,Rock'n'Roll-Main Class Start,First round,3,142,4,-10,-25,-75,-25,-25,-1,0,150
1683,E,A,Rock'n'Roll-Main Class Start,First round,4,223,4,-25,-35,-25,-15,-25,-1,0,150
1683,E,A,Rock'n'Roll-Main Class Start,First round,4,176,4,-10,-25,-10,-5,-10,-1,0,150
1684,B,A,Rock'n'Roll-Main Class Free Style,First round,1,86,2,-10,-15,-10,-15,-5,-1,0,150
1684,B,A,Rock'n'Roll-Main Class Free Style,First round,1,263,2,-15,-25,-25,-25,-15,-1,0,150
1684,B,A,Rock'n'Roll-Main Class Free Style,First round,2,41,2,-25,-35,-25,-15,-25,-1,0,150
1684,B,A,Rock'n'Roll-Main Class Free Style,First round,2,184,2,-25,-35,-50,-15,-10,-1,0,150
1684,B,A,Rock'n'Roll-Main Class Free Style,First round,3,47,2,0,-10,-10,-5,0,-1,0,150
1684,B,A,Rock'n'Roll-Main Class Free Style,First round,3,90,2,0,0,0,-10,0,-1,0,150
1684,B,A,Rock'n'Roll-Main Class Free Style,First round,4,63,2,-15,-50,-35,-10,0,-1,0,150
1684,D,A,Rock'n'Roll-Main Class Free Style,First round,1,263,4,-10,-25,-25,-25,-15,-1,0,150
1684,D,A,Rock'n'Roll-Main Class Free Style,First round,1,86,4,-25,-15,-25,-10,-10,-1,0,150
1684,D,A,Rock'n'Roll-Main Class Free Style,First round,2,41,4,-10,-15,-15,-15,-35,-1,0,150
1684,D,A,Rock'n'Roll-Main Class Free Style,First round,2,184,4,-15,-10,-35,-15,-15,-1,0,150
1684,D,A,Rock'n'Roll-Main Class Free Style,First round,3,47,4,-10,-10,-15,-10,-10,-1,0,150
1684,D,A,Rock'n'Roll-Main Class Free Style,First round,3,90,4,0,-10,-15,-10,0,-1,0,150
1684,D,A,Rock'n'Roll-Main Class Free Style,First round,4,63,4,-10,-50,-15,-15,0,-1,0,150
1684,E,A,Rock'n'Roll-Main Class Free Style,First round,1,263,5,-10,-35,-25,-25,-25,-1,0,150
1684,E,A,Rock'n'Roll-Main Class Free Style,First round,1,86,5,-15,-15,-10,-15,-10,-1,0,150
1684,E,A,Rock'n'Roll-Main Class Free Style,First round,2,41,5,-10,-50,-15,-15,-15,-1,0,150
1684,E,A,Rock'n'Roll-Main Class Free Style,First round,2,184,5,-15,-15,-50,0,-10,-1,0,150
1684,E,A,Rock'n'Roll-Main Class Free Style,First round,3,47,5,-10,-15,-15,-10,0,-1,0,150
1684,E,A,Rock'n'Roll-Main Class Free Style,First round,3,90,5,0,-15,-15,-10,0,-1,0,150
1684,E,A,Rock'n'Roll-Main Class Free Style,First round,4,63,5,-15,-50,-35,-10,0,-1,0,150
1687,A,A,Rock'n'Roll-Main Class Contact Style,Hope round,1,181,1,-15,-15,-25,-15,-10,-1,0,150
1687,A,A,Rock'n'Roll-Main Class Contact Style,Hope round,1,471,1,-15,-15,-15,-15,-10,-1,0,150
1687,A,A,Rock'n'Roll-Main Class Contact Style,Hope round,2,172,1,-15,-25,-15,-25,-15,-1,0,150
1687,A,A,Rock'n'Roll-Main Class Contact Style,Hope round,2,300,1,-10,-15,-15,-25,-25,-1,0,150
1687,A,A,Rock'n'Roll-Main Class Contact Style,Hope round,3,71,1,-99,-99,-99,-99,-99,-99,0,150
1687,D,A,Rock'n'Roll-Main Class Contact Style,Hope round,1,471,3,-10,0,-25,-15,-10,-1,0,150
1687,D,A,Rock'n'Roll-Main Class Contact Style,Hope round,1,181,3,-15,-15,-25,-15,-25,-1,0,150
1687,D,A,Rock'n'Roll-Main Class Contact Style,Hope round,2,300,3,-10,-15,-25,-25,-25,-1,0,150
1687,D,A,Rock'n'Roll-Main Class Contact Style,Hope round,2,172,3,-25,-15,-35,-10,-15,-1,0,150
1687,D,A,Rock'n'Roll-Main Class Contact Style,Hope round,3,71,3,-99,-99,-99,-99,-99,-99,0,150
1687,F,A,Rock'n'Roll-Main Class Contact Style,Hope round,1,471,5,-15,-25,-15,-10,0,-1,0,150
1687,F,A,Rock'n'Roll-Main Class Contact Style,Hope round,1,181,5,-10,-15,-35,-5,-10,-1,0,150
1687,F,A,Rock'n'Roll-Main Class Contact Style,Hope round,2,172,5,-25,-15,-15,0,-10,-1,0,150
1687,F,A,Rock'n'Roll-Main Class Contact Style,Hope round,2,300,5,0,-10,-10,-15,-15,-1,0,150
1687,F,A,Rock'n'Roll-Main Class Contact Style,Hope round,3,71,5,-99,-99,-99,-99,-99,-99,0,150
1688,G,A,Boogie-Woogie-Juniors,Final,1,250,1,0,0,0,0,0,0,0,150
1688,G,A,Boogie-Woogie-Juniors,Final,2,150,1,0,0,0,0,0,0,0,150
1688,G,A,Boogie-Woogie-Juniors,Final,3,193,1,0,0,0,0,0,0,0,150
1688,G,A,Boogie-Woogie-Juniors,Final,4,386,1,0,0,0,0,0,0,0,150
1688,J,A,Boogie-Woogie-Juniors,Final,1,250,4,0,0,0,0,0,0,0,150
1688,J,A,Boogie-Woogie-Juniors,Final,2,150,4,0,0,0,0,0,0,0,150
1688,J,A,Boogie-Woogie-Juniors,Final,3,193,4,0,0,0,0,0,0,0,150
1688,J,A,Boogie-Woogie-Juniors,Final,4,386,4,0,0,0,0,0,0,0,150
1690,G,A,Boogie-Woogie-Seniors,Final - slow,1,173,1,0,0,0,0,0,0,0,150
1690,I,A,Boogie-Woogie-Seniors,Final - slow,1,173,3,0,0,0,0,0,0,0,150
1691,G,A,Boogie-Woogie-Main Class,Final - slow,1,369,1,0,0,0,0,0,0,0,150
1691,G,A,Boogie-Woogie-Main Class,Final - slow,2,24,1,0,0,0,0,0,0,0,150
1691,I,A,Boogie-Woogie-Main Class,Final - slow,1,369,3,0,0,0,0,0,0,0,150
1691,I,A,Boogie-Woogie-Main Class,Final - slow,2,24,3,0,0,0,0,0,0,0,150
1692,A,A,Rock'n'Roll-Main Class Contact Style,Final - Foot technique,1,181,1,0,0,0,0,0,0,0,150
1692,A,A,Rock'n'Roll-Main Class Contact Style,Final - Foot technique,2,363,1,0,0,0,0,0,0,0,150
1692,A,A,Rock'n'Roll-Main Class Contact Style,Final - Foot technique,3,300,1,0,0,0,0,0,0,0,150
1692,A,A,Rock'n'Roll-Main Class Contact Style,Final - Foot technique,4,224,1,0,0,0,0,0,0,0,150
1692,A,A,Rock'n'Roll-Main Class Contact Style,Final - Foot technique,5,179,1,0,0,0,0,0,0,0,150
1692,A,A,Rock'n'Roll-Main Class Contact Style,Final - Foot technique,6,148,1,0,0,0,0,0,0,0,150
1692,D,A,Rock'n'Roll-Main Class Contact Style,Final - Foot technique,1,181,3,0,0,0,0,0,0,0,150
1692,D,A,Rock'n'Roll-Main Class Contact Style,Final - Foot technique,2,363,3,0,0,0,0,0,0,0,150
1692,D,A,Rock'n'Roll-Main Class Contact Style,Final - Foot technique,3,300,3,0,0,0,0,0,0,0,150
1692,D,A,Rock'n'Roll-Main Class Contact Style,Final - Foot technique,4,224,3,0,0,0,0,0,0,0,150
1692,D,A,Rock'n'Roll-Main Class Contact Style,Final - Foot technique,5,179,3,0,0,0,0,0,0,0,150
1692,D,A,Rock'n'Roll-Main Class Contact Style,Final - Foot technique,6,148,3,0,0,0,0,0,0,0,150
1692,F,A,Rock'n'Roll-Main Class Contact Style,Final - Foot technique,1,181,5,0,0,0,0,0,0,0,150
1692,F,A,Rock'n'Roll-Main Class Contact Style,Final - Foot technique,2,363,5,0,0,0,0,0,0,0,150
1692,F,A,Rock'n'Roll-Main Class Contact Style,Final - Foot technique,3,300,5,0,0,0,0,0,0,0,150
1692,F,A,Rock'n'Roll-Main Class Contact Style,Final - Foot technique,4,224,5,0,0,0,0,0,0,0,150
1692,F,A,Rock'n'Roll-Main Class Contact Style,Final - Foot technique,5,179,5,0,0,0,0,0,0,0,150
1692,F,A,Rock'n'Roll-Main Class Contact Style,Final - Foot technique,6,148,5,0,0,0,0,0,0,0,150
1693,B,A,Rock'n'Roll-Main Class Free Style,Final - Foot technique,1,90,2,0,0,0,0,0,0,0,150
1693,B,A,Rock'n'Roll-Main Class Free Style,Final - Foot technique,2,86,2,0,0,0,0,0,0,-10,150
1693,B,A,Rock'n'Roll-Main Class Free Style,Final - Foot technique,3,63,2,0,0,0,0,0,0,0,150
1693,B,A,Rock'n'Roll-Main Class Free Style,Final - Foot technique,4,41,2,0,0,0,0,0,0,0,150
1693,B,A,Rock'n'Roll-Main Class Free Style,Final - Foot technique,5,184,2,0,0,0,0,0,0,0,150
1693,B,A,Rock'n'Roll-Main Class Free Style,Final - Foot technique,6,47,2,0,0,0,0,0,0,0,150
1693,D,A,Rock'n'Roll-Main Class Free Style,Final - Foot technique,1,90,4,0,0,0,0,0,0,0,150
1693,D,A,Rock'n'Roll-Main Class Free Style,Final - Foot technique,2,86,4,0,0,0,0,0,0,0,150
1693,D,A,Rock'n'Roll-Main Class Free Style,Final - Foot technique,3,63,4,0,0,0,0,0,0,0,150
1693,D,A,Rock'n'Roll-Main Class Free Style,Final - Foot technique,4,41,4,0,0,0,0,0,0,0,150
1693,D,A,Rock'n'Roll-Main Class Free Style,Final - Foot technique,5,184,4,0,0,0,0,0,0,0,150
1693,D,A,Rock'n'Roll-Main Class Free Style,Final - Foot technique,6,47,4,0,0,0,0,0,0,0,150
1693,E,A,Rock'n'Roll-Main Class Free Style,Final - Foot technique,1,90,5,0,0,0,0,0,0,0,150
1693,E,A,Rock'n'Roll-Main Class Free Style,Final - Foot technique,2,86,5,0,0,0,0,0,0,0,150
1693,E,A,Rock'n'Roll-Main Class Free Style,Final - Foot technique,3,63,5,0,0,0,0,0,0,0,150
1693,E,A,Rock'n'Roll-Main Class Free Style,Final - Foot technique,4,41,5,0,0,0,0,0,0,0,150
1693,E,A,Rock'n'Roll-Main Class Free Style,Final - Foot technique,5,184,5,0,0,0,0,0,0,0,150
1693,E,A,Rock'n'Roll-Main Class Free Style,Final - Foot technique,6,47,5,0,0,0,0,0,0,0,150
1697,G,A,Boogie-Woogie-Seniors,Final - fast,1,173,1,0,0,0,0,0,0,0,150
1697,I,A,Boogie-Woogie-Seniors,Final - fast,1,173,3,0,0,0,0,0,0,0,150
1698,G,A,Boogie-Woogie-Main Class,Final - fast,1,24,1,0,0,0,0,0,0,0,150
1698,G,A,Boogie-Woogie-Main Class,Final - fast,2,369,1,0,0,0,0,0,0,0,150
1698,I,A,Boogie-Woogie-Main Class,Final - fast,1,24,3,0,0,0,0,0,0,0,150
1698,I,A,Boogie-Woogie-Main Class,Final - fast,2,369,3,0,0,0,0,0,0,0,150
1699,A,A,Rock'n'Roll-Main Class Start,Final,1,142,1,-15,-35,-25,-100,-15,-75,0,150
1699,A,A,Rock'n'Roll-Main Class Start,Final,2,371,1,-25,-15,-25,-15,-35,-50,0,150
1699,A,A,Rock'n'Roll-Main Class Start,Final,3,176,1,-15,-15,-15,-15,-25,-15,0,150
1699,A,A,Rock'n'Roll-Main Class Start,Final,4,28,1,-25,-25,-25,-15,-15,-25,0,150
1699,A,A,Rock'n'Roll-Main Class Start,Final,5,36,1,-15,-10,-10,-10,-15,-25,0,150
1699,A,A,Rock'n'Roll-Main Class Start,Final,6,236,1,-15,-10,-10,-15,-15,-25,0,150
1699,B,A,Rock'n'Roll-Main Class Start,Final,1,142,2,-15,-50,-25,-100,-25,-50,0,150
1699,B,A,Rock'n'Roll-Main Class Start,Final,2,371,2,-5,-15,-25,-25,-25,-75,0,150
1699,B,A,Rock'n'Roll-Main Class Start,Final,3,176,2,-10,-25,-25,-15,-25,-35,0,150
1699,B,A,Rock'n'Roll-Main Class Start,Final,4,28,2,-15,-15,-15,-35,-25,-10,0,150
1699,B,A,Rock'n'Roll-Main Class Start,Final,5,36,2,-10,-5,-5,-5,-15,-25,0,150
1699,B,A,Rock'n'Roll-Main Class Start,Final,6,236,2,-10,-15,-5,-15,-25,-15,0,150
1699,E,A,Rock'n'Roll-Main Class Start,Final,1,142,4,-10,-50,-25,-100,-35,-100,0,150
1699,E,A,Rock'n'Roll-Main Class Start,Final,2,371,4,-10,-15,-35,-10,-25,-75,0,150
1699,E,A,Rock'n'Roll-Main Class Start,Final,3,176,4,-15,-15,-15,0,-10,-25,0,150
1699,E,A,Rock'n'Roll-Main Class Start,Final,4,28,4,-35,-25,-25,-25,-15,0,0,150
1699,E,A,Rock'n'Roll-Main Class Start,Final,5,36,4,-10,-10,-10,-10,-15,-25,0,150
1699,E,A,Rock'n'Roll-Main Class Start,Final,6,236,4,-15,-15,-15,-25,-25,-15,0,150
1700,A,A,Rock'n'Roll-Main Class Contact Style,Final - Acrobatic,1,300,1,-10,-15,-25,-15,-25,-35,0,150
1700,A,A,Rock'n'Roll-Main Class Contact Style,Final - Acrobatic,2,363,1,-5,-10,-5,-5,-5,-5,0,150
1700,A,A,Rock'n'Roll-Main Class Contact Style,Final - Acrobatic,3,148,1,-5,-10,-15,-10,-10,-15,0,150
1700,A,A,Rock'n'Roll-Main Class Contact Style,Final - Acrobatic,4,181,1,-10,-15,-15,-15,-10,-10,0,150
1700,A,A,Rock'n'Roll-Main Class Contact Style,Final - Acrobatic,5,179,1,-5,-10,-5,-15,-10,-5,0,150
1700,A,A,Rock'n'Roll-Main Class Contact Style,Final - Acrobatic,6,224,1,-10,-10,-10,-25,-15,-10,0,150
1700,D,A,Rock'n'Roll-Main Class Contact Style,Final - Acrobatic,1,300,3,-10,-35,-25,-25,-25,-35,0,150
1700,D,A,Rock'n'Roll-Main Class Contact Style,Final - Acrobatic,2,363,3,0,-10,-10,-15,-10,0,0,150
1700,D,A,Rock'n'Roll-Main Class Contact Style,Final - Acrobatic,3,148,3,-10,0,-15,-25,-15,-15,0,150
1700,D,A,Rock'n'Roll-Main Class Contact Style,Final - Acrobatic,4,181,3,-10,-15,-10,-10,-15,-25,0,150
1700,D,A,Rock'n'Roll-Main Class Contact Style,Final - Acrobatic,5,179,3,-10,-10,-10,-15,-10,0,0,150
1700,D,A,Rock'n'Roll-Main Class Contact Style,Final - Acrobatic,6,224,3,-5,-10,-10,-35,-15,-10,0,150
1700,F,A,Rock'n'Roll-Main Class Contact Style,Final - Acrobatic,1,300,5,0,-35,-25,0,-15,-50,0,150
1700,F,A,Rock'n'Roll-Main Class Contact Style,Final - Acrobatic,2,363,5,0,0,-5,0,0,-10,0,150
1700,F,A,Rock'n'Roll-Main Class Contact Style,Final - Acrobatic,3,148,5,0,-5,-10,-25,-10,-10,0,150
1700,F,A,Rock'n'Roll-Main Class Contact Style,Final - Acrobatic,4,181,5,-5,-15,-10,-5,-15,-25,0,150
1700,F,A,Rock'n'Roll-Main Class Contact Style,Final - Acrobatic,5,179,5,-5,-10,-10,-15,0,0,0,150
1700,F,A,Rock'n'Roll-Main Class Contact Style,Final - Acrobatic,6,224,5,-5,-15,0,-75,-15,-10,0,150
1701,B,A,Rock'n'Roll-Main Class Free Style,Final - Acrobatic,1,86,2,-5,-15,-10,-5,-5,-15,0,150
1701,B,A,Rock'n'Roll-Main Class Free Style,Final - Acrobatic,2,184,2,-5,-10,-10,-15,-10,-15,0,150
1701,B,A,Rock'n'Roll-Main Class Free Style,Final - Acrobatic,3,63,2,-10,-10,-25,-15,-25,-5,0,150
1701,B,A,Rock'n'Roll-Main Class Free Style,Final - Acrobatic,4,41,2,-25,-25,-15,0,-25,-25,0,150
1701,B,A,Rock'n'Roll-Main Class Free Style,Final - Acrobatic,5,90,2,-5,0,-5,0,-15,-5,0,150
1701,B,A,Rock'n'Roll-Main Class Free Style,Final - Acrobatic,6,47,2,0,-10,0,-10,-5,-25,0,150
1701,D,A,Rock'n'Roll-Main Class Free Style,Final - Acrobatic,1,86,4,-5,-15,-15,-10,-10,-25,0,150
1701,D,A,Rock'n'Roll-Main Class Free Style,Final - Acrobatic,2,184,4,-10,-10,0,-25,-10,-25,0,150
1701,D,A,Rock'n'Roll-Main Class Free Style,Final - Acrobatic,3,63,4,-10,-10,-15,-5,-10,0,0,150
1701,D,A,Rock'n'Roll-Main Class Free Style,Final - Acrobatic,4,41,4,-15,-10,-25,0,-25,-25,0,150
1701,D,A,Rock'n'Roll-Main Class Free Style,Final - Acrobatic,5,90,4,-10,-10,-5,-15,-15,-10,0,150
1701,D,A,Rock'n'Roll-Main Class Free Style,Final - Acrobatic,6,47,4,0,-5,-10,-10,-25,-15,0,150
1701,E,A,Rock'n'Roll-Main Class Free Style,Final - Acrobatic,1,86,5,0,-15,-10,-10,-15,-10,0,150
1701,E,A,Rock'n'Roll-Main Class Free Style,Final - Acrobatic,2,184,5,0,-15,-15,-25,-10,-10,0,150
1701,E,A,Rock'n'Roll-Main Class Free Style,Final - Acrobatic,3,63,5,-10,-10,-35,-15,-25,0,0,150
1701,E,A,Rock'n'Roll-Main Class Free Style,Final - Acrobatic,4,41,5,-25,-50,-15,-10,-15,-25,0,150
1701,E,A,Rock'n'Roll-Main Class Free Style,Final - Acrobatic,5,90,5,-15,-10,-25,-25,-50,-10,0,150
1701,E,A,Rock'n'Roll-Main Class Free Style,Final - Acrobatic,6,47,5,-10,-15,-10,-10,-15,-10,0,150
1715,B,A,Rock'n'Roll-Main Class Start,First round,1,28,2,-25,-15,-25,-25,-15,-1,0,151
1715,B,A,Rock'n'Roll-Main Class Start,First round,1,176,2,-25,-15,-25,-35,-35,-1,0,151
1715,B,A,Rock'n'Roll-Main Class Start,First round,2,142,2,-15,-15,-50,-25,-35,-1,0,151
1715,B,A,Rock'n'Roll-Main Class Start,First round,2,236,2,-15,-10,-10,-35,-50,-1,0,151
1715,B,A,Rock'n'Roll-Main Class Start,First round,3,371,2,-25,-50,-25,-35,-75,-1,0,151
1715,B,A,Rock'n'Roll-Main Class Start,First round,3,223,2,-50,-50,-35,-15,-25,-1,0,151
1715,B,A,Rock'n'Roll-Main Class Start,First round,4,36,2,-15,-15,-15,-25,-15,-1,0,151
1715,B,A,Rock'n'Roll-Main Class Start,First round,4,318,2,-15,-25,-35,-50,-25,-1,0,151
1715,F,A,Rock'n'Roll-Main Class Start,First round,1,176,6,-15,-10,-10,-15,-25,-1,0,151
1715,F,A,Rock'n'Roll-Main Class Start,First round,1,28,6,-10,-25,-15,-25,-10,-1,0,151
1715,F,A,Rock'n'Roll-Main Class Start,First round,2,142,6,0,-5,-15,-5,-15,-1,0,151
1715,F,A,Rock'n'Roll-Main Class Start,First round,2,236,6,0,-5,-10,-15,-15,-1,0,151
1715,F,A,Rock'n'Roll-Main Class Start,First round,3,371,6,-10,-25,-5,-15,-5,-1,0,151
1715,F,A,Rock'n'Roll-Main Class Start,First round,3,223,6,-10,-25,-10,0,-10,-1,0,151
1715,F,A,Rock'n'Roll-Main Class Start,First round,4,36,6,0,-5,-5,-10,0,-1,0,151
1715,F,A,Rock'n'Roll-Main Class Start,First round,4,318,6,-5,-5,-5,-10,-5,-1,0,151
1715,G,A,Rock'n'Roll-Main Class Start,First round,1,176,7,-10,-15,-15,-15,-10,-1,0,151
1715,G,A,Rock'n'Roll-Main Class Start,First round,1,28,7,-15,-10,-15,-25,-25,-1,0,151
1715,G,A,Rock'n'Roll-Main Class Start,First round,2,142,7,-5,-10,-15,-25,-15,-1,0,151
1715,G,A,Rock'n'Roll-Main Class Start,First round,2,236,7,-5,-5,0,-25,-15,-1,0,151
1715,G,A,Rock'n'Roll-Main Class Start,First round,3,371,7,-10,-25,-10,-25,-15,-1,0,151
1715,G,A,Rock'n'Roll-Main Class Start,First round,3,223,7,-25,-50,-25,-10,-25,-1,0,151
1715,G,A,Rock'n'Roll-Main Class Start,First round,4,36,7,-5,-10,-15,-25,-15,-1,0,151
1715,G,A,Rock'n'Roll-Main Class Start,First round,4,318,7,-5,-5,-10,-25,-25,-1,0,151
1717,C,A,Rock'n'Roll-Main Class Free Style,First round,1,263,3,-15,-15,-15,-25,-10,-1,0,151
1717,C,A,Rock'n'Roll-Main Class Free Style,First round,1,41,3,-10,-10,-15,-15,-15,-1,0,151
1717,C,A,Rock'n'Roll-Main Class Free Style,First round,2,90,3,-10,-10,-5,-15,-5,-1,0,151
1717,C,A,Rock'n'Roll-Main Class Free Style,First round,2,63,3,-35,-15,-10,-5,-5,-1,0,151
1717,C,A,Rock'n'Roll-Main Class Free Style,First round,3,184,3,-10,-15,-15,-15,-10,-1,0,151
1717,C,A,Rock'n'Roll-Main Class Free Style,First round,3,86,3,-10,-15,-10,-5,-5,-1,0,151
1717,C,A,Rock'n'Roll-Main Class Free Style,First round,4,47,3,-10,-10,-10,-10,-5,-1,0,151
1717,E,A,Rock'n'Roll-Main Class Free Style,First round,1,41,5,-35,-50,-10,-25,-35,-1,0,151
1717,E,A,Rock'n'Roll-Main Class Free Style,First round,1,263,5,-15,-25,-25,-35,-15,-1,0,151
1717,E,A,Rock'n'Roll-Main Class Free Style,First round,2,90,5,-10,-35,-15,-25,-10,-1,0,151
1717,E,A,Rock'n'Roll-Main Class Free Style,First round,2,63,5,-35,-15,-25,-15,0,-1,0,151
1717,E,A,Rock'n'Roll-Main Class Free Style,First round,3,184,5,0,-15,-10,0,-10,-1,0,151
1717,E,A,Rock'n'Roll-Main Class Free Style,First round,3,86,5,-15,-25,-5,0,0,-1,0,151
1717,E,A,Rock'n'Roll-Main Class Free Style,First round,4,47,5,0,-10,-35,-15,0,-1,0,151
1717,G,A,Rock'n'Roll-Main Class Free Style,First round,1,41,7,-15,-15,-15,-10,-10,-1,0,151
1717,G,A,Rock'n'Roll-Main Class Free Style,First round,1,263,7,-10,-15,-25,-15,-10,-1,0,151
1717,G,A,Rock'n'Roll-Main Class Free Style,First round,2,90,7,0,-25,-10,-15,-5,-1,0,151
1717,G,A,Rock'n'Roll-Main Class Free Style,First round,2,63,7,-25,-10,-15,-15,-5,-1,0,151
1717,G,A,Rock'n'Roll-Main Class Free Style,First round,3,184,7,-5,-5,-10,-10,0,-1,0,151
1717,G,A,Rock'n'Roll-Main Class Free Style,First round,3,86,7,-15,-25,-10,-15,-5,-1,0,151
1717,G,A,Rock'n'Roll-Main Class Free Style,First round,4,47,7,-5,-10,-15,-5,0,-1,0,151
1727,H,A,Boogie-Woogie-Juniors,Final,1,386,2,0,0,0,0,0,0,0,151
1727,H,A,Boogie-Woogie-Juniors,Final,2,250,2,0,0,0,0,0,0,0,151
1727,H,A,Boogie-Woogie-Juniors,Final,3,150,2,0,0,0,0,0,0,0,151
1727,H,A,Boogie-Woogie-Juniors,Final,4,193,2,0,0,0,0,0,0,0,151
1727,J,A,Boogie-Woogie-Juniors,Final,1,386,4,0,0,0,0,0,0,0,151
1727,J,A,Boogie-Woogie-Juniors,Final,2,250,4,0,0,0,0,0,0,0,151
1727,J,A,Boogie-Woogie-Juniors,Final,3,150,4,0,0,0,0,0,0,0,151
1727,J,A,Boogie-Woogie-Juniors,Final,4,193,4,0,0,0,0,0,0,0,151
1728,G,A,Boogie-Woogie-Main Class,Final - slow,1,369,1,0,0,0,0,0,0,0,151
1728,G,A,Boogie-Woogie-Main Class,Final - slow,2,24,1,0,0,0,0,0,0,0,151
1728,G,A,Boogie-Woogie-Main Class,Final - slow,3,257,1,0,0,0,0,0,0,0,151
1728,H,A,Boogie-Woogie-Main Class,Final - slow,1,369,2,0,0,0,0,0,0,0,151
1728,H,A,Boogie-Woogie-Main Class,Final - slow,2,24,2,0,0,0,0,0,0,0,151
1728,H,A,Boogie-Woogie-Main Class,Final - slow,3,257,2,0,0,0,0,0,0,0,151
1730,A,A,Rock'n'Roll-Main Class Contact Style,Final - Foot technique,1,148,1,0,0,0,0,0,0,0,151
1730,A,A,Rock'n'Roll-Main Class Contact Style,Final - Foot technique,2,224,1,0,0,0,0,0,0,0,151
1730,A,A,Rock'n'Roll-Main Class Contact Style,Final - Foot technique,3,181,1,0,0,0,0,0,0,0,151
1730,A,A,Rock'n'Roll-Main Class Contact Style,Final - Foot technique,4,300,1,0,0,0,0,0,0,0,151
1730,A,A,Rock'n'Roll-Main Class Contact Style,Final - Foot technique,5,71,1,0,0,0,0,0,0,0,151
1730,A,A,Rock'n'Roll-Main Class Contact Style,Final - Foot technique,6,172,1,0,0,0,0,0,0,0,151
1730,C,A,Rock'n'Roll-Main Class Contact Style,Final - Foot technique,1,148,3,0,0,0,0,0,0,0,151
1730,C,A,Rock'n'Roll-Main Class Contact Style,Final - Foot technique,2,224,3,0,0,0,0,0,0,0,151
1730,C,A,Rock'n'Roll-Main Class Contact Style,Final - Foot technique,3,181,3,0,0,0,0,0,0,0,151
1730,C,A,Rock'n'Roll-Main Class Contact Style,Final - Foot technique,4,300,3,0,0,0,0,0,0,0,151
1730,C,A,Rock'n'Roll-Main Class Contact Style,Final - Foot technique,5,71,3,0,0,0,0,0,0,0,151
1730,C,A,Rock'n'Roll-Main Class Contact Style,Final - Foot technique,6,172,3,0,0,0,0,0,0,0,151
1730,D,A,Rock'n'Roll-Main Class Contact Style,Final - Foot technique,1,148,4,0,0,0,0,0,0,0,151
1730,D,A,Rock'n'Roll-Main Class Contact Style,Final - Foot technique,2,224,4,0,0,0,0,0,0,0,151
1730,D,A,Rock'n'Roll-Main Class Contact Style,Final - Foot technique,3,181,4,0,0,0,0,0,0,0,151
1730,D,A,Rock'n'Roll-Main Class Contact Style,Final - Foot technique,4,300,4,0,0,0,0,0,0,0,151
1730,D,A,Rock'n'Roll-Main Class Contact Style,Final - Foot technique,5,71,4,0,0,0,0,0,0,0,151
1730,D,A,Rock'n'Roll-Main Class Contact Style,Final - Foot technique,6,172,4,0,0,0,0,0,0,0,151
1731,C,A,Rock'n'Roll-Main Class Free Style,Final - Foot technique,1,263,3,0,0,0,0,0,0,0,151
1731,C,A,Rock'n'Roll-Main Class Free Style,Final - Foot technique,2,90,3,0,0,0,0,0,0,0,151
1731,C,A,Rock'n'Roll-Main Class Free Style,Final - Foot technique,3,41,3,0,0,0,0,0,0,0,151
1731,C,A,Rock'n'Roll-Main Class Free Style,Final - Foot technique,4,184,3,0,0,0,0,0,0,0,151
1731,C,A,Rock'n'Roll-Main Class Free Style,Final - Foot technique,5,47,3,0,0,0,0,0,0,0,151
1731,C,A,Rock'n'Roll-Main Class Free Style,Final - Foot technique,6,86,3,0,0,0,0,0,0,0,151
1731,E,A,Rock'n'Roll-Main Class Free Style,Final - Foot technique,1,263,5,0,0,0,0,0,0,0,151
1731,E,A,Rock'n'Roll-Main Class Free Style,Final - Foot technique,2,90,5,0,0,0,0,0,0,0,151
1731,E,A,Rock'n'Roll-Main Class Free Style,Final - Foot technique,3,41,5,0,0,0,0,0,0,0,151
1731,E,A,Rock'n'Roll-Main Class Free Style,Final - Foot technique,4,184,5,0,0,0,0,0,0,0,151
1731,E,A,Rock'n'Roll-Main Class Free Style,Final - Foot technique,5,47,5,0,0,0,0,0,0,0,151
1731,E,A,Rock'n'Roll-Main Class Free Style,Final - Foot technique,6,86,5,0,0,0,0,0,0,0,151
1731,G,A,Rock'n'Roll-Main Class Free Style,Final - Foot technique,1,263,7,0,0,0,0,0,0,0,151
1731,G,A,Rock'n'Roll-Main Class Free Style,Final - Foot technique,2,90,7,0,0,0,0,0,0,0,151
1731,G,A,Rock'n'Roll-Main Class Free Style,Final - Foot technique,3,41,7,0,0,0,0,0,0,0,151
1731,G,A,Rock'n'Roll-Main Class Free Style,Final - Foot technique,4,184,7,0,0,0,0,0,0,0,151
1731,G,A,Rock'n'Roll-Main Class Free Style,Final - Foot technique,5,47,7,0,0,0,0,0,0,0,151
1731,G,A,Rock'n'Roll-Main Class Free Style,Final - Foot technique,6,86,7,0,0,0,0,0,0,0,151
1733,G,A,Boogie-Woogie-Main Class,Final - fast,1,257,1,0,0,0,0,0,0,0,151
1733,G,A,Boogie-Woogie-Main Class,Final - fast,2,24,1,0,0,0,0,0,0,0,151
1733,G,A,Boogie-Woogie-Main Class,Final - fast,3,369,1,0,0,0,0,0,0,0,151
1733,H,A,Boogie-Woogie-Main Class,Final - fast,1,257,2,0,0,0,0,0,0,0,151
1733,H,A,Boogie-Woogie-Main Class,Final - fast,2,24,2,0,0,0,0,0,0,0,151
1733,H,A,Boogie-Woogie-Main Class,Final - fast,3,369,2,0,0,0,0,0,0,0,151
1734,B,A,Rock'n'Roll-Main Class Start,Final,1,176,2,-15,-25,-25,-25,-35,-35,0,151
1734,B,A,Rock'n'Roll-Main Class Start,Final,2,142,2,-15,-35,-15,-35,-35,-25,0,151
1734,B,A,Rock'n'Roll-Main Class Start,Final,3,236,2,-15,-25,-15,-35,-35,-35,0,151
1734,B,A,Rock'n'Roll-Main Class Start,Final,4,28,2,-25,-15,-25,-25,-15,-15,0,151
1734,B,A,Rock'n'Roll-Main Class Start,Final,5,36,2,-10,-15,-10,-25,-15,-15,0,151
1734,B,A,Rock'n'Roll-Main Class Start,Final,6,371,2,-25,-15,-25,-25,-25,-35,0,151
1734,F,A,Rock'n'Roll-Main Class Start,Final,1,176,6,-5,-5,-10,-5,-10,-10,0,151
1734,F,A,Rock'n'Roll-Main Class Start,Final,2,142,6,0,-5,-5,-5,-15,-25,0,151
1734,F,A,Rock'n'Roll-Main Class Start,Final,3,236,6,0,-5,-5,-5,-25,-10,0,151
1734,F,A,Rock'n'Roll-Main Class Start,Final,4,28,6,-5,-5,-5,-5,-5,-10,0,151
1734,F,A,Rock'n'Roll-Main Class Start,Final,5,36,6,-5,-5,-5,-5,-10,-5,0,151
1734,F,A,Rock'n'Roll-Main Class Start,Final,6,371,6,-5,-5,-5,-5,-5,-15,0,151
1734,G,A,Rock'n'Roll-Main Class Start,Final,1,176,7,-15,-15,-10,-10,-15,-15,0,151
1734,G,A,Rock'n'Roll-Main Class Start,Final,2,142,7,-10,-10,-15,-15,-25,-25,0,151
1734,G,A,Rock'n'Roll-Main Class Start,Final,3,236,7,-10,-15,-10,-15,-15,-15,0,151
1734,G,A,Rock'n'Roll-Main Class Start,Final,4,28,7,-25,-25,-15,-15,-10,-25,0,151
1734,G,A,Rock'n'Roll-Main Class Start,Final,5,36,7,-10,-15,-10,-15,-25,-25,0,151
1734,G,A,Rock'n'Roll-Main Class Start,Final,6,371,7,-15,-15,-15,-10,-25,-15,0,151
1735,A,A,Rock'n'Roll-Main Class Contact Style,Final - Acrobatic,1,224,1,-10,-10,-15,-25,-50,-15,0,151
1735,A,A,Rock'n'Roll-Main Class Contact Style,Final - Acrobatic,2,148,1,-10,-10,-10,-15,-10,-5,0,151
1735,A,A,Rock'n'Roll-Main Class Contact Style,Final - Acrobatic,3,172,1,-5,-15,-25,0,-10,-10,0,151
1735,A,A,Rock'n'Roll-Main Class Contact Style,Final - Acrobatic,4,71,1,-10,-10,-10,-75,-15,-15,0,151
1735,A,A,Rock'n'Roll-Main Class Contact Style,Final - Acrobatic,5,300,1,-5,-15,-10,-75,-10,-15,0,151
1735,A,A,Rock'n'Roll-Main Class Contact Style,Final - Acrobatic,6,181,1,-15,-15,-10,-25,-5,-10,0,151
1735,C,A,Rock'n'Roll-Main Class Contact Style,Final - Acrobatic,1,224,3,-10,-10,-10,-5,-15,-10,0,151
1735,C,A,Rock'n'Roll-Main Class Contact Style,Final - Acrobatic,2,148,3,-10,-10,-15,-15,-10,-5,0,151
1735,C,A,Rock'n'Roll-Main Class Contact Style,Final - Acrobatic,3,172,3,-15,-10,-10,-10,-15,-10,0,151
1735,C,A,Rock'n'Roll-Main Class Contact Style,Final - Acrobatic,4,71,3,-10,-10,-15,-75,-25,-10,0,151
1735,C,A,Rock'n'Roll-Main Class Contact Style,Final - Acrobatic,5,300,3,-10,-15,-15,-50,-35,-25,0,151
1735,C,A,Rock'n'Roll-Main Class Contact Style,Final - Acrobatic,6,181,3,-10,-15,-15,-25,-10,-10,0,151
1735,D,A,Rock'n'Roll-Main Class Contact Style,Final - Acrobatic,1,224,4,-10,-5,-10,-15,-25,-5,0,151
1735,D,A,Rock'n'Roll-Main Class Contact Style,Final - Acrobatic,2,148,4,0,-10,-25,-15,-10,-10,0,151
1735,D,A,Rock'n'Roll-Main Class Contact Style,Final - Acrobatic,3,172,4,-25,-25,-15,-5,-10,-15,0,151
1735,D,A,Rock'n'Roll-Main Class Contact Style,Final - Acrobatic,4,71,4,-25,-15,-25,-75,-25,-35,0,151
1735,D,A,Rock'n'Roll-Main Class Contact Style,Final - Acrobatic,5,300,4,-10,-50,-35,-50,-25,-25,0,151
1735,D,A,Rock'n'Roll-Main Class Contact Style,Final - Acrobatic,6,181,4,-5,-10,-10,-15,-10,-10,0,151
1736,C,A,Rock'n'Roll-Main Class Free Style,Final - Acrobatic,1,184,3,-5,-10,-15,-35,-25,-5,0,151
1736,C,A,Rock'n'Roll-Main Class Free Style,Final - Acrobatic,2,41,3,-10,-10,-15,-10,-15,-10,0,151
1736,C,A,Rock'n'Roll-Main Class Free Style,Final - Acrobatic,3,86,3,-10,-25,-15,-10,-10,-5,0,151
1736,C,A,Rock'n'Roll-Main Class Free Style,Final - Acrobatic,4,47,3,-10,-10,-5,-10,-5,-5,0,151
1736,C,A,Rock'n'Roll-Main Class Free Style,Final - Acrobatic,5,90,3,-10,-10,-5,-10,-10,-5,0,151
1736,C,A,Rock'n'Roll-Main Class Free Style,Final - Acrobatic,6,263,3,-10,-10,-10,-25,-15,-5,0,151
1736,E,A,Rock'n'Roll-Main Class Free Style,Final - Acrobatic,1,184,5,-10,-15,-25,-35,-15,0,0,151
1736,E,A,Rock'n'Roll-Main Class Free Style,Final - Acrobatic,2,41,5,-25,-50,-15,-10,-25,-25,0,151
1736,E,A,Rock'n'Roll-Main Class Free Style,Final - Acrobatic,3,86,5,-5,-15,-25,0,-10,-10,0,151
1736,E,A,Rock'n'Roll-Main Class Free Style,Final - Acrobatic,4,47,5,-10,0,-10,-15,-10,0,0,151
1736,E,A,Rock'n'Roll-Main Class Free Style,Final - Acrobatic,5,90,5,-10,-10,-25,-35,-25,-15,0,151
1736,E,A,Rock'n'Roll-Main Class Free Style,Final - Acrobatic,6,263,5,-25,-35,-35,-50,-35,-15,0,151
1736,G,A,Rock'n'Roll-Main Class Free Style,Final - Acrobatic,1,184,7,-10,-10,-15,-25,-15,-10,0,151
1736,G,A,Rock'n'Roll-Main Class Free Style,Final - Acrobatic,2,41,7,-15,-25,-25,-15,-25,-35,0,151
1736,G,A,Rock'n'Roll-Main Class Free Style,Final - Acrobatic,3,86,7,-10,-25,-25,-15,-25,-15,0,151
1736,G,A,Rock'n'Roll-Main Class Free Style,Final - Acrobatic,4,47,7,-10,-15,-10,-15,-10,-10,0,151
1736,G,A,Rock'n'Roll-Main Class Free Style,Final - Acrobatic,5,90,7,-10,-5,-5,-15,-15,-10,0,151
1736,G,A,Rock'n'Roll-Main Class Free Style,Final - Acrobatic,6,263,7,-25,-25,-35,-35,-35,-25,0,151