rt_id,Judge,tip,Category,Round,Heat,Stn,stanica,Acro 1,Acro 2,Acro 3,Acro 4,Acro 5,Acro 6,bm,turnir,Acro_7,Acro_8,fall
1742,A,A,Rock'n'Roll-Main Class Start,First round,1,371,1,-15,-15,-15,-25,-35,-1,0,152,-1,-1,0
1742,A,A,Rock'n'Roll-Main Class Start,First round,1,226,1,-10,-15,-10,-25,-15,-1,0,152,-1,-1,0
1742,A,A,Rock'n'Roll-Main Class Start,First round,2,0,1,-15,-10,-15,-15,-10,-1,0,152,-1,-1,0
1742,A,A,Rock'n'Roll-Main Class Start,First round,2,197,1,-5,-10,-25,-35,-15,-1,0,152,-1,-1,0
1742,A,A,Rock'n'Roll-Main Class Start,First round,3,332,1,-10,-10,-50,-35,-10,-1,0,152,-1,-1,0
1742,A,A,Rock'n'Roll-Main Class Start,First round,3,223,1,-25,-10,-10,-25,-35,-1,0,152,-1,-1,0
1742,A,A,Rock'n'Roll-Main Class Start,First round,4,142,1,-5,0,-5,-10,-10,-1,0,152,-1,-1,0
1742,A,A,Rock'n'Roll-Main Class Start,First round,4,236,1,0,-10,-5,-15,-10,-1,0,152,-1,-1,0
1742,E,A,Rock'n'Roll-Main Class Start,First round,1,226,3,-5,-15,-25,-25,-15,-1,0,152,-1,-1,0
1742,E,A,Rock'n'Roll-Main Class Start,First round,1,371,3,-25,-15,-25,-35,-25,-1,0,152,-1,-1,0
1742,E,A,Rock'n'Roll-Main Class Start,First round,2,197,3,-25,-15,-25,-35,-15,-1,0,152,-1,-1,0
1742,E,A,Rock'n'Roll-Main Class Start,First round,2,0,3,-25,-25,-25,-15,-10,-1,0,152,-1,-1,0
1742,E,A,Rock'n'Roll-Main Class Start,First round,3,332,3,-15,-10,-50,-25,-15,-1,0,152,-1,-1,0
1742,E,A,Rock'n'Roll-Main Class Start,First round,3,223,3,-25,-25,-35,-25,-35,-1,0,152,-1,-1,0
1742,E,A,Rock'n'Roll-Main Class Start,First round,4,142,3,-15,-25,-15,-15,-15,-1,0,152,-1,-1,0
1742,E,A,Rock'n'Roll-Main Class Start,First round,4,236,3,-15,-15,-10,-15,-25,-1,0,152,-1,-1,0
1742,G,A,Rock'n'Roll-Main Class Start,First round,1,371,4,-5,-10,-10,-15,-25,-1,0,152,-1,-1,0
1742,G,A,Rock'n'Roll-Main Class Start,First round,1,226,4,-5,-10,-5,-15,-15,-1,0,152,-1,-1,0
1742,G,A,Rock'n'Roll-Main Class Start,First round,2,0,4,-10,-5,-15,-15,-5,-1,0,152,-1,-1,0
1742,G,A,Rock'n'Roll-Main Class Start,First round,2,197,4,-10,-5,-10,-15,-15,-1,0,152,-1,-1,0
1742,G,A,Rock'n'Roll-Main Class Start,First round,3,332,4,-5,-5,-25,-15,-10,-1,0,152,-1,-1,0
1742,G,A,Rock'n'Roll-Main Class Start,First round,3,223,4,-15,-15,-10,-15,-35,-1,0,152,-1,-1,0
1742,G,A,Rock'n'Roll-Main Class Start,First round,4,142,4,0,-5,0,-15,-10,-1,0,152,-1,-1,0
1742,G,A,Rock'n'Roll-Main Class Start,First round,4,236,4,-5,0,-5,-5,-15,-1,0,152,-1,-1,0
1743,B,A,Rock'n'Roll-Main Class Contact Style,First round,1,71,2,-25,-25,-25,-15,-10,-1,0,152,-1,-1,0
1743,B,A,Rock'n'Roll-Main Class Contact Style,First round,1,148,2,-5,-10,-15,-5,-10,-1,0,152,-1,-1,0
1743,B,A,Rock'n'Roll-Main Class Contact Style,First round,2,300,2,-10,-15,-15,-10,-25,-1,0,152,-1,-1,0
1743,B,A,Rock'n'Roll-Main Class Contact Style,First round,2,181,2,-15,-15,-10,-5,-25,-1,0,152,-1,-1,0
1743,B,A,Rock'n'Roll-Main Class Contact Style,First round,3,28,2,-15,-5,-10,-15,-5,-1,0,152,-1,-1,0
1743,B,A,Rock'n'Roll-Main Class Contact Style,First round,3,363,2,-15,-10,-75,-15,-50,-1,0,152,-1,-1,0
1743,B,A,Rock'n'Roll-Main Class Contact Style,First round,4,179,2,-25,-10,-10,-15,-15,-1,0,152,-1,-1,0
1743,B,A,Rock'n'Roll-Main Class Contact Style,First round,4,160,2,-5,-10,-15,-25,-35,-1,0,152,-1,-1,0
1743,B,A,Rock'n'Roll-Main Class Contact Style,First round,5,36,2,-15,-35,-25,-75,-25,-1,0,152,-1,-1,0
1743,B,A,Rock'n'Roll-Main Class Contact Style,First round,5,430,2,-10,-15,-15,-25,-75,-1,0,152,-1,-1,0
1743,B,A,Rock'n'Roll-Main Class Contact Style,First round,6,283,2,-25,-15,-35,-25,-25,-1,0,152,-1,-1,0
1743,B,A,Rock'n'Roll-Main Class Contact Style,First round,6,362,2,0,-5,-25,-15,-5,-1,0,152,-1,-1,0
1743,E,A,Rock'n'Roll-Main Class Contact Style,First round,1,148,3,-10,-10,-10,-10,-5,-1,0,152,-1,-1,0
1743,E,A,Rock'n'Roll-Main Class Contact Style,First round,1,71,3,-15,-10,-15,-25,-15,-1,0,152,-1,-1,0
1743,E,A,Rock'n'Roll-Main Class Contact Style,First round,2,300,3,-15,-25,-15,-15,-15,-1,0,152,-1,-1,0
1743,E,A,Rock'n'Roll-Main Class Contact Style,First round,2,181,3,-10,-15,-15,-15,-15,-1,0,152,-1,-1,0
1743,E,A,Rock'n'Roll-Main Class Contact Style,First round,3,28,3,-15,-10,-15,-15,-10,-1,0,152,-1,-1,0
1743,E,A,Rock'n'Roll-Main Class Contact Style,First round,3,363,3,-15,-25,-75,-25,-35,-1,0,152,-1,-1,0
1743,E,A,Rock'n'Roll-Main Class Contact Style,First round,4,179,3,-15,-10,-10,-15,-15,-1,0,152,-1,-1,0
1743,E,A,Rock'n'Roll-Main Class Contact Style,First round,4,160,3,-15,-15,-25,-25,-25,-1,0,152,-1,-1,0
1743,E,A,Rock'n'Roll-Main Class Contact Style,First round,5,430,3,-15,-35,-25,-25,-35,-1,0,152,-1,-1,0
1743,E,A,Rock'n'Roll-Main Class Contact Style,First round,5,36,3,-10,-15,-25,-35,-25,-1,0,152,-1,-1,0
1743,E,A,Rock'n'Roll-Main Class Contact Style,First round,6,362,3,-5,-5,-15,-25,-15,-1,0,152,-1,-1,0
1743,E,A,Rock'n'Roll-Main Class Contact Style,First round,6,283,3,-35,-15,-15,-15,-25,-1,0,152,-1,-1,0
1743,H,A,Rock'n'Roll-Main Class Contact Style,First round,1,148,5,-15,-15,-15,-35,-25,-1,0,152,-1,-1,0
1743,H,A,Rock'n'Roll-Main Class Contact Style,First round,1,71,5,-10,-15,-15,-35,-25,-1,0,152,-1,-1,0
1743,H,A,Rock'n'Roll-Main Class Contact Style,First round,2,300,5,-5,-10,-25,-15,-15,-1,0,152,-1,-1,0
1743,H,A,Rock'n'Roll-Main Class Contact Style,First round,2,181,5,-10,-25,-10,-25,-15,-1,0,152,-1,-1,0
1743,H,A,Rock'n'Roll-Main Class Contact Style,First round,3,28,5,-25,-25,-25,-35,-25,-1,0,152,-1,-1,0
1743,H,A,Rock'n'Roll-Main Class Contact Style,First round,3,363,5,-15,-25,-75,-35,-50,-1,0,152,-1,-1,0
1743,H,A,Rock'n'Roll-Main Class Contact Style,First round,4,179,5,-35,-10,-25,-15,-35,-1,0,152,-1,-1,0
1743,H,A,Rock'n'Roll-Main Class Contact Style,First round,4,160,5,-10,-25,-15,-35,-50,-1,0,152,-1,-1,0
1743,H,A,Rock'n'Roll-Main Class Contact Style,First round,5,36,5,-10,-35,-35,-50,-35,-1,0,152,-1,-1,0
1743,H,A,Rock'n'Roll-Main Class Contact Style,First round,5,430,5,-5,-10,-25,-35,-50,-1,0,152,-1,-1,0
1743,H,A,Rock'n'Roll-Main Class Contact Style,First round,6,283,5,-15,-15,-35,-10,-50,-1,0,152,-1,-1,0
1743,H,A,Rock'n'Roll-Main Class Contact Style,First round,6,362,5,-5,0,-15,-25,-10,-1,0,152,-1,-1,0
1747,A,A,Rock'n'Roll-Main Class Start,Final,1,371,1,-25,-10,-15,-25,-50,-35,0,152,-1,-1,0
1747,A,A,Rock'n'Roll-Main Class Start,Final,2,223,1,-35,-10,-10,-25,-35,-35,0,152,-1,-1,0
1747,A,A,Rock'n'Roll-Main Class Start,Final,3,236,1,-15,-15,-15,-10,-15,-35,0,152,-1,-1,0
1747,A,A,Rock'n'Roll-Main Class Start,Final,4,226,1,0,-25,-5,-5,-25,-15,0,152,-1,-1,0
1747,A,A,Rock'n'Roll-Main Class Start,Final,5,60,1,-5,-25,-10,-10,-15,-10,0,152,-1,-1,0
1747,A,A,Rock'n'Roll-Main Class Start,Final,6,142,1,-5,0,-5,-10,-10,-10,0,152,-1,-1,0
1747,E,A,Rock'n'Roll-Main Class Start,Final,1,371,3,-15,-25,-15,-25,-35,-25,0,152,-1,-1,0
1747,E,A,Rock'n'Roll-Main Class Start,Final,2,223,3,-25,-15,-15,-15,-15,-35,0,152,-1,-1,0
1747,E,A,Rock'n'Roll-Main Class Start,Final,3,236,3,-15,-15,-15,-15,-25,-25,0,152,-1,-1,0
1747,E,A,Rock'n'Roll-Main Class Start,Final,4,226,3,-10,-15,-25,-15,-25,-10,0,152,-1,-1,0
1747,E,A,Rock'n'Roll-Main Class Start,Final,5,60,3,-25,-25,-15,-25,-15,-15,0,152,-1,-1,0
1747,E,A,Rock'n'Roll-Main Class Start,Final,6,142,3,-15,-10,-10,-50,-15,-15,0,152,-1,-1,0
1747,G,A,Rock'n'Roll-Main Class Start,Final,1,371,4,-15,-15,-10,-15,-15,-35,0,152,-1,-1,0
1747,G,A,Rock'n'Roll-Main Class Start,Final,2,223,4,-25,-15,-10,-25,-35,-50,0,152,-1,-1,0
1747,G,A,Rock'n'Roll-Main Class Start,Final,3,236,4,-10,-5,-10,0,-15,-25,0,152,-1,-1,0
1747,G,A,Rock'n'Roll-Main Class Start,Final,4,226,4,-5,-15,-10,-5,-15,-10,0,152,-1,-1,0
1747,G,A,Rock'n'Roll-Main Class Start,Final,5,60,4,-15,-15,-10,-10,-15,-35,0,152,-1,-1,0
1747,G,A,Rock'n'Roll-Main Class Start,Final,6,142,4,-5,-10,0,-25,-10,-10,0,152,-1,-1,0
1748,B,A,Rock'n'Roll-Main Class Contact Style,Hope round,1,28,2,-35,-10,-10,-15,-10,-1,0,152,-1,-1,0
1748,B,A,Rock'n'Roll-Main Class Contact Style,Hope round,1,283,2,-15,-25,-15,-10,-15,-1,0,152,-1,-1,0
1748,B,A,Rock'n'Roll-Main Class Contact Style,Hope round,2,363,2,-15,-15,-15,-10,-100,-1,0,152,-1,-1,0
1748,B,A,Rock'n'Roll-Main Class Contact Style,Hope round,2,71,2,-15,-35,-50,-25,-25,-1,0,152,-1,-1,0
1748,B,A,Rock'n'Roll-Main Class Contact Style,Hope round,3,300,2,-10,-25,-15,-35,-25,-1,0,152,-1,-1,0
1748,B,A,Rock'n'Roll-Main Class Contact Style,Hope round,3,160,2,-15,-25,-15,-10,-50,-1,0,152,-1,-1,0
1748,B,A,Rock'n'Roll-Main Class Contact Style,Hope round,4,36,2,-35,-25,-15,-15,-10,-1,0,152,-1,-1,0
1748,B,A,Rock'n'Roll-Main Class Contact Style,Hope round,4,430,2,-10,-5,-10,-5,-35,-1,0,152,-1,-1,0
1748,E,A,Rock'n'Roll-Main Class Contact Style,Hope round,1,283,3,-15,-25,-15,-10,-15,-1,0,152,-1,-1,0
1748,E,A,Rock'n'Roll-Main Class Contact Style,Hope round,1,28,3,-35,-15,-15,-15,-15,-1,0,152,-1,-1,0
1748,E,A,Rock'n'Roll-Main Class Contact Style,Hope round,2,363,3,-15,-10,-15,-15,-75,-1,0,152,-1,-1,0
1748,E,A,Rock'n'Roll-Main Class Contact Style,Hope round,2,71,3,-10,-10,-25,-15,-15,-1,0,152,-1,-1,0
1748,E,A,Rock'n'Roll-Main Class Contact Style,Hope round,3,300,3,-10,-15,-15,-25,-15,-1,0,152,-1,-1,0
1748,E,A,Rock'n'Roll-Main Class Contact Style,Hope round,3,160,3,-10,-10,-15,-10,-15,-1,0,152,-1,-1,0
1748,E,A,Rock'n'Roll-Main Class Contact Style,Hope round,4,36,3,-15,-10,-25,-10,-15,-1,0,152,-1,-1,0
1748,E,A,Rock'n'Roll-Main Class Contact Style,Hope round,4,430,3,-10,-15,-10,-25,-35,-1,0,152,-1,-1,0
1748,H,A,Rock'n'Roll-Main Class Contact Style,Hope round,1,283,5,-15,-25,-25,-10,-35,-1,0,152,-1,-1,0
1748,H,A,Rock'n'Roll-Main Class Contact Style,Hope round,1,28,5,-25,-15,-35,-15,-10,-1,0,152,-1,-1,0
1748,H,A,Rock'n'Roll-Main Class Contact Style,Hope round,2,363,5,-15,-15,-15,-25,-75,-1,0,152,-1,-1,0
1748,H,A,Rock'n'Roll-Main Class Contact Style,Hope round,2,71,5,-10,-15,-25,-25,-15,-1,0,152,-1,-1,0
1748,H,A,Rock'n'Roll-Main Class Contact Style,Hope round,3,300,5,-10,-10,-35,-35,-15,-1,0,152,-1,-1,0
1748,H,A,Rock'n'Roll-Main Class Contact Style,Hope round,3,160,5,-15,-15,-15,-15,-50,-1,0,152,-1,-1,0
1748,H,A,Rock'n'Roll-Main Class Contact Style,Hope round,4,36,5,-25,-25,-35,-35,-35,-1,0,152,-1,-1,0
1748,H,A,Rock'n'Roll-Main Class Contact Style,Hope round,4,430,5,-10,-15,-25,-25,-75,-1,0,152,-1,-1,0
1749,F,A,Boogie-Woogie-Seniors,Final - slow,1,135,3,0,0,0,0,0,0,0,152,0,0,0
1749,F,A,Boogie-Woogie-Seniors,Final - slow,2,42,3,0,0,0,0,0,0,0,152,0,0,0
1749,G,A,Boogie-Woogie-Seniors,Final - slow,1,135,4,0,0,0,0,0,0,0,152,0,0,0
1749,G,A,Boogie-Woogie-Seniors,Final - slow,2,42,4,0,0,0,0,0,0,0,152,0,0,0
1750,C,A,Boogie-Woogie-Main Class,Final - slow,1,369,1,0,0,0,0,0,0,0,152,0,0,0
1750,C,A,Boogie-Woogie-Main Class,Final - slow,2,24,1,0,0,0,0,0,0,0,152,0,0,0
1750,C,A,Boogie-Woogie-Main Class,Final - slow,3,257,1,0,0,0,0,0,0,0,152,0,0,0
1750,D,A,Boogie-Woogie-Main Class,Final - slow,1,369,2,0,0,0,0,0,0,0,152,0,0,0
1750,D,A,Boogie-Woogie-Main Class,Final - slow,2,24,2,0,0,0,0,0,0,0,152,0,0,0
1750,D,A,Boogie-Woogie-Main Class,Final - slow,3,257,2,0,0,0,0,0,0,0,152,0,0,0
1752,B,A,Rock'n'Roll-Main Class Contact Style,Final - Foot technique,1,179,2,0,0,0,0,0,0,0,152,-1,-1,0
1752,B,A,Rock'n'Roll-Main Class Contact Style,Final - Foot technique,2,148,2,0,0,0,0,0,0,0,152,-1,-1,0
1752,B,A,Rock'n'Roll-Main Class Contact Style,Final - Foot technique,3,362,2,0,0,0,0,0,0,0,152,-1,-1,0
1752,B,A,Rock'n'Roll-Main Class Contact Style,Final - Foot technique,4,283,2,0,0,0,0,0,0,0,152,-1,-1,0
1752,B,A,Rock'n'Roll-Main Class Contact Style,Final - Foot technique,5,181,2,0,0,0,0,0,0,0,152,-1,-1,0
1752,B,A,Rock'n'Roll-Main Class Contact Style,Final - Foot technique,6,36,2,0,0,0,0,0,0,0,152,-1,-1,0
1752,E,A,Rock'n'Roll-Main Class Contact Style,Final - Foot technique,1,179,3,0,0,0,0,0,0,0,152,-1,-1,0
1752,E,A,Rock'n'Roll-Main Class Contact Style,Final - Foot technique,2,148,3,0,0,0,0,0,0,0,152,-1,-1,0
1752,E,A,Rock'n'Roll-Main Class Contact Style,Final - Foot technique,3,362,3,0,0,0,0,0,0,0,152,-1,-1,0
1752,E,A,Rock'n'Roll-Main Class Contact Style,Final - Foot technique,4,283,3,0,0,0,0,0,0,0,152,-1,-1,0
1752,E,A,Rock'n'Roll-Main Class Contact Style,Final - Foot technique,5,181,3,0,0,0,0,0,0,0,152,-1,-1,0
1752,E,A,Rock'n'Roll-Main Class Contact Style,Final - Foot technique,6,36,3,0,0,0,0,0,0,0,152,-1,-1,0
1752,H,A,Rock'n'Roll-Main Class Contact Style,Final - Foot technique,1,179,5,0,0,0,0,0,0,0,152,-1,-1,0
1752,H,A,Rock'n'Roll-Main Class Contact Style,Final - Foot technique,2,148,5,0,0,0,0,0,0,0,152,-1,-1,0
1752,H,A,Rock'n'Roll-Main Class Contact Style,Final - Foot technique,3,362,5,0,0,0,0,0,0,0,152,-1,-1,0
1752,H,A,Rock'n'Roll-Main Class Contact Style,Final - Foot technique,4,283,5,0,0,0,0,0,0,0,152,-1,-1,0
1752,H,A,Rock'n'Roll-Main Class Contact Style,Final - Foot technique,5,181,5,0,0,0,0,0,0,0,152,-1,-1,0
1752,H,A,Rock'n'Roll-Main Class Contact Style,Final - Foot technique,6,36,5,0,0,0,0,0,0,0,152,-1,-1,0
1753,A,A,Rock'n'Roll-Main Class Free Style,Final - Foot technique,1,184,1,0,0,0,0,0,0,0,152,-1,-1,0
1753,A,A,Rock'n'Roll-Main Class Free Style,Final - Foot technique,2,41,1,0,0,0,0,0,0,0,152,-1,-1,0
1753,A,A,Rock'n'Roll-Main Class Free Style,Final - Foot technique,3,222,1,0,0,0,0,0,0,0,152,-1,-1,0
1753,A,A,Rock'n'Roll-Main Class Free Style,Final - Foot technique,4,47,1,0,0,0,0,0,0,0,152,-1,-1,0
1753,A,A,Rock'n'Roll-Main Class Free Style,Final - Foot technique,5,63,1,0,0,0,0,0,0,0,152,-1,-1,0
1753,G,A,Rock'n'Roll-Main Class Free Style,Final - Foot technique,1,184,4,0,0,0,0,0,0,0,152,-1,-1,0
1753,G,A,Rock'n'Roll-Main Class Free Style,Final - Foot technique,2,41,4,0,0,0,0,0,0,0,152,-1,-1,0
1753,G,A,Rock'n'Roll-Main Class Free Style,Final - Foot technique,3,222,4,0,0,0,0,0,0,0,152,-1,-1,0
1753,G,A,Rock'n'Roll-Main Class Free Style,Final - Foot technique,4,47,4,0,0,0,0,0,0,0,152,-1,-1,0
1753,G,A,Rock'n'Roll-Main Class Free Style,Final - Foot technique,5,63,4,0,0,0,0,0,0,0,152,-1,-1,0
1753,I,A,Rock'n'Roll-Main Class Free Style,Final - Foot technique,1,184,6,0,0,0,0,0,0,0,152,-1,-1,0
1753,I,A,Rock'n'Roll-Main Class Free Style,Final - Foot technique,2,41,6,0,0,0,0,0,0,0,152,-1,-1,0
1753,I,A,Rock'n'Roll-Main Class Free Style,Final - Foot technique,3,222,6,0,0,0,0,0,0,0,152,-1,-1,0
1753,I,A,Rock'n'Roll-Main Class Free Style,Final - Foot technique,4,47,6,0,0,0,0,0,0,0,152,-1,-1,0
1753,I,A,Rock'n'Roll-Main Class Free Style,Final - Foot technique,5,63,6,0,0,0,0,0,0,0,152,-1,-1,0
1754,C,A,Boogie-Woogie-Juniors,Final,1,386,1,0,0,0,0,0,0,0,152,0,0,0
1754,F,A,Boogie-Woogie-Juniors,Final,1,386,3,0,0,0,0,0,0,0,152,0,0,0
1755,D,A,Boogie-Woogie-Main Class Start,Final,1,272,2,0,0,0,0,0,0,0,152,0,0,0
1755,D,A,Boogie-Woogie-Main Class Start,Final,2,64,2,0,0,0,0,0,0,0,152,0,0,0
1755,G,A,Boogie-Woogie-Main Class Start,Final,1,272,4,0,0,0,0,0,0,0,152,0,0,0
1755,G,A,Boogie-Woogie-Main Class Start,Final,2,64,4,0,0,0,0,0,0,0,152,0,0,0
1756,F,A,Boogie-Woogie-Seniors,Final - fast,1,135,3,0,0,0,0,0,0,0,152,0,0,0
1756,F,A,Boogie-Woogie-Seniors,Final - fast,2,42,3,0,0,0,0,0,0,0,152,0,0,0
1756,G,A,Boogie-Woogie-Seniors,Final - fast,1,135,4,0,0,0,0,0,0,0,152,0,0,0
1756,G,A,Boogie-Woogie-Seniors,Final - fast,2,42,4,0,0,0,0,0,0,0,152,0,0,0
1757,C,A,Boogie-Woogie-Main Class,Final - fast,1,369,1,0,0,0,0,0,0,0,152,0,0,0
1757,C,A,Boogie-Woogie-Main Class,Final - fast,2,257,1,0,0,0,0,0,0,0,152,0,0,0
1757,C,A,Boogie-Woogie-Main Class,Final - fast,3,24,1,0,0,0,0,0,0,0,152,0,0,0
1757,D,A,Boogie-Woogie-Main Class,Final - fast,1,369,2,0,0,0,0,0,0,0,152,0,0,0
1757,D,A,Boogie-Woogie-Main Class,Final - fast,2,257,2,0,0,0,0,0,0,0,152,0,0,0
1757,D,A,Boogie-Woogie-Main Class,Final - fast,3,24,2,0,0,0,0,0,0,0,152,0,0,0
1759,B,A,Rock'n'Roll-Main Class Contact Style,Final - Acrobatic,1,362,2,-10,0,-5,-15,-15,0,0,152,-1,-1,0
1759,B,A,Rock'n'Roll-Main Class Contact Style,Final - Acrobatic,2,283,2,-10,-25,-15,-25,-15,-35,0,152,-1,-1,0
1759,B,A,Rock'n'Roll-Main Class Contact Style,Final - Acrobatic,3,36,2,-10,-25,-5,-5,-15,-15,0,152,-1,-1,0
1759,B,A,Rock'n'Roll-Main Class Contact Style,Final - Acrobatic,4,179,2,-5,-10,-5,-10,-10,-25,0,152,-1,-1,0
1759,B,A,Rock'n'Roll-Main Class Contact Style,Final - Acrobatic,5,181,2,-15,-15,-15,-10,-10,-10,0,152,-1,-1,0
1759,B,A,Rock'n'Roll-Main Class Contact Style,Final - Acrobatic,6,148,2,-5,-10,-10,-5,-10,-15,0,152,-1,-1,0
1759,E,A,Rock'n'Roll-Main Class Contact Style,Final - Acrobatic,1,362,3,-5,-5,-10,-10,-15,-10,0,152,-1,-1,0
1759,E,A,Rock'n'Roll-Main Class Contact Style,Final - Acrobatic,2,283,3,-15,-15,-15,-15,-15,-10,0,152,-1,-1,0
1759,E,A,Rock'n'Roll-Main Class Contact Style,Final - Acrobatic,3,36,3,-10,-10,-15,-10,-15,-25,0,152,-1,-1,0
1759,E,A,Rock'n'Roll-Main Class Contact Style,Final - Acrobatic,4,179,3,-10,-15,-5,-15,-15,-10,0,152,-1,-1,0
1759,E,A,Rock'n'Roll-Main Class Contact Style,Final - Acrobatic,5,181,3,-15,-10,-15,-15,-10,-15,0,152,-1,-1,0
1759,E,A,Rock'n'Roll-Main Class Contact Style,Final - Acrobatic,6,148,3,-5,-10,-25,-10,-10,-15,0,152,-1,-1,0
1759,H,A,Rock'n'Roll-Main Class Contact Style,Final - Acrobatic,1,362,5,-15,-15,-15,-15,-15,-5,0,152,-1,-1,0
1759,H,A,Rock'n'Roll-Main Class Contact Style,Final - Acrobatic,2,283,5,-25,-25,-15,-25,-25,-15,0,152,-1,-1,0
1759,H,A,Rock'n'Roll-Main Class Contact Style,Final - Acrobatic,3,36,5,-35,-25,-25,-10,-15,-25,0,152,-1,-1,0
1759,H,A,Rock'n'Roll-Main Class Contact Style,Final - Acrobatic,4,179,5,0,-15,0,-15,-15,-35,0,152,-1,-1,0
1759,H,A,Rock'n'Roll-Main Class Contact Style,Final - Acrobatic,5,181,5,-10,-15,-35,-35,-25,-25,0,152,-1,-1,0
1759,H,A,Rock'n'Roll-Main Class Contact Style,Final - Acrobatic,6,148,5,-5,-25,-25,-10,-25,-15,0,152,-1,-1,0
1760,A,A,Rock'n'Roll-Main Class Free Style,Final - Acrobatic,1,222,1,-15,-10,-25,-25,-15,-75,0,152,-1,-1,0
1760,A,A,Rock'n'Roll-Main Class Free Style,Final - Acrobatic,2,41,1,-50,-10,-25,-35,-10,-5,0,152,-1,-1,0
1760,A,A,Rock'n'Roll-Main Class Free Style,Final - Acrobatic,3,63,1,-5,-10,-15,-10,-15,-100,0,152,-1,-1,0
1760,A,A,Rock'n'Roll-Main Class Free Style,Final - Acrobatic,4,184,1,-5,-10,-10,-15,-10,0,0,152,-1,-1,0
1760,A,A,Rock'n'Roll-Main Class Free Style,Final - Acrobatic,5,47,1,0,-10,-5,-10,-10,0,0,152,-1,-1,0
1760,G,A,Rock'n'Roll-Main Class Free Style,Final - Acrobatic,1,222,4,-15,-10,-35,-15,-15,-75,0,152,-1,-1,0
1760,G,A,Rock'n'Roll-Main Class Free Style,Final - Acrobatic,2,41,4,-50,-10,-10,-10,-5,-10,0,152,-1,-1,0
1760,G,A,Rock'n'Roll-Main Class Free Style,Final - Acrobatic,3,63,4,-5,-10,-25,-10,-10,-100,0,152,-1,-1,0
1760,G,A,Rock'n'Roll-Main Class Free Style,Final - Acrobatic,4,184,4,-5,-10,-10,-10,-15,-5,0,152,-1,-1,0
1760,G,A,Rock'n'Roll-Main Class Free Style,Final - Acrobatic,5,47,4,-5,-15,-5,-5,-10,-10,0,152,-1,-1,0
1760,I,A,Rock'n'Roll-Main Class Free Style,Final - Acrobatic,1,222,6,-10,-10,-25,-25,-10,-50,0,152,-1,-1,0
1760,I,A,Rock'n'Roll-Main Class Free Style,Final - Acrobatic,2,41,6,-50,-10,-15,-25,-15,-10,0,152,-1,-1,0
1760,I,A,Rock'n'Roll-Main Class Free Style,Final - Acrobatic,3,63,6,-5,-10,-25,-10,-15,-100,0,152,-1,-1,0
1760,I,A,Rock'n'Roll-Main Class Free Style,Final - Acrobatic,4,184,6,-5,-15,-10,-10,-10,-5,0,152,-1,-1,0
1760,I,A,Rock'n'Roll-Main Class Free Style,Final - Acrobatic,5,47,6,-5,-5,-5,-5,-15,0,0,152,-1,-1,0
1764,A,A,Rock'n'Roll-Main Class Start,First round,1,176,1,-15,-10,-25,-15,-25,-1,0,153,-1,-1,0
1764,A,A,Rock'n'Roll-Main Class Start,First round,1,226,1,-10,-10,-10,-15,-15,-1,0,153,-1,-1,0
1764,A,A,Rock'n'Roll-Main Class Start,First round,2,236,1,-10,-25,-15,-15,-25,-1,0,153,-1,-1,0
1764,A,A,Rock'n'Roll-Main Class Start,First round,2,223,1,-15,-25,-15,-10,-50,-1,0,153,-1,-1,0
1764,A,A,Rock'n'Roll-Main Class Start,First round,3,60,1,-25,-5,-10,-15,-15,-1,0,153,-1,-1,0
1764,A,A,Rock'n'Roll-Main Class Start,First round,3,332,1,-10,-10,-15,-10,-15,-1,0,153,-1,-1,0
1764,A,A,Rock'n'Roll-Main Class Start,First round,4,142,1,-50,-15,-15,-15,-15,-1,0,153,-1,-1,0
1764,A,A,Rock'n'Roll-Main Class Start,First round,4,118,1,-75,-25,-15,-15,-15,-1,0,153,-1,-1,0
1764,G,A,Rock'n'Roll-Main Class Start,First round,1,176,3,-15,-25,-25,-35,-50,-1,0,153,-1,-1,0
1764,G,A,Rock'n'Roll-Main Class Start,First round,1,226,3,-5,-25,-25,-25,-25,-1,0,153,-1,-1,0
1764,G,A,Rock'n'Roll-Main Class Start,First round,2,236,3,-10,-15,-25,-35,-35,-1,0,153,-1,-1,0
1764,G,A,Rock'n'Roll-Main Class Start,First round,2,223,3,-15,-25,-35,-15,-50,-1,0,153,-1,-1,0
1764,G,A,Rock'n'Roll-Main Class Start,First round,3,60,3,-15,-15,-15,-10,-25,-1,0,153,-1,-1,0
1764,G,A,Rock'n'Roll-Main Class Start,First round,3,332,3,0,-25,-15,-15,-35,-1,0,153,-1,-1,0
1764,G,A,Rock'n'Roll-Main Class Start,First round,4,142,3,-15,-15,-15,-15,-35,-1,0,153,-1,-1,0
1764,G,A,Rock'n'Roll-Main Class Start,First round,4,118,3,-75,-25,-15,-15,-25,-1,0,153,-1,-1,0
1764,I,A,Rock'n'Roll-Main Class Start,First round,1,176,5,-25,-25,-35,-15,-25,-1,0,153,-1,-1,0
1764,I,A,Rock'n'Roll-Main Class Start,First round,1,226,5,-5,-15,-25,-15,-25,-1,0,153,-1,-1,0
1764,I,A,Rock'n'Roll-Main Class Start,First round,2,236,5,0,-10,-15,-25,-25,-1,0,153,-1,-1,0
1764,I,A,Rock'n'Roll-Main Class Start,First round,2,223,5,-15,-15,-15,-25,-50,-1,0,153,-1,-1,0
1764,I,A,Rock'n'Roll-Main Class Start,First round,3,60,5,-35,-5,-15,-10,-15,-1,0,153,-1,-1,0
1764,I,A,Rock'n'Roll-Main Class Start,First round,3,332,5,-5,-10,-25,-25,-50,-1,0,153,-1,-1,0
1764,I,A,Rock'n'Roll-Main Class Start,First round,4,142,5,0,-15,-15,-15,-15,-1,0,153,-1,-1,0
1764,I,A,Rock'n'Roll-Main Class Start,First round,4,118,5,-100,-50,-35,-35,-25,-1,0,153,-1,-1,0
1765,F,A,Rock'n'Roll-Main Class Contact Style,First round,1,160,2,-75,-35,-25,-15,-35,-1,0,153,-1,-1,0
1765,F,A,Rock'n'Roll-Main Class Contact Style,First round,1,148,2,-15,-10,-10,-25,-25,-1,0,153,-1,-1,0
1765,F,A,Rock'n'Roll-Main Class Contact Style,First round,2,430,2,-5,-10,-15,-35,-10,-1,0,153,-1,-1,0
1765,F,A,Rock'n'Roll-Main Class Contact Style,First round,2,181,2,-10,-10,-10,-10,-10,-1,0,153,-1,-1,0
1765,F,A,Rock'n'Roll-Main Class Contact Style,First round,3,179,2,-5,-10,-15,-5,-50,-1,0,153,-1,-1,0
1765,F,A,Rock'n'Roll-Main Class Contact Style,First round,3,283,2,-25,-75,-25,-5,-25,-1,0,153,-1,-1,0
1765,F,A,Rock'n'Roll-Main Class Contact Style,First round,4,300,2,-5,-25,-50,-5,-25,-1,0,153,-1,-1,0
1765,F,A,Rock'n'Roll-Main Class Contact Style,First round,4,362,2,0,-5,-5,-15,-5,-1,0,153,-1,-1,0
1765,F,A,Rock'n'Roll-Main Class Contact Style,First round,5,52,2,-50,-15,-15,-35,-50,-1,0,153,-1,-1,0
1765,F,A,Rock'n'Roll-Main Class Contact Style,First round,5,36,2,-15,-25,-10,-15,-10,-1,0,153,-1,-1,0
1765,F,A,Rock'n'Roll-Main Class Contact Style,First round,6,471,2,-10,-50,-35,-10,-25,-1,0,153,-1,-1,0
1765,F,A,Rock'n'Roll-Main Class Contact Style,First round,6,54,2,-35,-35,-50,-35,-75,-1,0,153,-1,-1,0
1765,F,A,Rock'n'Roll-Main Class Contact Style,First round,7,363,2,-10,-15,-5,-35,-25,-1,0,153,-1,-1,0
1765,F,A,Rock'n'Roll-Main Class Contact Style,First round,7,71,2,-25,-15,-15,-15,-5,-1,0,153,-1,-1,0
1765,G,A,Rock'n'Roll-Main Class Contact Style,First round,1,160,3,-25,-15,-25,-15,-35,-1,0,153,-1,-1,0
1765,G,A,Rock'n'Roll-Main Class Contact Style,First round,1,148,3,-10,-15,-15,-25,-25,-1,0,153,-1,-1,0
1765,G,A,Rock'n'Roll-Main Class Contact Style,First round,2,430,3,-10,-15,-15,-35,-50,-1,0,153,-1,-1,0
1765,G,A,Rock'n'Roll-Main Class Contact Style,First round,2,181,3,-15,-25,-25,-15,-50,-1,0,153,-1,-1,0
1765,G,A,Rock'n'Roll-Main Class Contact Style,First round,3,179,3,-10,-10,-15,-25,-50,-1,0,153,-1,-1,0
1765,G,A,Rock'n'Roll-Main Class Contact Style,First round,3,283,3,-25,-35,-15,-25,-25,-1,0,153,-1,-1,0
1765,G,A,Rock'n'Roll-Main Class Contact Style,First round,4,300,3,0,-25,-50,-15,-25,-1,0,153,-1,-1,0
1765,G,A,Rock'n'Roll-Main Class Contact Style,First round,4,362,3,0,-10,-25,-15,-35,-1,0,153,-1,-1,0
1765,G,A,Rock'n'Roll-Main Class Contact Style,First round,5,52,3,-25,-35,-25,-25,-75,-1,0,153,-1,-1,0
1765,G,A,Rock'n'Roll-Main Class Contact Style,First round,5,36,3,-25,-35,-25,-15,-25,-1,0,153,-1,-1,0
1765,G,A,Rock'n'Roll-Main Class Contact Style,First round,6,471,3,-10,-15,-15,-15,-35,-1,0,153,-1,-1,0
1765,G,A,Rock'n'Roll-Main Class Contact Style,First round,6,54,3,-10,-15,-25,-35,-50,-1,0,153,-1,-1,0
1765,G,A,Rock'n'Roll-Main Class Contact Style,First round,7,363,3,-10,-10,-15,-10,-25,-1,0,153,-1,-1,0
1765,G,A,Rock'n'Roll-Main Class Contact Style,First round,7,71,3,-15,-15,-25,-15,-25,-1,0,153,-1,-1,0
1765,I,A,Rock'n'Roll-Main Class Contact Style,First round,1,160,5,-35,-15,-15,-5,-25,-1,0,153,-1,-1,0
1765,I,A,Rock'n'Roll-Main Class Contact Style,First round,1,148,5,-5,-5,-10,-5,-15,-1,0,153,-1,-1,0
1765,I,A,Rock'n'Roll-Main Class Contact Style,First round,2,430,5,-5,-15,-25,-35,-10,-1,0,153,-1,-1,0
1765,I,A,Rock'n'Roll-Main Class Contact Style,First round,2,181,5,-15,-15,-10,-10,-10,-1,0,153,-1,-1,0
1765,I,A,Rock'n'Roll-Main Class Contact Style,First round,3,179,5,0,-10,-15,-5,-35,-1,0,153,-1,-1,0
1765,I,A,Rock'n'Roll-Main Class Contact Style,First round,3,283,5,-35,-100,-25,-10,-25,-1,0,153,-1,-1,0
1765,I,A,Rock'n'Roll-Main Class Contact Style,First round,4,300,5,0,-15,-35,-15,-50,-1,0,153,-1,-1,0
1765,I,A,Rock'n'Roll-Main Class Contact Style,First round,4,362,5,0,-5,-5,-25,-10,-1,0,153,-1,-1,0
1765,I,A,Rock'n'Roll-Main Class Contact Style,First round,5,52,5,-25,-35,-25,-25,-50,-1,0,153,-1,-1,0
1765,I,A,Rock'n'Roll-Main Class Contact Style,First round,5,36,5,-15,-35,-5,-15,-10,-1,0,153,-1,-1,0
1765,I,A,Rock'n'Roll-Main Class Contact Style,First round,6,471,5,-15,-15,-15,-15,-10,-1,0,153,-1,-1,0
1765,I,A,Rock'n'Roll-Main Class Contact Style,First round,6,54,5,-25,-25,-25,-25,-50,-1,0,153,-1,-1,0
1765,I,A,Rock'n'Roll-Main Class Contact Style,First round,7,363,5,-5,-5,0,-25,-10,-1,0,153,-1,-1,0
1765,I,A,Rock'n'Roll-Main Class Contact Style,First round,7,71,5,-15,-15,-25,-35,-25,-1,0,153,-1,-1,0
1767,B,A,Boogie-Woogie-Juniors,Final,1,386,1,0,0,0,0,0,0,0,153,0,0,0
1767,B,A,Boogie-Woogie-Juniors,Final,2,193,1,0,0,0,0,0,0,0,153,0,0,0
1767,D,A,Boogie-Woogie-Juniors,Final,1,386,3,0,0,0,0,0,0,0,153,0,0,0
1767,D,A,Boogie-Woogie-Juniors,Final,2,193,3,0,0,0,0,0,0,0,153,0,0,0
1768,B,A,Boogie-Woogie-Seniors,Final - slow,1,135,1,0,0,0,0,0,0,0,153,0,0,0
1768,C,A,Boogie-Woogie-Seniors,Final - slow,1,135,2,0,0,0,0,0,0,0,153,0,0,0
1769,C,A,Boogie-Woogie-Main Class Start,Final,1,64,2,0,0,0,0,0,0,0,153,0,0,0
1769,C,A,Boogie-Woogie-Main Class Start,Final,2,272,2,0,0,0,0,0,0,0,153,0,0,0
1769,E,A,Boogie-Woogie-Main Class Start,Final,1,64,4,0,0,0,0,0,0,0,153,0,0,0
1769,E,A,Boogie-Woogie-Main Class Start,Final,2,272,4,0,0,0,0,0,0,0,153,0,0,0
1770,D,A,Boogie-Woogie-Main Class,Final - slow,1,369,3,0,0,0,0,0,0,0,153,0,0,0
1770,D,A,Boogie-Woogie-Main Class,Final - slow,2,250,3,0,0,0,0,0,0,0,153,0,0,0
1770,D,A,Boogie-Woogie-Main Class,Final - slow,3,24,3,0,0,0,0,0,0,0,153,0,0,0
1770,E,A,Boogie-Woogie-Main Class,Final - slow,1,369,4,0,0,0,0,0,0,0,153,0,0,0
1770,E,A,Boogie-Woogie-Main Class,Final - slow,2,250,4,0,0,0,0,0,0,0,153,0,0,0
1770,E,A,Boogie-Woogie-Main Class,Final - slow,3,24,4,0,0,0,0,0,0,0,153,0,0,0
1771,F,A,Rock'n'Roll-Main Class Contact Style,Hope round,1,54,2,-50,-25,-35,-25,-25,-1,0,153,-1,-1,0
1771,F,A,Rock'n'Roll-Main Class Contact Style,Hope round,1,471,2,-5,-10,-15,-10,-15,-1,0,153,-1,-1,0
1771,F,A,Rock'n'Roll-Main Class Contact Style,Hope round,2,283,2,-99,-99,-99,-99,-99,-99,0,153,-1,-1,0
1771,F,A,Rock'n'Roll-Main Class Contact Style,Hope round,2,71,2,-15,-10,-15,-35,-25,-1,0,153,-1,-1,0
1771,F,A,Rock'n'Roll-Main Class Contact Style,Hope round,3,52,2,-25,-15,-35,-75,-75,-1,0,153,-1,-1,0
1771,F,A,Rock'n'Roll-Main Class Contact Style,Hope round,3,300,2,-5,-10,-15,-5,-35,-1,0,153,-1,-1,0
1771,G,A,Rock'n'Roll-Main Class Contact Style,Hope round,1,54,3,-25,-15,-25,-25,-35,-1,0,153,-1,-1,0
1771,G,A,Rock'n'Roll-Main Class Contact Style,Hope round,1,471,3,-10,-15,-15,-25,-25,-1,0,153,-1,-1,0
1771,G,A,Rock'n'Roll-Main Class Contact Style,Hope round,2,283,3,-99,-99,-99,-99,-99,-99,0,153,-1,-1,0
1771,G,A,Rock'n'Roll-Main Class Contact Style,Hope round,2,71,3,-10,-15,-25,-25,-50,-1,0,153,-1,-1,0
1771,G,A,Rock'n'Roll-Main Class Contact Style,Hope round,3,52,3,0,-25,-15,-25,-75,-1,0,153,-1,-1,0
1771,G,A,Rock'n'Roll-Main Class Contact Style,Hope round,3,300,3,-15,-15,-15,-15,-25,-1,0,153,-1,-1,0
1771,I,A,Rock'n'Roll-Main Class Contact Style,Hope round,1,54,5,-35,-25,-35,-35,-35,-1,0,153,-1,-1,0
1771,I,A,Rock'n'Roll-Main Class Contact Style,Hope round,1,471,5,-10,-5,-15,-15,-10,-1,0,153,-1,-1,0
1771,I,A,Rock'n'Roll-Main Class Contact Style,Hope round,2,283,5,-99,-99,-99,-99,-99,-99,0,153,-1,-1,0
1771,I,A,Rock'n'Roll-Main Class Contact Style,Hope round,2,71,5,-15,-10,-15,-35,-50,-1,0,153,-1,-1,0
1771,I,A,Rock'n'Roll-Main Class Contact Style,Hope round,3,52,5,-35,-25,-25,-35,-75,-1,0,153,-1,-1,0
1771,I,A,Rock'n'Roll-Main Class Contact Style,Hope round,3,300,5,-15,-15,-15,-10,-25,-1,0,153,-1,-1,0
1775,B,A,Boogie-Woogie-Seniors,Final - fast,1,135,1,0,0,0,0,0,0,0,153,0,0,0
1775,C,A,Boogie-Woogie-Seniors,Final - fast,1,135,2,0,0,0,0,0,0,0,153,0,0,0
1776,D,A,Boogie-Woogie-Main Class,Final - fast,1,24,3,0,0,0,0,0,0,0,153,0,0,0
1776,D,A,Boogie-Woogie-Main Class,Final - fast,2,369,3,0,0,0,0,0,0,0,153,0,0,0
1776,D,A,Boogie-Woogie-Main Class,Final - fast,3,250,3,0,0,0,0,0,0,0,153,0,0,0
1776,E,A,Boogie-Woogie-Main Class,Final - fast,1,24,4,0,0,0,0,0,0,0,153,0,0,0
1776,E,A,Boogie-Woogie-Main Class,Final - fast,2,369,4,0,0,0,0,0,0,0,153,0,0,0
1776,E,A,Boogie-Woogie-Main Class,Final - fast,3,250,4,0,0,0,0,0,0,0,153,0,0,0
1778,F,A,Rock'n'Roll-Main Class Contact Style,Semi Final,1,52,2,-25,-35,-25,-25,-50,-100,0,153,-1,-1,0
1778,F,A,Rock'n'Roll-Main Class Contact Style,Semi Final,1,71,2,-10,-10,-25,-15,-10,-10,0,153,-1,-1,0
1778,F,A,Rock'n'Roll-Main Class Contact Style,Semi Final,2,363,2,-10,-15,-25,-15,-25,-75,0,153,-1,-1,0
1778,F,A,Rock'n'Roll-Main Class Contact Style,Semi Final,2,160,2,-10,-10,-15,-5,-25,-35,0,153,-1,-1,0
1778,F,A,Rock'n'Roll-Main Class Contact Style,Semi Final,3,148,2,-5,-15,-25,-25,-5,-10,0,153,-1,-1,0
1778,F,A,Rock'n'Roll-Main Class Contact Style,Semi Final,3,181,2,-25,-25,-15,-25,-5,-25,0,153,-1,-1,0
1778,F,A,Rock'n'Roll-Main Class Contact Style,Semi Final,4,300,2,-5,-50,-10,-15,-10,-5,0,153,-1,-1,0
1778,F,A,Rock'n'Roll-Main Class Contact Style,Semi Final,4,36,2,-25,-10,-10,-10,-15,-35,0,153,-1,-1,0
1778,F,A,Rock'n'Roll-Main Class Contact Style,Semi Final,5,471,2,-5,-35,-10,-5,-15,-10,0,153,-1,-1,0
1778,F,A,Rock'n'Roll-Main Class Contact Style,Semi Final,5,362,2,-5,0,-5,0,-10,-5,0,153,-1,-1,0
1778,F,A,Rock'n'Roll-Main Class Contact Style,Semi Final,6,430,2,-5,-5,-10,-15,-25,-25,0,153,-1,-1,0
1778,F,A,Rock'n'Roll-Main Class Contact Style,Semi Final,6,179,2,-15,-10,-10,-25,-5,-25,0,153,-1,-1,0
1778,G,A,Rock'n'Roll-Main Class Contact Style,Semi Final,1,52,3,-25,-25,-35,-25,-35,-100,0,153,-1,-1,0
1778,G,A,Rock'n'Roll-Main Class Contact Style,Semi Final,1,71,3,-15,-15,-25,-25,-15,-35,0,153,-1,-1,0
1778,G,A,Rock'n'Roll-Main Class Contact Style,Semi Final,2,363,3,-15,-15,-15,-15,-5,-50,0,153,-1,-1,0
1778,G,A,Rock'n'Roll-Main Class Contact Style,Semi Final,2,160,3,-15,-15,-10,0,-25,-35,0,153,-1,-1,0
1778,G,A,Rock'n'Roll-Main Class Contact Style,Semi Final,3,148,3,-10,-15,-15,-10,-25,-10,0,153,-1,-1,0
1778,G,A,Rock'n'Roll-Main Class Contact Style,Semi Final,3,181,3,-15,-25,-15,-15,-15,-50,0,153,-1,-1,0
1778,G,A,Rock'n'Roll-Main Class Contact Style,Semi Final,4,300,3,-10,-25,-15,-25,-15,-25,0,153,-1,-1,0
1778,G,A,Rock'n'Roll-Main Class Contact Style,Semi Final,4,36,3,-25,-25,-35,-15,-15,-50,0,153,-1,-1,0
1778,G,A,Rock'n'Roll-Main Class Contact Style,Semi Final,5,471,3,-15,-25,-35,-15,-25,-25,0,153,-1,-1,0
1778,G,A,Rock'n'Roll-Main Class Contact Style,Semi Final,5,362,3,-5,-5,-15,-15,-10,-15,0,153,-1,-1,0
1778,G,A,Rock'n'Roll-Main Class Contact Style,Semi Final,6,430,3,-10,-15,-15,-15,-10,-75,0,153,-1,-1,0
1778,G,A,Rock'n'Roll-Main Class Contact Style,Semi Final,6,179,3,-15,-15,-5,-10,-10,-50,0,153,-1,-1,0
1778,I,A,Rock'n'Roll-Main Class Contact Style,Semi Final,1,52,5,-15,-25,-25,-25,-25,-100,0,153,-1,-1,0
1778,I,A,Rock'n'Roll-Main Class Contact Style,Semi Final,1,71,5,-15,-10,-15,-15,-15,-25,0,153,-1,-1,0
1778,I,A,Rock'n'Roll-Main Class Contact Style,Semi Final,2,363,5,-5,-5,-25,-5,-25,-75,0,153,-1,-1,0
1778,I,A,Rock'n'Roll-Main Class Contact Style,Semi Final,2,160,5,-10,-5,-25,-5,-35,-25,0,153,-1,-1,0
1778,I,A,Rock'n'Roll-Main Class Contact Style,Semi Final,3,148,5,-5,-5,-10,-10,-5,-15,0,153,-1,-1,0
1778,I,A,Rock'n'Roll-Main Class Contact Style,Semi Final,3,181,5,-15,-15,-15,-10,-5,-15,0,153,-1,-1,0
1778,I,A,Rock'n'Roll-Main Class Contact Style,Semi Final,4,300,5,-5,-35,-15,-25,-15,-15,0,153,-1,-1,0
1778,I,A,Rock'n'Roll-Main Class Contact Style,Semi Final,4,36,5,-15,-10,-25,-15,-15,-25,0,153,-1,-1,0
1778,I,A,Rock'n'Roll-Main Class Contact Style,Semi Final,5,471,5,-25,-25,-25,-15,-25,-15,0,153,-1,-1,0
1778,I,A,Rock'n'Roll-Main Class Contact Style,Semi Final,5,362,5,-5,0,-5,-10,-15,0,0,153,-1,-1,0
1778,I,A,Rock'n'Roll-Main Class Contact Style,Semi Final,6,430,5,-10,-5,-10,-15,-25,-25,0,153,-1,-1,0
1778,I,A,Rock'n'Roll-Main Class Contact Style,Semi Final,6,179,5,-5,0,-5,-10,-10,-15,0,153,-1,-1,0
1783,F,A,Rock'n'Roll-Main Class Contact Style,Final - Foot technique,1,181,2,0,0,0,0,0,0,0,153,-1,-1,0
1783,F,A,Rock'n'Roll-Main Class Contact Style,Final - Foot technique,2,430,2,0,0,0,0,0,0,0,153,-1,-1,0
1783,F,A,Rock'n'Roll-Main Class Contact Style,Final - Foot technique,3,148,2,0,0,0,0,0,0,0,153,-1,-1,0
1783,F,A,Rock'n'Roll-Main Class Contact Style,Final - Foot technique,4,179,2,0,0,0,0,0,0,0,153,-1,-1,0
1783,F,A,Rock'n'Roll-Main Class Contact Style,Final - Foot technique,5,362,2,0,0,0,0,0,0,0,153,-1,-1,0
1783,F,A,Rock'n'Roll-Main Class Contact Style,Final - Foot technique,6,300,2,0,0,0,0,0,0,0,153,-1,-1,0
1783,G,A,Rock'n'Roll-Main Class Contact Style,Final - Foot technique,1,181,3,0,0,0,0,0,0,0,153,-1,-1,0
1783,G,A,Rock'n'Roll-Main Class Contact Style,Final - Foot technique,2,430,3,0,0,0,0,0,0,0,153,-1,-1,0
1783,G,A,Rock'n'Roll-Main Class Contact Style,Final - Foot technique,3,148,3,0,0,0,0,0,0,0,153,-1,-1,0
1783,G,A,Rock'n'Roll-Main Class Contact Style,Final - Foot technique,4,179,3,0,0,0,0,0,0,0,153,-1,-1,0
1783,G,A,Rock'n'Roll-Main Class Contact Style,Final - Foot technique,5,362,3,0,0,0,0,0,0,0,153,-1,-1,0
1783,G,A,Rock'n'Roll-Main Class Contact Style,Final - Foot technique,6,300,3,0,0,0,0,0,0,0,153,-1,-1,0
1783,I,A,Rock'n'Roll-Main Class Contact Style,Final - Foot technique,1,181,5,0,0,0,0,0,0,0,153,-1,-1,0
1783,I,A,Rock'n'Roll-Main Class Contact Style,Final - Foot technique,2,430,5,0,0,0,0,0,0,0,153,-1,-1,0
1783,I,A,Rock'n'Roll-Main Class Contact Style,Final - Foot technique,3,148,5,0,0,0,0,0,0,0,153,-1,-1,0
1783,I,A,Rock'n'Roll-Main Class Contact Style,Final - Foot technique,4,179,5,0,0,0,0,0,0,0,153,-1,-1,0
1783,I,A,Rock'n'Roll-Main Class Contact Style,Final - Foot technique,5,362,5,0,0,0,0,0,0,0,153,-1,-1,0
1783,I,A,Rock'n'Roll-Main Class Contact Style,Final - Foot technique,6,300,5,0,0,0,0,0,0,0,153,-1,-1,0
1784,A,A,Rock'n'Roll-Main Class Free Style,Final - Foot technique,1,41,1,0,0,0,0,0,0,0,153,-1,-1,0
1784,A,A,Rock'n'Roll-Main Class Free Style,Final - Foot technique,2,184,1,0,0,0,0,0,0,0,153,-1,-1,0
1784,A,A,Rock'n'Roll-Main Class Free Style,Final - Foot technique,3,47,1,0,0,0,0,0,0,0,153,-1,-1,0
1784,A,A,Rock'n'Roll-Main Class Free Style,Final - Foot technique,4,222,1,0,0,0,0,0,0,0,153,-1,-1,0
1784,F,A,Rock'n'Roll-Main Class Free Style,Final - Foot technique,1,41,2,0,0,0,0,0,0,0,153,-1,-1,0
1784,F,A,Rock'n'Roll-Main Class Free Style,Final - Foot technique,2,184,2,0,0,0,0,0,0,0,153,-1,-1,0
1784,F,A,Rock'n'Roll-Main Class Free Style,Final - Foot technique,3,47,2,0,0,0,0,0,0,0,153,-1,-1,0
1784,F,A,Rock'n'Roll-Main Class Free Style,Final - Foot technique,4,222,2,0,0,0,0,0,0,0,153,-1,-1,0
1784,H,A,Rock'n'Roll-Main Class Free Style,Final - Foot technique,1,41,4,0,0,0,0,0,0,0,153,-1,-1,0
1784,H,A,Rock'n'Roll-Main Class Free Style,Final - Foot technique,2,184,4,0,0,0,0,0,0,0,153,-1,-1,0
1784,H,A,Rock'n'Roll-Main Class Free Style,Final - Foot technique,3,47,4,0,0,0,0,0,0,0,153,-1,-1,0
1784,H,A,Rock'n'Roll-Main Class Free Style,Final - Foot technique,4,222,4,0,0,0,0,0,0,0,153,-1,-1,0
1787,A,A,Rock'n'Roll-Main Class Start,Final,1,236,1,-10,-15,-10,-25,-25,-25,0,153,-1,-1,0
1787,A,A,Rock'n'Roll-Main Class Start,Final,2,142,1,-5,-5,-5,-15,-15,-15,0,153,-1,-1,0
1787,A,A,Rock'n'Roll-Main Class Start,Final,3,176,1,-35,-15,-100,-15,-35,-25,0,153,-1,-1,0
1787,A,A,Rock'n'Roll-Main Class Start,Final,4,223,1,-35,-15,-25,-35,-15,-50,0,153,-1,-1,0
1787,A,A,Rock'n'Roll-Main Class Start,Final,5,60,1,0,-15,-10,-15,-25,-15,0,153,-1,-1,0
1787,A,A,Rock'n'Roll-Main Class Start,Final,6,226,1,-5,-15,-10,-5,-10,-15,0,153,-1,-1,0
1787,G,A,Rock'n'Roll-Main Class Start,Final,1,236,3,-10,-15,-10,-25,-25,-25,0,153,-1,-1,0
1787,G,A,Rock'n'Roll-Main Class Start,Final,2,142,3,-15,-15,-25,-35,-15,-25,0,153,-1,-1,0
1787,G,A,Rock'n'Roll-Main Class Start,Final,3,176,3,-15,-15,-100,-15,-35,-25,0,153,-1,-1,0
1787,G,A,Rock'n'Roll-Main Class Start,Final,4,223,3,-10,-15,-15,-15,-35,-50,0,153,-1,-1,0
1787,G,A,Rock'n'Roll-Main Class Start,Final,5,60,3,-10,-25,-15,-25,-25,-15,0,153,-1,-1,0
1787,G,A,Rock'n'Roll-Main Class Start,Final,6,226,3,0,-25,-25,-15,-15,-25,0,153,-1,-1,0
1787,I,A,Rock'n'Roll-Main Class Start,Final,1,236,5,-5,-10,-5,-25,-25,-35,0,153,-1,-1,0
1787,I,A,Rock'n'Roll-Main Class Start,Final,2,142,5,-5,-10,-5,-10,-15,-10,0,153,-1,-1,0
1787,I,A,Rock'n'Roll-Main Class Start,Final,3,176,5,-25,-15,-100,-15,-25,-25,0,153,-1,-1,0
1787,I,A,Rock'n'Roll-Main Class Start,Final,4,223,5,-15,-10,-5,-15,-15,-35,0,153,-1,-1,0
1787,I,A,Rock'n'Roll-Main Class Start,Final,5,60,5,0,-25,-5,-25,-5,-5,0,153,-1,-1,0
1787,I,A,Rock'n'Roll-Main Class Start,Final,6,226,5,-5,-10,-15,-10,-10,-10,0,153,-1,-1,0
1788,F,A,Rock'n'Roll-Main Class Contact Style,Final - Acrobatic,1,148,2,-5,-10,-15,0,-5,-10,0,153,-1,-1,0
1788,F,A,Rock'n'Roll-Main Class Contact Style,Final - Acrobatic,2,430,2,-15,-10,-15,-25,-25,-10,0,153,-1,-1,0
1788,F,A,Rock'n'Roll-Main Class Contact Style,Final - Acrobatic,3,179,2,-25,-5,-15,-10,-5,-10,0,153,-1,-1,0
1788,F,A,Rock'n'Roll-Main Class Contact Style,Final - Acrobatic,4,300,2,-10,-75,-10,-15,-5,-15,0,153,-1,-1,0
1788,F,A,Rock'n'Roll-Main Class Contact Style,Final - Acrobatic,5,181,2,-15,-25,-5,-5,-5,-10,0,153,-1,-1,0
1788,F,A,Rock'n'Roll-Main Class Contact Style,Final - Acrobatic,6,362,2,-5,-10,-5,-5,-10,0,0,153,-1,-1,0
1788,G,A,Rock'n'Roll-Main Class Contact Style,Final - Acrobatic,1,148,3,0,-5,-10,-10,-15,-10,0,153,-1,-1,0
1788,G,A,Rock'n'Roll-Main Class Contact Style,Final - Acrobatic,2,430,3,-15,-15,-15,-15,-25,-15,0,153,-1,-1,0
1788,G,A,Rock'n'Roll-Main Class Contact Style,Final - Acrobatic,3,179,3,-10,0,-10,-10,-15,-35,0,153,-1,-1,0
1788,G,A,Rock'n'Roll-Main Class Contact Style,Final - Acrobatic,4,300,3,0,-100,-15,-15,-15,-35,0,153,-1,-1,0
1788,G,A,Rock'n'Roll-Main Class Contact Style,Final - Acrobatic,5,181,3,-15,-25,-25,-25,-15,-25,0,153,-1,-1,0
1788,G,A,Rock'n'Roll-Main Class Contact Style,Final - Acrobatic,6,362,3,0,-15,-10,-15,0,-15,0,153,-1,-1,0
1788,I,A,Rock'n'Roll-Main Class Contact Style,Final - Acrobatic,1,148,5,-5,-5,-10,-5,-10,-10,0,153,-1,-1,0
1788,I,A,Rock'n'Roll-Main Class Contact Style,Final - Acrobatic,2,430,5,-15,-10,-15,-25,-15,-15,0,153,-1,-1,0
1788,I,A,Rock'n'Roll-Main Class Contact Style,Final - Acrobatic,3,179,5,-5,-15,-5,-5,-15,-10,0,153,-1,-1,0
1788,I,A,Rock'n'Roll-Main Class Contact Style,Final - Acrobatic,4,300,5,-25,-75,-25,-15,-15,-35,0,153,-1,-1,0
1788,I,A,Rock'n'Roll-Main Class Contact Style,Final - Acrobatic,5,181,5,-15,-15,-10,-5,-10,-10,0,153,-1,-1,0
1788,I,A,Rock'n'Roll-Main Class Contact Style,Final - Acrobatic,6,362,5,0,-5,0,-5,-15,0,0,153,-1,-1,0
1789,A,A,Rock'n'Roll-Main Class Free Style,Final - Acrobatic,1,222,1,-15,-25,-35,-35,-35,-50,0,153,-1,-1,0
1789,A,A,Rock'n'Roll-Main Class Free Style,Final - Acrobatic,2,184,1,-10,-15,-10,-35,-15,-5,0,153,-1,-1,0
1789,A,A,Rock'n'Roll-Main Class Free Style,Final - Acrobatic,3,47,1,-15,-5,0,-25,-10,0,0,153,-1,-1,0
1789,A,A,Rock'n'Roll-Main Class Free Style,Final - Acrobatic,4,41,1,-50,-15,-50,-25,-15,-10,0,153,-1,-1,0
1789,F,A,Rock'n'Roll-Main Class Free Style,Final - Acrobatic,1,222,2,-10,-25,-50,-50,-35,-35,0,153,-1,-1,0
1789,F,A,Rock'n'Roll-Main Class Free Style,Final - Acrobatic,2,184,2,-15,-15,-10,-50,-10,-5,0,153,-1,-1,0
1789,F,A,Rock'n'Roll-Main Class Free Style,Final - Acrobatic,3,47,2,-5,-10,-15,-15,-10,0,0,153,-1,-1,0
1789,F,A,Rock'n'Roll-Main Class Free Style,Final - Acrobatic,4,41,2,-50,-15,-50,-15,-10,-15,0,153,-1,-1,0
1789,H,A,Rock'n'Roll-Main Class Free Style,Final - Acrobatic,1,222,4,-15,-25,-25,-35,-15,-50,0,153,-1,-1,0
1789,H,A,Rock'n'Roll-Main Class Free Style,Final - Acrobatic,2,184,4,-10,-10,-5,-15,-10,-5,0,153,-1,-1,0
1789,H,A,Rock'n'Roll-Main Class Free Style,Final - Acrobatic,3,47,4,-5,-5,-5,-10,-15,-5,0,153,-1,-1,0
1789,H,A,Rock'n'Roll-Main Class Free Style,Final - Acrobatic,4,41,4,-50,-15,-25,-35,-25,-25,0,153,-1,-1,0
1796,C,A,Rock'n'Roll-Main Class Contact Style,First round,1,362,3,-5,-5,0,-5,-100,-1,0,154,-1,-1,0
1796,C,A,Rock'n'Roll-Main Class Contact Style,First round,1,430,3,-15,-15,-10,-10,-75,-1,0,154,-1,-1,0
1796,C,A,Rock'n'Roll-Main Class Contact Style,First round,2,36,3,-10,-10,-10,-15,-10,-1,0,154,-1,-1,0
1796,C,A,Rock'n'Roll-Main Class Contact Style,First round,2,54,3,-15,-25,-50,-50,-50,-1,0,154,-1,-1,0
1796,C,A,Rock'n'Roll-Main Class Contact Style,First round,3,160,3,-10,-10,-25,-15,-10,-1,0,154,-1,-1,0
1796,C,A,Rock'n'Roll-Main Class Contact Style,First round,3,28,3,-10,-25,-10,-25,-15,-1,0,154,-1,-1,0
1796,C,A,Rock'n'Roll-Main Class Contact Style,First round,4,148,3,0,-10,-10,-5,-100,-1,0,154,-1,-1,0
1796,C,A,Rock'n'Roll-Main Class Contact Style,First round,4,283,3,-10,-25,-15,-10,-50,-1,0,154,-1,-1,0
1796,C,A,Rock'n'Roll-Main Class Contact Style,First round,5,300,3,-5,-10,-25,-10,-15,-1,0,154,-1,-1,0
1796,C,A,Rock'n'Roll-Main Class Contact Style,First round,5,471,3,-5,-10,-10,-15,-15,-1,0,154,-1,-1,0
1796,C,A,Rock'n'Roll-Main Class Contact Style,First round,6,363,3,-5,-25,-10,-10,-35,-1,0,154,-1,-1,0
1796,C,A,Rock'n'Roll-Main Class Contact Style,First round,6,181,3,-25,-10,-10,-5,-5,-1,0,154,-1,-1,0
1796,C,A,Rock'n'Roll-Main Class Contact Style,First round,7,71,3,-15,-10,-10,-10,-5,-1,0,154,-1,-1,0
1796,D,A,Rock'n'Roll-Main Class Contact Style,First round,1,362,4,-5,-10,-5,-10,-100,-1,0,154,-1,-1,0
1796,D,A,Rock'n'Roll-Main Class Contact Style,First round,1,430,4,-25,-15,-15,-15,-25,-1,0,154,-1,-1,0
1796,D,A,Rock'n'Roll-Main Class Contact Style,First round,2,36,4,-25,-25,-25,-15,-10,-1,0,154,-1,-1,0
1796,D,A,Rock'n'Roll-Main Class Contact Style,First round,2,54,4,-25,-35,-50,-35,-35,-1,0,154,-1,-1,0
1796,D,A,Rock'n'Roll-Main Class Contact Style,First round,3,160,4,-10,-10,-35,-15,-25,-1,0,154,-1,-1,0
1796,D,A,Rock'n'Roll-Main Class Contact Style,First round,3,28,4,-15,-15,-15,-25,-15,-1,0,154,-1,-1,0
1796,D,A,Rock'n'Roll-Main Class Contact Style,First round,4,148,4,-5,-15,-10,-5,-100,-1,0,154,-1,-1,0
1796,D,A,Rock'n'Roll-Main Class Contact Style,First round,4,283,4,-10,-35,-15,-10,-15,-1,0,154,-1,-1,0
1796,D,A,Rock'n'Roll-Main Class Contact Style,First round,5,300,4,-10,-15,-35,-5,-15,-1,0,154,-1,-1,0
1796,D,A,Rock'n'Roll-Main Class Contact Style,First round,5,471,4,-5,-10,-10,-10,-10,-1,0,154,-1,-1,0
1796,D,A,Rock'n'Roll-Main Class Contact Style,First round,6,363,4,-10,-25,-10,-15,-35,-1,0,154,-1,-1,0
1796,D,A,Rock'n'Roll-Main Class Contact Style,First round,6,181,4,-25,-15,-10,-5,-5,-1,0,154,-1,-1,0
1796,D,A,Rock'n'Roll-Main Class Contact Style,First round,7,71,4,-35,-25,-25,-15,-15,-1,0,154,-1,-1,0
1796,E,A,Rock'n'Roll-Main Class Contact Style,First round,1,362,5,-25,-10,-15,-25,-75,-1,0,154,-1,-1,0
1796,E,A,Rock'n'Roll-Main Class Contact Style,First round,1,430,5,-15,-25,-25,-35,-35,-1,0,154,-1,-1,0
1796,E,A,Rock'n'Roll-Main Class Contact Style,First round,2,36,5,-35,-35,-50,-35,-35,-1,0,154,-1,-1,0
1796,E,A,Rock'n'Roll-Main Class Contact Style,First round,2,54,5,-50,-25,-75,-35,-50,-1,0,154,-1,-1,0
1796,E,A,Rock'n'Roll-Main Class Contact Style,First round,3,160,5,-25,-35,-35,-25,-35,-1,0,154,-1,-1,0
1796,E,A,Rock'n'Roll-Main Class Contact Style,First round,3,28,5,-25,-25,-35,-50,-25,-1,0,154,-1,-1,0
1796,E,A,Rock'n'Roll-Main Class Contact Style,First round,4,148,5,-10,-35,-35,-25,-75,-1,0,154,-1,-1,0
1796,E,A,Rock'n'Roll-Main Class Contact Style,First round,4,283,5,-35,-50,-50,-25,-50,-1,0,154,-1,-1,0
1796,E,A,Rock'n'Roll-Main Class Contact Style,First round,5,300,5,-25,-25,-50,-50,-35,-1,0,154,-1,-1,0
1796,E,A,Rock'n'Roll-Main Class Contact Style,First round,5,471,5,-25,-25,-25,-35,-15,-1,0,154,-1,-1,0
1796,E,A,Rock'n'Roll-Main Class Contact Style,First round,6,363,5,-15,-25,-25,-25,-50,-1,0,154,-1,-1,0
1796,E,A,Rock'n'Roll-Main Class Contact Style,First round,6,181,5,-25,-35,-35,-15,-15,-1,0,154,-1,-1,0
1796,E,A,Rock'n'Roll-Main Class Contact Style,First round,7,71,5,-35,-25,-50,-35,-35,-1,0,154,-1,-1,0
1799,C,A,Rock'n'Roll-Main Class Contact Style,Hope round,1,471,3,-10,-10,-10,-5,-15,-1,0,154,-1,-1,0
1799,C,A,Rock'n'Roll-Main Class Contact Style,Hope round,1,362,3,0,-5,0,-5,0,-1,0,154,-1,-1,0
1799,C,A,Rock'n'Roll-Main Class Contact Style,Hope round,2,148,3,0,-5,-5,0,-10,-1,0,154,-1,-1,0
1799,C,A,Rock'n'Roll-Main Class Contact Style,Hope round,2,54,3,-25,-10,-25,-15,-15,-1,0,154,-1,-1,0
1799,C,A,Rock'n'Roll-Main Class Contact Style,Hope round,3,28,3,-25,-15,-10,-15,-25,-1,0,154,-1,-1,0
1799,D,A,Rock'n'Roll-Main Class Contact Style,Hope round,1,471,4,-10,-15,-25,-10,-25,-1,0,154,-1,-1,0
1799,D,A,Rock'n'Roll-Main Class Contact Style,Hope round,1,362,4,-5,-5,-10,-10,0,-1,0,154,-1,-1,0
1799,D,A,Rock'n'Roll-Main Class Contact Style,Hope round,2,148,4,0,-10,-10,0,-15,-1,0,154,-1,-1,0
1799,D,A,Rock'n'Roll-Main Class Contact Style,Hope round,2,54,4,-25,-25,-35,-50,-35,-1,0,154,-1,-1,0
1799,D,A,Rock'n'Roll-Main Class Contact Style,Hope round,3,28,4,-35,-15,-15,-15,-10,-1,0,154,-1,-1,0
1799,E,A,Rock'n'Roll-Main Class Contact Style,Hope round,1,471,5,-15,-15,-35,-25,-25,-1,0,154,-1,-1,0
1799,E,A,Rock'n'Roll-Main Class Contact Style,Hope round,1,362,5,-15,-15,-15,-25,-15,-1,0,154,-1,-1,0
1799,E,A,Rock'n'Roll-Main Class Contact Style,Hope round,2,148,5,-10,-25,-15,-15,-35,-1,0,154,-1,-1,0
1799,E,A,Rock'n'Roll-Main Class Contact Style,Hope round,2,54,5,-25,-25,-25,-50,-50,-1,0,154,-1,-1,0
1799,E,A,Rock'n'Roll-Main Class Contact Style,Hope round,3,28,5,-35,-25,-25,-35,-25,-1,0,154,-1,-1,0
1807,C,A,Rock'n'Roll-Main Class Contact Style,Semi Final,1,148,3,0,-10,-5,-5,-15,-10,0,154,-1,-1,0
1807,C,A,Rock'n'Roll-Main Class Contact Style,Semi Final,1,362,3,-10,-5,-5,0,-5,-5,0,154,-1,-1,0
1807,C,A,Rock'n'Roll-Main Class Contact Style,Semi Final,2,71,3,-10,-15,-15,-10,-10,-15,0,154,-1,-1,0
1807,C,A,Rock'n'Roll-Main Class Contact Style,Semi Final,2,300,3,-10,-15,-5,-10,-10,-10,0,154,-1,-1,0
1807,C,A,Rock'n'Roll-Main Class Contact Style,Semi Final,3,430,3,-5,0,-15,-10,-10,-10,0,154,-1,-1,0
1807,C,A,Rock'n'Roll-Main Class Contact Style,Semi Final,3,36,3,-15,-10,-10,-10,-15,-5,0,154,-1,-1,0
1807,C,A,Rock'n'Roll-Main Class Contact Style,Semi Final,4,471,3,-15,-25,-10,-10,-15,-15,0,154,-1,-1,0
1807,C,A,Rock'n'Roll-Main Class Contact Style,Semi Final,4,283,3,-10,-15,-15,-15,-10,-10,0,154,-1,-1,0
1807,C,A,Rock'n'Roll-Main Class Contact Style,Semi Final,5,160,3,-5,-10,-25,-5,-10,-15,0,154,-1,-1,0
1807,C,A,Rock'n'Roll-Main Class Contact Style,Semi Final,5,181,3,-5,-10,-10,-10,-10,-5,0,154,-1,-1,0
1807,C,A,Rock'n'Roll-Main Class Contact Style,Semi Final,6,28,3,-15,-10,-25,-25,-25,-50,0,154,-1,-1,0
1807,C,A,Rock'n'Roll-Main Class Contact Style,Semi Final,6,363,3,0,-5,-10,-5,-5,-100,0,154,-1,-1,0
1807,D,A,Rock'n'Roll-Main Class Contact Style,Semi Final,1,148,4,0,-10,-5,-10,-10,-10,0,154,-1,-1,0
1807,D,A,Rock'n'Roll-Main Class Contact Style,Semi Final,1,362,4,-5,-5,-5,-5,-10,0,0,154,-1,-1,0
1807,D,A,Rock'n'Roll-Main Class Contact Style,Semi Final,2,71,4,-15,-25,-25,-15,-10,-15,0,154,-1,-1,0
1807,D,A,Rock'n'Roll-Main Class Contact Style,Semi Final,2,300,4,-10,-25,-15,-25,-10,-10,0,154,-1,-1,0
1807,D,A,Rock'n'Roll-Main Class Contact Style,Semi Final,3,430,4,-15,-10,-15,-15,-15,-5,0,154,-1,-1,0
1807,D,A,Rock'n'Roll-Main Class Contact Style,Semi Final,3,36,4,-10,-10,-15,-15,-25,-10,0,154,-1,-1,0
1807,D,A,Rock'n'Roll-Main Class Contact Style,Semi Final,4,471,4,-15,-15,-10,-15,-10,-10,0,154,-1,-1,0
1807,D,A,Rock'n'Roll-Main Class Contact Style,Semi Final,4,283,4,-25,-15,-15,-15,-25,-15,0,154,-1,-1,0
1807,D,A,Rock'n'Roll-Main Class Contact Style,Semi Final,5,160,4,-10,-10,-15,-10,-10,-25,0,154,-1,-1,0
1807,D,A,Rock'n'Roll-Main Class Contact Style,Semi Final,5,181,4,-10,-15,-10,-5,-10,-10,0,154,-1,-1,0
1807,D,A,Rock'n'Roll-Main Class Contact Style,Semi Final,6,28,4,-10,-10,-10,-10,-10,-15,0,154,-1,-1,0
1807,D,A,Rock'n'Roll-Main Class Contact Style,Semi Final,6,363,4,-5,-10,-10,-15,-10,-100,0,154,-1,-1,0
1807,E,A,Rock'n'Roll-Main Class Contact Style,Semi Final,1,148,5,-5,-15,-15,-15,-15,-10,0,154,-1,-1,0
1807,E,A,Rock'n'Roll-Main Class Contact Style,Semi Final,1,362,5,-10,-15,-10,-15,-15,0,0,154,-1,-1,0
1807,E,A,Rock'n'Roll-Main Class Contact Style,Semi Final,2,71,5,-15,-35,-25,-35,-25,-35,0,154,-1,-1,0
1807,E,A,Rock'n'Roll-Main Class Contact Style,Semi Final,2,300,5,-15,-35,-35,-35,-25,-35,0,154,-1,-1,0
1807,E,A,Rock'n'Roll-Main Class Contact Style,Semi Final,3,430,5,-15,-10,-25,-25,-15,-25,0,154,-1,-1,0
1807,E,A,Rock'n'Roll-Main Class Contact Style,Semi Final,3,36,5,-15,-15,-35,-35,-25,-15,0,154,-1,-1,0
1807,E,A,Rock'n'Roll-Main Class Contact Style,Semi Final,4,471,5,-15,-25,-15,-25,-25,-25,0,154,-1,-1,0
1807,E,A,Rock'n'Roll-Main Class Contact Style,Semi Final,4,283,5,-15,-35,-15,-25,-50,-35,0,154,-1,-1,0
1807,E,A,Rock'n'Roll-Main Class Contact Style,Semi Final,5,160,5,-15,-15,-35,-35,-35,-50,0,154,-1,-1,0
1807,E,A,Rock'n'Roll-Main Class Contact Style,Semi Final,5,181,5,-15,-25,-25,-25,-25,-25,0,154,-1,-1,0
1807,E,A,Rock'n'Roll-Main Class Contact Style,Semi Final,6,28,5,-15,-15,-75,-50,-50,-25,0,154,-1,-1,0
1807,E,A,Rock'n'Roll-Main Class Contact Style,Semi Final,6,363,5,-15,-15,-15,-25,-35,-75,0,154,-1,-1,0
1812,A,A,Rock'n'Roll-Main Class Start,Final,1,142,1,-5,-10,-10,-15,-25,-5,0,154,-1,-1,0
1812,A,A,Rock'n'Roll-Main Class Start,Final,2,332,1,-10,-5,-15,-25,-10,-10,0,154,-1,-1,0
1812,A,A,Rock'n'Roll-Main Class Start,Final,3,371,1,-25,-25,-15,-25,-15,-35,0,154,-1,-1,0
1812,A,A,Rock'n'Roll-Main Class Start,Final,4,60,1,-10,-15,-5,-5,-10,0,0,154,-1,-1,0
1812,A,A,Rock'n'Roll-Main Class Start,Final,5,223,1,-15,-15,-5,-15,-25,-25,0,154,-1,-1,0
1812,A,A,Rock'n'Roll-Main Class Start,Final,6,197,1,-5,-10,-15,-15,-100,-15,0,154,-1,-1,0
1812,B,A,Rock'n'Roll-Main Class Start,Final,1,142,2,-15,-25,-15,-25,-25,-15,0,154,-1,-1,0
1812,B,A,Rock'n'Roll-Main Class Start,Final,2,332,2,-15,-15,-35,-50,-35,-35,0,154,-1,-1,0
1812,B,A,Rock'n'Roll-Main Class Start,Final,3,371,2,-25,-35,-15,-50,-35,-50,0,154,-1,-1,0
1812,B,A,Rock'n'Roll-Main Class Start,Final,4,60,2,-25,-50,-25,-15,-15,-10,0,154,-1,-1,0
1812,B,A,Rock'n'Roll-Main Class Start,Final,5,223,2,-35,-25,-15,-35,-35,-35,0,154,-1,-1,0
1812,B,A,Rock'n'Roll-Main Class Start,Final,6,197,2,-10,-15,-15,-25,-100,-25,0,154,-1,-1,0
1812,C,A,Rock'n'Roll-Main Class Start,Final,1,142,3,-5,-15,-10,-25,-15,-5,0,154,-1,-1,0
1812,C,A,Rock'n'Roll-Main Class Start,Final,2,332,3,-5,-10,-15,-35,-35,-35,0,154,-1,-1,0
1812,C,A,Rock'n'Roll-Main Class Start,Final,3,371,3,-35,-25,-15,-35,-15,-35,0,154,-1,-1,0
1812,C,A,Rock'n'Roll-Main Class Start,Final,4,60,3,-10,-25,-10,-10,-15,-5,0,154,-1,-1,0
1812,C,A,Rock'n'Roll-Main Class Start,Final,5,223,3,-25,-15,-10,-25,-35,-50,0,154,-1,-1,0
1812,C,A,Rock'n'Roll-Main Class Start,Final,6,197,3,-10,-10,-10,-15,-100,-50,0,154,-1,-1,0
1813,C,A,Rock'n'Roll-Main Class Contact Style,Final - Foot technique,1,362,3,0,0,0,0,0,0,0,154,-1,-1,0
1813,C,A,Rock'n'Roll-Main Class Contact Style,Final - Foot technique,2,430,3,0,0,0,0,0,0,0,154,-1,-1,0
1813,C,A,Rock'n'Roll-Main Class Contact Style,Final - Foot technique,3,160,3,0,0,0,0,0,0,0,154,-1,-1,0
1813,C,A,Rock'n'Roll-Main Class Contact Style,Final - Foot technique,4,36,3,0,0,0,0,0,0,0,154,-1,-1,0
1813,C,A,Rock'n'Roll-Main Class Contact Style,Final - Foot technique,5,181,3,0,0,0,0,0,0,0,154,-1,-1,0
1813,C,A,Rock'n'Roll-Main Class Contact Style,Final - Foot technique,6,148,3,0,0,0,0,0,0,0,154,-1,-1,0
1813,D,A,Rock'n'Roll-Main Class Contact Style,Final - Foot technique,1,362,4,0,0,0,0,0,0,0,154,-1,-1,0
1813,D,A,Rock'n'Roll-Main Class Contact Style,Final - Foot technique,2,430,4,0,0,0,0,0,0,0,154,-1,-1,0
1813,D,A,Rock'n'Roll-Main Class Contact Style,Final - Foot technique,3,160,4,0,0,0,0,0,0,0,154,-1,-1,0
1813,D,A,Rock'n'Roll-Main Class Contact Style,Final - Foot technique,4,36,4,0,0,0,0,0,0,0,154,-1,-1,0
1813,D,A,Rock'n'Roll-Main Class Contact Style,Final - Foot technique,5,181,4,0,0,0,0,0,0,0,154,-1,-1,0
1813,D,A,Rock'n'Roll-Main Class Contact Style,Final - Foot technique,6,148,4,0,0,0,0,0,0,0,154,-1,-1,0
1813,E,A,Rock'n'Roll-Main Class Contact Style,Final - Foot technique,1,362,5,0,0,0,0,0,0,0,154,-1,-1,0
1813,E,A,Rock'n'Roll-Main Class Contact Style,Final - Foot technique,2,430,5,0,0,0,0,0,0,0,154,-1,-1,0
1813,E,A,Rock'n'Roll-Main Class Contact Style,Final - Foot technique,3,160,5,0,0,0,0,0,0,0,154,-1,-1,0
1813,E,A,Rock'n'Roll-Main Class Contact Style,Final - Foot technique,4,36,5,0,0,0,0,0,0,0,154,-1,-1,0
1813,E,A,Rock'n'Roll-Main Class Contact Style,Final - Foot technique,5,181,5,0,0,0,0,0,0,0,154,-1,-1,0
1813,E,A,Rock'n'Roll-Main Class Contact Style,Final - Foot technique,6,148,5,0,0,0,0,0,0,0,154,-1,-1,0
1814,A,A,Rock'n'Roll-Main Class Free Style,Final - Foot technique,1,222,1,0,0,0,0,0,0,0,154,-1,-1,0
1814,A,A,Rock'n'Roll-Main Class Free Style,Final - Foot technique,2,47,1,0,0,0,0,0,0,0,154,-1,-1,0
1814,A,A,Rock'n'Roll-Main Class Free Style,Final - Foot technique,3,184,1,0,0,0,0,0,0,0,154,-1,-1,0
1814,A,A,Rock'n'Roll-Main Class Free Style,Final - Foot technique,4,41,1,0,0,0,0,0,0,0,154,-1,-1,0
1814,A,A,Rock'n'Roll-Main Class Free Style,Final - Foot technique,5,63,1,0,0,0,0,0,0,0,154,-1,-1,0
1814,E,A,Rock'n'Roll-Main Class Free Style,Final - Foot technique,1,222,5,0,0,0,0,0,0,0,154,-1,-1,0
1814,E,A,Rock'n'Roll-Main Class Free Style,Final - Foot technique,2,47,5,0,0,0,0,0,0,0,154,-1,-1,0
1814,E,A,Rock'n'Roll-Main Class Free Style,Final - Foot technique,3,184,5,0,0,0,0,0,0,0,154,-1,-1,0
1814,E,A,Rock'n'Roll-Main Class Free Style,Final - Foot technique,4,41,5,0,0,0,0,0,0,0,154,-1,-1,0
1814,E,A,Rock'n'Roll-Main Class Free Style,Final - Foot technique,5,63,5,0,0,0,0,0,0,0,154,-1,-1,0
1814,F,A,Rock'n'Roll-Main Class Free Style,Final - Foot technique,1,222,6,0,0,0,0,0,0,0,154,-1,-1,0
1814,F,A,Rock'n'Roll-Main Class Free Style,Final - Foot technique,2,47,6,0,0,0,0,0,0,0,154,-1,-1,0
1814,F,A,Rock'n'Roll-Main Class Free Style,Final - Foot technique,3,184,6,0,0,0,0,0,0,0,154,-1,-1,0
1814,F,A,Rock'n'Roll-Main Class Free Style,Final - Foot technique,4,41,6,0,0,0,0,0,0,0,154,-1,-1,0
1814,F,A,Rock'n'Roll-Main Class Free Style,Final - Foot technique,5,63,6,0,0,0,0,0,0,0,154,-1,-1,0
1816,C,A,Rock'n'Roll-Main Class Contact Style,Final - Acrobatic,1,181,3,-5,-10,-10,-10,-5,-10,0,154,-1,-1,0
1816,C,A,Rock'n'Roll-Main Class Contact Style,Final - Acrobatic,2,148,3,-5,-5,0,-10,-5,-5,0,154,-1,-1,0
1816,C,A,Rock'n'Roll-Main Class Contact Style,Final - Acrobatic,3,430,3,-10,-10,-15,-15,-10,-75,0,154,-1,-1,0
1816,C,A,Rock'n'Roll-Main Class Contact Style,Final - Acrobatic,4,362,3,-15,0,-10,-15,-5,-10,0,154,-1,-1,0
1816,C,A,Rock'n'Roll-Main Class Contact Style,Final - Acrobatic,5,160,3,-10,-10,-10,-10,-35,-35,0,154,-1,-1,0
1816,C,A,Rock'n'Roll-Main Class Contact Style,Final - Acrobatic,6,36,3,-15,-10,-25,-25,-15,-25,0,154,-1,-1,0
1816,D,A,Rock'n'Roll-Main Class Contact Style,Final - Acrobatic,1,181,4,-10,-25,-25,-10,-5,-15,0,154,-1,-1,0
1816,D,A,Rock'n'Roll-Main Class Contact Style,Final - Acrobatic,2,148,4,0,-15,-15,-15,-5,-15,0,154,-1,-1,0
1816,D,A,Rock'n'Roll-Main Class Contact Style,Final - Acrobatic,3,430,4,-25,-15,-15,-15,-15,-75,0,154,-1,-1,0
1816,D,A,Rock'n'Roll-Main Class Contact Style,Final - Acrobatic,4,362,4,-15,-5,0,-5,-10,0,0,154,-1,-1,0
1816,D,A,Rock'n'Roll-Main Class Contact Style,Final - Acrobatic,5,160,4,-10,-10,-15,-15,-25,-35,0,154,-1,-1,0
1816,D,A,Rock'n'Roll-Main Class Contact Style,Final - Acrobatic,6,36,4,-25,-15,-25,-25,-25,-15,0,154,-1,-1,0
1816,E,A,Rock'n'Roll-Main Class Contact Style,Final - Acrobatic,1,181,5,-5,-10,-35,-25,-15,-25,0,154,-1,-1,0
1816,E,A,Rock'n'Roll-Main Class Contact Style,Final - Acrobatic,2,148,5,0,-25,-10,-10,-5,-15,0,154,-1,-1,0
1816,E,A,Rock'n'Roll-Main Class Contact Style,Final - Acrobatic,3,430,5,-10,-15,-10,-15,-10,-75,0,154,-1,-1,0
1816,E,A,Rock'n'Roll-Main Class Contact Style,Final - Acrobatic,4,362,5,-5,-5,-5,0,-15,0,0,154,-1,-1,0
1816,E,A,Rock'n'Roll-Main Class Contact Style,Final - Acrobatic,5,160,5,-5,-10,-25,-15,-35,-35,0,154,-1,-1,0
1816,E,A,Rock'n'Roll-Main Class Contact Style,Final - Acrobatic,6,36,5,-15,-15,-35,-25,-15,-25,0,154,-1,-1,0
1817,A,A,Rock'n'Roll-Main Class Free Style,Final - Acrobatic,1,184,1,-5,-10,-5,-15,-5,0,0,154,-1,-1,0
1817,A,A,Rock'n'Roll-Main Class Free Style,Final - Acrobatic,2,222,1,-10,-25,-10,-5,-10,-15,0,154,-1,-1,0
1817,A,A,Rock'n'Roll-Main Class Free Style,Final - Acrobatic,3,63,1,-15,-15,-25,-10,-15,-5,0,154,-1,-1,0
1817,A,A,Rock'n'Roll-Main Class Free Style,Final - Acrobatic,4,41,1,-10,-5,-15,-10,-5,-5,0,154,-1,-1,0
1817,A,A,Rock'n'Roll-Main Class Free Style,Final - Acrobatic,5,47,1,-5,0,-5,-5,-5,-5,0,154,-1,-1,0
1817,E,A,Rock'n'Roll-Main Class Free Style,Final - Acrobatic,1,184,5,-15,-25,-10,-35,0,-5,0,154,-1,-1,0
1817,E,A,Rock'n'Roll-Main Class Free Style,Final - Acrobatic,2,222,5,-10,-35,-15,-15,-15,-50,0,154,-1,-1,0
1817,E,A,Rock'n'Roll-Main Class Free Style,Final - Acrobatic,3,63,5,0,-5,-35,-25,-15,-10,0,154,-1,-1,0
1817,E,A,Rock'n'Roll-Main Class Free Style,Final - Acrobatic,4,41,5,-5,-5,-25,-15,-15,-15,0,154,-1,-1,0
1817,E,A,Rock'n'Roll-Main Class Free Style,Final - Acrobatic,5,47,5,-5,0,-10,-5,-10,0,0,154,-1,-1,0
1817,F,A,Rock'n'Roll-Main Class Free Style,Final - Acrobatic,1,184,6,-5,-10,0,-15,-5,0,0,154,-1,-1,0
1817,F,A,Rock'n'Roll-Main Class Free Style,Final - Acrobatic,2,222,6,-5,-10,-10,-5,-5,-10,0,154,-1,-1,0
1817,F,A,Rock'n'Roll-Main Class Free Style,Final - Acrobatic,3,63,6,-10,-10,-15,-10,-15,-5,0,154,-1,-1,0
1817,F,A,Rock'n'Roll-Main Class Free Style,Final - Acrobatic,4,41,6,-15,-10,-15,-10,-10,-5,0,154,-1,-1,0
1817,F,A,Rock'n'Roll-Main Class Free Style,Final - Acrobatic,5,47,6,0,0,-10,0,0,0,0,154,-1,-1,0
1827,C,A,Rock'n'Roll-Main Class Contact Style,First round,1,363,3,-10,-15,-15,-10,-15,-1,0,155,-1,-1,0
1827,C,A,Rock'n'Roll-Main Class Contact Style,First round,1,71,3,-15,-25,-15,-15,-15,-1,0,155,-1,-1,0
1827,C,A,Rock'n'Roll-Main Class Contact Style,First round,2,52,3,-25,-25,-25,-15,-75,-1,0,155,-1,-1,0
1827,C,A,Rock'n'Roll-Main Class Contact Style,First round,2,283,3,-15,-25,-10,-10,-10,-1,0,155,-1,-1,0
1827,C,A,Rock'n'Roll-Main Class Contact Style,First round,3,54,3,-15,-15,-10,-25,-25,-1,0,155,-1,-1,0
1827,C,A,Rock'n'Roll-Main Class Contact Style,First round,3,148,3,-10,-10,-10,-5,-25,-1,0,155,-1,-1,0
1827,C,A,Rock'n'Roll-Main Class Contact Style,First round,4,28,3,-25,-10,-15,-15,-15,-1,0,155,-1,-1,0
1827,C,A,Rock'n'Roll-Main Class Contact Style,First round,4,181,3,-10,-15,-10,-10,-15,-1,0,155,-1,-1,0
1827,C,A,Rock'n'Roll-Main Class Contact Style,First round,5,160,3,-15,-10,-10,-10,-10,-1,0,155,-1,-1,0
1827,C,A,Rock'n'Roll-Main Class Contact Style,First round,5,36,3,-10,-15,-15,-15,-10,-1,0,155,-1,-1,0
1827,C,A,Rock'n'Roll-Main Class Contact Style,First round,6,471,3,-15,-15,-25,-10,-15,-1,0,155,-1,-1,0
1827,D,A,Rock'n'Roll-Main Class Contact Style,First round,1,363,4,-5,-10,-10,-10,-15,-1,0,155,-1,-1,0
1827,D,A,Rock'n'Roll-Main Class Contact Style,First round,1,71,4,-10,-10,-25,-10,-25,-1,0,155,-1,-1,0
1827,D,A,Rock'n'Roll-Main Class Contact Style,First round,2,52,4,-10,-25,-10,-15,-75,-1,0,155,-1,-1,0
1827,D,A,Rock'n'Roll-Main Class Contact Style,First round,2,283,4,-15,-15,-15,-15,-10,-1,0,155,-1,-1,0
1827,D,A,Rock'n'Roll-Main Class Contact Style,First round,3,54,4,-15,-10,-10,-25,-25,-1,0,155,-1,-1,0
1827,D,A,Rock'n'Roll-Main Class Contact Style,First round,3,148,4,-5,-5,-10,-5,-15,-1,0,155,-1,-1,0
1827,D,A,Rock'n'Roll-Main Class Contact Style,First round,4,28,4,-10,-10,-15,-25,-15,-1,0,155,-1,-1,0
1827,D,A,Rock'n'Roll-Main Class Contact Style,First round,4,181,4,-5,-15,-10,-15,0,-1,0,155,-1,-1,0
1827,D,A,Rock'n'Roll-Main Class Contact Style,First round,5,160,4,-10,-10,-15,-5,-5,-1,0,155,-1,-1,0
1827,D,A,Rock'n'Roll-Main Class Contact Style,First round,5,36,4,-10,-25,-15,-15,-15,-1,0,155,-1,-1,0
1827,D,A,Rock'n'Roll-Main Class Contact Style,First round,6,471,4,-10,-15,-25,-5,-10,-1,0,155,-1,-1,0
1827,E,A,Rock'n'Roll-Main Class Contact Style,First round,1,363,5,-10,-15,-10,-10,-15,-1,0,155,-1,-1,0
1827,E,A,Rock'n'Roll-Main Class Contact Style,First round,1,71,5,-15,-10,-15,-10,-15,-1,0,155,-1,-1,0
1827,E,A,Rock'n'Roll-Main Class Contact Style,First round,2,52,5,-25,-25,-15,-15,-75,-1,0,155,-1,-1,0
1827,E,A,Rock'n'Roll-Main Class Contact Style,First round,2,283,5,-25,-15,-25,-15,-15,-1,0,155,-1,-1,0
1827,E,A,Rock'n'Roll-Main Class Contact Style,First round,3,54,5,-25,-10,-10,-10,-15,-1,0,155,-1,-1,0
1827,E,A,Rock'n'Roll-Main Class Contact Style,First round,3,148,5,-5,-10,-10,0,-15,-1,0,155,-1,-1,0
1827,E,A,Rock'n'Roll-Main Class Contact Style,First round,4,28,5,0,-10,-15,-25,0,-1,0,155,-1,-1,0
1827,E,A,Rock'n'Roll-Main Class Contact Style,First round,4,181,5,0,-25,-15,-5,0,-1,0,155,-1,-1,0
1827,E,A,Rock'n'Roll-Main Class Contact Style,First round,5,160,5,-25,-25,-10,-5,-5,-1,0,155,-1,-1,0
1827,E,A,Rock'n'Roll-Main Class Contact Style,First round,5,36,5,-10,-25,-15,-15,-15,-1,0,155,-1,-1,0
1827,E,A,Rock'n'Roll-Main Class Contact Style,First round,6,471,5,-15,-25,-25,-5,0,-1,0,155,-1,-1,0
1831,C,A,Rock'n'Roll-Main Class Contact Style,Hope round,1,471,3,-10,-15,-25,-10,-5,-1,0,155,-1,-1,0
1831,C,A,Rock'n'Roll-Main Class Contact Style,Hope round,1,28,3,-15,-10,-25,-25,-10,-1,0,155,-1,-1,0
1831,C,A,Rock'n'Roll-Main Class Contact Style,Hope round,2,283,3,-15,-25,-10,-10,-15,-1,0,155,-1,-1,0
1831,C,A,Rock'n'Roll-Main Class Contact Style,Hope round,2,71,3,-10,-15,-15,-15,-15,-1,0,155,-1,-1,0
1831,C,A,Rock'n'Roll-Main Class Contact Style,Hope round,3,54,3,-15,-15,-15,-35,-15,-1,0,155,-1,-1,0
1831,C,A,Rock'n'Roll-Main Class Contact Style,Hope round,3,160,3,-10,-10,-15,-15,-10,-1,0,155,-1,-1,0
1831,C,A,Rock'n'Roll-Main Class Contact Style,Hope round,4,52,3,-15,-15,-15,-15,-15,-1,0,155,-1,-1,0
1831,D,A,Rock'n'Roll-Main Class Contact Style,Hope round,1,471,4,-10,-10,-25,-10,-10,-1,0,155,-1,-1,0
1831,D,A,Rock'n'Roll-Main Class Contact Style,Hope round,1,28,4,-15,-10,-10,-25,-15,-1,0,155,-1,-1,0
1831,D,A,Rock'n'Roll-Main Class Contact Style,Hope round,2,283,4,-10,-25,-10,-5,-10,-1,0,155,-1,-1,0
1831,D,A,Rock'n'Roll-Main Class Contact Style,Hope round,2,71,4,-5,-10,-15,-10,-10,-1,0,155,-1,-1,0
1831,D,A,Rock'n'Roll-Main Class Contact Style,Hope round,3,54,4,-15,-10,-15,-35,-25,-1,0,155,-1,-1,0
1831,D,A,Rock'n'Roll-Main Class Contact Style,Hope round,3,160,4,-5,-5,-15,0,-10,-1,0,155,-1,-1,0
1831,D,A,Rock'n'Roll-Main Class Contact Style,Hope round,4,52,4,-15,-10,-10,-15,-15,-1,0,155,-1,-1,0
1831,E,A,Rock'n'Roll-Main Class Contact Style,Hope round,1,471,5,-5,-15,-15,0,-5,-1,0,155,-1,-1,0
1831,E,A,Rock'n'Roll-Main Class Contact Style,Hope round,1,28,5,-10,-10,-25,0,-15,-1,0,155,-1,-1,0
1831,E,A,Rock'n'Roll-Main Class Contact Style,Hope round,2,283,5,-10,-15,-50,-25,-25,-1,0,155,-1,-1,0
1831,E,A,Rock'n'Roll-Main Class Contact Style,Hope round,2,71,5,0,-10,-15,-10,-35,-1,0,155,-1,-1,0
1831,E,A,Rock'n'Roll-Main Class Contact Style,Hope round,3,54,5,-15,-10,-25,-50,-50,-1,0,155,-1,-1,0
1831,E,A,Rock'n'Roll-Main Class Contact Style,Hope round,3,160,5,-15,-15,-25,-15,-15,-1,0,155,-1,-1,0
1831,E,A,Rock'n'Roll-Main Class Contact Style,Hope round,4,52,5,-25,-15,-15,-25,-10,-1,0,155,-1,-1,0
1835,D,A,Rock'n'Roll-Main Class Start,Final,1,371,4,-25,-10,-15,-35,-35,-75,0,155,-1,-1,0
1835,D,A,Rock'n'Roll-Main Class Start,Final,2,142,4,0,0,-5,-25,-5,0,0,155,-1,-1,0
1835,D,A,Rock'n'Roll-Main Class Start,Final,3,119,4,-10,-15,-15,-15,-10,-10,0,155,-1,-1,0
1835,D,A,Rock'n'Roll-Main Class Start,Final,4,332,4,0,-10,-10,-5,-25,-10,0,155,-1,-1,0
1835,D,A,Rock'n'Roll-Main Class Start,Final,5,226,4,0,-5,-5,-5,-25,-35,0,155,-1,-1,0
1835,E,A,Rock'n'Roll-Main Class Start,Final,1,371,5,-35,-10,-35,-35,-50,-50,0,155,-1,-1,0
1835,E,A,Rock'n'Roll-Main Class Start,Final,2,142,5,-5,0,-5,-25,-10,-5,0,155,-1,-1,0
1835,E,A,Rock'n'Roll-Main Class Start,Final,3,119,5,-10,-15,-25,-10,-5,-10,0,155,-1,-1,0
1835,E,A,Rock'n'Roll-Main Class Start,Final,4,332,5,0,-15,-10,-10,-15,-15,0,155,-1,-1,0
1835,E,A,Rock'n'Roll-Main Class Start,Final,5,226,5,-5,-10,-15,-15,-25,-35,0,155,-1,-1,0
1835,F,A,Rock'n'Roll-Main Class Start,Final,1,371,6,-35,-25,-35,-25,-35,-50,0,155,-1,-1,0
1835,F,A,Rock'n'Roll-Main Class Start,Final,2,142,6,-5,-10,-5,-25,-5,-5,0,155,-1,-1,0
1835,F,A,Rock'n'Roll-Main Class Start,Final,3,119,6,-10,-25,-15,-10,-25,-10,0,155,-1,-1,0
1835,F,A,Rock'n'Roll-Main Class Start,Final,4,332,6,-5,-10,-10,-5,-25,-25,0,155,-1,-1,0
1835,F,A,Rock'n'Roll-Main Class Start,Final,5,226,6,0,-10,-10,-10,-25,-15,0,155,-1,-1,0
1836,C,A,Rock'n'Roll-Main Class Contact Style,Final - Foot technique,1,283,3,0,0,0,0,0,0,0,155,-1,-1,0
1836,C,A,Rock'n'Roll-Main Class Contact Style,Final - Foot technique,2,160,3,0,0,0,0,0,0,0,155,-1,-1,0
1836,C,A,Rock'n'Roll-Main Class Contact Style,Final - Foot technique,3,181,3,0,0,0,0,0,0,0,155,-1,-1,0
1836,C,A,Rock'n'Roll-Main Class Contact Style,Final - Foot technique,4,148,3,0,0,0,0,0,0,0,155,-1,-1,0
1836,C,A,Rock'n'Roll-Main Class Contact Style,Final - Foot technique,5,36,3,0,0,0,0,0,0,0,155,-1,-1,0
1836,C,A,Rock'n'Roll-Main Class Contact Style,Final - Foot technique,6,363,3,0,0,0,0,0,0,0,155,-1,-1,0
1836,D,A,Rock'n'Roll-Main Class Contact Style,Final - Foot technique,1,283,4,0,0,0,0,0,0,0,155,-1,-1,0
1836,D,A,Rock'n'Roll-Main Class Contact Style,Final - Foot technique,2,160,4,0,0,0,0,0,0,0,155,-1,-1,0
1836,D,A,Rock'n'Roll-Main Class Contact Style,Final - Foot technique,3,181,4,0,0,0,0,0,0,0,155,-1,-1,0
1836,D,A,Rock'n'Roll-Main Class Contact Style,Final - Foot technique,4,148,4,0,0,0,0,0,0,0,155,-1,-1,0
1836,D,A,Rock'n'Roll-Main Class Contact Style,Final - Foot technique,5,36,4,0,0,0,0,0,0,0,155,-1,-1,0
1836,D,A,Rock'n'Roll-Main Class Contact Style,Final - Foot technique,6,363,4,0,0,0,0,0,0,0,155,-1,-1,0
1836,E,A,Rock'n'Roll-Main Class Contact Style,Final - Foot technique,1,283,5,0,0,0,0,0,0,0,155,-1,-1,0
1836,E,A,Rock'n'Roll-Main Class Contact Style,Final - Foot technique,2,160,5,0,0,0,0,0,0,0,155,-1,-1,0
1836,E,A,Rock'n'Roll-Main Class Contact Style,Final - Foot technique,3,181,5,0,0,0,0,0,0,0,155,-1,-1,0
1836,E,A,Rock'n'Roll-Main Class Contact Style,Final - Foot technique,4,148,5,0,0,0,0,0,0,0,155,-1,-1,0
1836,E,A,Rock'n'Roll-Main Class Contact Style,Final - Foot technique,5,36,5,0,0,0,0,0,0,0,155,-1,-1,0
1836,E,A,Rock'n'Roll-Main Class Contact Style,Final - Foot technique,6,363,5,0,0,0,0,0,0,0,155,-1,-1,0
1837,A,A,Rock'n'Roll-Main Class Free Style,Final - Foot technique,1,222,1,0,0,0,0,0,0,0,155,-1,-1,0
1837,A,A,Rock'n'Roll-Main Class Free Style,Final - Foot technique,2,41,1,0,0,0,0,0,0,0,155,-1,-1,0
1837,A,A,Rock'n'Roll-Main Class Free Style,Final - Foot technique,3,63,1,0,0,0,0,0,0,0,155,-1,-1,0
1837,A,A,Rock'n'Roll-Main Class Free Style,Final - Foot technique,4,86,1,0,0,0,0,0,0,0,155,-1,-1,0
1837,A,A,Rock'n'Roll-Main Class Free Style,Final - Foot technique,5,184,1,0,0,0,0,0,0,0,155,-1,-1,0
1837,A,A,Rock'n'Roll-Main Class Free Style,Final - Foot technique,6,47,1,0,0,0,0,0,0,0,155,-1,-1,0
1837,B,A,Rock'n'Roll-Main Class Free Style,Final - Foot technique,1,222,2,0,0,0,0,0,0,0,155,-1,-1,0
1837,B,A,Rock'n'Roll-Main Class Free Style,Final - Foot technique,2,41,2,0,0,0,0,0,0,0,155,-1,-1,0
1837,B,A,Rock'n'Roll-Main Class Free Style,Final - Foot technique,3,63,2,0,0,0,0,0,0,0,155,-1,-1,0
1837,B,A,Rock'n'Roll-Main Class Free Style,Final - Foot technique,4,86,2,0,0,0,0,0,0,0,155,-1,-1,0
1837,B,A,Rock'n'Roll-Main Class Free Style,Final - Foot technique,5,184,2,0,0,0,0,0,0,0,155,-1,-1,0
1837,B,A,Rock'n'Roll-Main Class Free Style,Final - Foot technique,6,47,2,0,0,0,0,0,0,0,155,-1,-1,0
1837,C,A,Rock'n'Roll-Main Class Free Style,Final - Foot technique,1,222,3,0,0,0,0,0,0,0,155,-1,-1,0
1837,C,A,Rock'n'Roll-Main Class Free Style,Final - Foot technique,2,41,3,0,0,0,0,0,0,0,155,-1,-1,0
1837,C,A,Rock'n'Roll-Main Class Free Style,Final - Foot technique,3,63,3,0,0,0,0,0,0,0,155,-1,-1,0
1837,C,A,Rock'n'Roll-Main Class Free Style,Final - Foot technique,4,86,3,0,0,0,0,0,0,0,155,-1,-1,0
1837,C,A,Rock'n'Roll-Main Class Free Style,Final - Foot technique,5,184,3,0,0,0,0,0,0,0,155,-1,-1,0
1837,C,A,Rock'n'Roll-Main Class Free Style,Final - Foot technique,6,47,3,0,0,0,0,0,0,0,155,-1,-1,0
1840,C,A,Rock'n'Roll-Main Class Contact Style,Final - Acrobatic,1,283,3,-15,-15,-15,-15,-15,-10,0,155,-1,-1,0
1840,C,A,Rock'n'Roll-Main Class Contact Style,Final - Acrobatic,2,148,3,-10,-10,-15,-10,-10,-15,0,155,-1,-1,0
1840,C,A,Rock'n'Roll-Main Class Contact Style,Final - Acrobatic,3,363,3,-10,-5,-15,-10,-25,-15,0,155,-1,-1,0
1840,C,A,Rock'n'Roll-Main Class Contact Style,Final - Acrobatic,4,160,3,-10,-10,-15,-15,-15,-15,0,155,-1,-1,0
1840,C,A,Rock'n'Roll-Main Class Contact Style,Final - Acrobatic,5,181,3,-25,-10,-25,-15,-15,-15,0,155,-1,-1,0
1840,C,A,Rock'n'Roll-Main Class Contact Style,Final - Acrobatic,6,36,3,-10,-10,-15,-15,-25,-15,0,155,-1,-1,0
1840,D,A,Rock'n'Roll-Main Class Contact Style,Final - Acrobatic,1,283,4,-15,-10,-10,-15,-15,-10,0,155,-1,-1,0
1840,D,A,Rock'n'Roll-Main Class Contact Style,Final - Acrobatic,2,148,4,0,-5,-10,-5,-5,-15,0,155,-1,-1,0
1840,D,A,Rock'n'Roll-Main Class Contact Style,Final - Acrobatic,3,363,4,-10,-5,-15,-10,-10,-10,0,155,-1,-1,0
1840,D,A,Rock'n'Roll-Main Class Contact Style,Final - Acrobatic,4,160,4,0,-5,-10,0,-5,-15,0,155,-1,-1,0
1840,D,A,Rock'n'Roll-Main Class Contact Style,Final - Acrobatic,5,181,4,-10,-5,-25,-15,-10,-5,0,155,-1,-1,0
1840,D,A,Rock'n'Roll-Main Class Contact Style,Final - Acrobatic,6,36,4,-5,-10,-25,-15,-25,-10,0,155,-1,-1,0
1840,E,A,Rock'n'Roll-Main Class Contact Style,Final - Acrobatic,1,283,5,-5,-10,-10,-15,-15,-10,0,155,-1,-1,0
1840,E,A,Rock'n'Roll-Main Class Contact Style,Final - Acrobatic,2,148,5,0,-10,-10,0,-10,-5,0,155,-1,-1,0
1840,E,A,Rock'n'Roll-Main Class Contact Style,Final - Acrobatic,3,363,5,-10,-5,-10,-10,-10,-10,0,155,-1,-1,0
1840,E,A,Rock'n'Roll-Main Class Contact Style,Final - Acrobatic,4,160,5,-5,0,-5,-5,-10,-15,0,155,-1,-1,0
1840,E,A,Rock'n'Roll-Main Class Contact Style,Final - Acrobatic,5,181,5,-5,0,-15,-10,-25,-10,0,155,-1,-1,0
1840,E,A,Rock'n'Roll-Main Class Contact Style,Final - Acrobatic,6,36,5,-5,-5,-25,-10,-15,-10,0,155,-1,-1,0
1842,A,A,Rock'n'Roll-Main Class Free Style,Final - Acrobatic,1,63,1,-15,-15,-25,-25,-15,-25,0,155,-1,-1,0
1842,A,A,Rock'n'Roll-Main Class Free Style,Final - Acrobatic,2,41,1,-25,-15,-25,-25,-15,-25,0,155,-1,-1,0
1842,A,A,Rock'n'Roll-Main Class Free Style,Final - Acrobatic,3,222,1,-15,-10,-15,-25,-25,-25,0,155,-1,-1,0
1842,A,A,Rock'n'Roll-Main Class Free Style,Final - Acrobatic,4,184,1,-25,-15,-10,-15,-15,-10,0,155,-1,-1,0
1842,A,A,Rock'n'Roll-Main Class Free Style,Final - Acrobatic,5,47,1,-25,-10,-15,-25,-15,-15,0,155,-1,-1,0
1842,A,A,Rock'n'Roll-Main Class Free Style,Final - Acrobatic,6,86,1,-35,-10,-15,-25,-10,-25,0,155,-1,-1,0
1842,B,A,Rock'n'Roll-Main Class Free Style,Final - Acrobatic,1,63,2,-5,-10,-35,-10,-25,-5,0,155,-1,-1,0
1842,B,A,Rock'n'Roll-Main Class Free Style,Final - Acrobatic,2,41,2,-50,-50,-25,-10,-5,-5,0,155,-1,-1,0
1842,B,A,Rock'n'Roll-Main Class Free Style,Final - Acrobatic,3,222,2,-5,-5,-15,-15,-25,-25,0,155,-1,-1,0
1842,B,A,Rock'n'Roll-Main Class Free Style,Final - Acrobatic,4,184,2,-35,-15,-10,-50,-5,0,0,155,-1,-1,0
1842,B,A,Rock'n'Roll-Main Class Free Style,Final - Acrobatic,5,47,2,-35,-5,-5,-10,-5,-5,0,155,-1,-1,0
1842,B,A,Rock'n'Roll-Main Class Free Style,Final - Acrobatic,6,86,2,-25,-5,-5,-10,-10,-10,0,155,-1,-1,0
1842,C,A,Rock'n'Roll-Main Class Free Style,Final - Acrobatic,1,63,3,-10,-5,-25,-15,-10,-5,0,155,-1,-1,0
1842,C,A,Rock'n'Roll-Main Class Free Style,Final - Acrobatic,2,41,3,-35,-10,-25,-10,-10,-5,0,155,-1,-1,0
1842,C,A,Rock'n'Roll-Main Class Free Style,Final - Acrobatic,3,222,3,-10,-5,-15,-15,-15,-25,0,155,-1,-1,0
1842,C,A,Rock'n'Roll-Main Class Free Style,Final - Acrobatic,4,184,3,-15,-10,-5,-10,-10,-5,0,155,-1,-1,0
1842,C,A,Rock'n'Roll-Main Class Free Style,Final - Acrobatic,5,47,3,-15,-10,-10,-10,-10,-10,0,155,-1,-1,0
1842,C,A,Rock'n'Roll-Main Class Free Style,Final - Acrobatic,6,86,3,-25,-5,-5,-10,-15,-10,0,155,-1,-1,0
1845,B,A,Rock'n'Roll-Main Class Contact Style,First round,1,28,2,-15,-10,-15,-10,-15,-1,0,156,-1,-1,0
1845,B,A,Rock'n'Roll-Main Class Contact Style,First round,1,54,2,-15,-15,-25,-35,-25,-1,0,156,-1,-1,0
1845,B,A,Rock'n'Roll-Main Class Contact Style,First round,2,148,2,-5,-10,-10,-10,-15,-1,0,156,-1,-1,0
1845,B,A,Rock'n'Roll-Main Class Contact Style,First round,2,52,2,-25,-10,-15,-25,-15,-1,0,156,-1,-1,0
1845,B,A,Rock'n'Roll-Main Class Contact Style,First round,3,300,2,-10,-35,-10,-25,-15,-1,0,156,-1,-1,0
1845,B,A,Rock'n'Roll-Main Class Contact Style,First round,3,471,2,-15,-15,-15,-10,-10,-1,0,156,-1,-1,0
1845,B,A,Rock'n'Roll-Main Class Contact Style,First round,4,362,2,-5,-5,-10,-10,-25,-1,0,156,-1,-1,0
1845,B,A,Rock'n'Roll-Main Class Contact Style,First round,4,430,2,-5,-10,-10,-5,-15,-1,0,156,-1,-1,0
1845,B,A,Rock'n'Roll-Main Class Contact Style,First round,5,160,2,-10,-10,-25,-10,-15,-1,0,156,-1,-1,0
1845,B,A,Rock'n'Roll-Main Class Contact Style,First round,5,363,2,-10,-15,-15,-5,-10,-1,0,156,-1,-1,0
1845,B,A,Rock'n'Roll-Main Class Contact Style,First round,6,36,2,-10,-15,-15,-15,-10,-1,0,156,-1,-1,0
1845,B,A,Rock'n'Roll-Main Class Contact Style,First round,6,71,2,-15,-15,-25,-10,-25,-1,0,156,-1,-1,0
1845,B,A,Rock'n'Roll-Main Class Contact Style,First round,7,181,2,-25,-15,-10,-15,-15,-1,0,156,-1,-1,0
1845,E,A,Rock'n'Roll-Main Class Contact Style,First round,1,28,5,-35,-35,-25,-15,-25,-1,0,156,-1,-1,0
1845,E,A,Rock'n'Roll-Main Class Contact Style,First round,1,54,5,-35,-35,-50,-50,-35,-1,0,156,-1,-1,0
1845,E,A,Rock'n'Roll-Main Class Contact Style,First round,2,148,5,-10,-5,-15,-15,-15,-1,0,156,-1,-1,0
1845,E,A,Rock'n'Roll-Main Class Contact Style,First round,2,52,5,-50,-35,-35,-50,-25,-1,0,156,-1,-1,0
1845,E,A,Rock'n'Roll-Main Class Contact Style,First round,3,300,5,-15,-75,-15,-35,-25,-1,0,156,-1,-1,0
1845,E,A,Rock'n'Roll-Main Class Contact Style,First round,3,471,5,-5,-35,-35,-25,-25,-1,0,156,-1,-1,0
1845,E,A,Rock'n'Roll-Main Class Contact Style,First round,4,362,5,-5,-15,-10,-15,-10,-1,0,156,-1,-1,0
1845,E,A,Rock'n'Roll-Main Class Contact Style,First round,4,430,5,-10,-10,-15,-10,-15,-1,0,156,-1,-1,0
1845,E,A,Rock'n'Roll-Main Class Contact Style,First round,5,160,5,-10,-10,-25,-5,-10,-1,0,156,-1,-1,0
1845,E,A,Rock'n'Roll-Main Class Contact Style,First round,5,363,5,-10,-10,-15,-5,-75,-1,0,156,-1,-1,0
1845,E,A,Rock'n'Roll-Main Class Contact Style,First round,6,36,5,-10,-15,-10,-5,-10,-1,0,156,-1,-1,0
1845,E,A,Rock'n'Roll-Main Class Contact Style,First round,6,71,5,-25,-25,-35,-15,-15,-1,0,156,-1,-1,0
1845,E,A,Rock'n'Roll-Main Class Contact Style,First round,7,181,5,-25,-35,-15,-25,-15,-1,0,156,-1,-1,0
1845,F,A,Rock'n'Roll-Main Class Contact Style,First round,1,28,6,-35,-25,-25,-25,-15,-1,0,156,-1,-1,0
1845,F,A,Rock'n'Roll-Main Class Contact Style,First round,1,54,6,-35,-50,-35,-35,-35,-1,0,156,-1,-1,0
1845,F,A,Rock'n'Roll-Main Class Contact Style,First round,2,148,6,-5,-10,-15,-10,-15,-1,0,156,-1,-1,0
1845,F,A,Rock'n'Roll-Main Class Contact Style,First round,2,52,6,-50,-25,-35,-50,-35,-1,0,156,-1,-1,0
1845,F,A,Rock'n'Roll-Main Class Contact Style,First round,3,300,6,-15,-75,-35,-35,-35,-1,0,156,-1,-1,0
1845,F,A,Rock'n'Roll-Main Class Contact Style,First round,3,471,6,-10,-35,-35,-35,-15,-1,0,156,-1,-1,0
1845,F,A,Rock'n'Roll-Main Class Contact Style,First round,4,362,6,-5,-10,-10,-15,-25,-1,0,156,-1,-1,0
1845,F,A,Rock'n'Roll-Main Class Contact Style,First round,4,430,6,-10,-25,-15,-15,-15,-1,0,156,-1,-1,0
1845,F,A,Rock'n'Roll-Main Class Contact Style,First round,5,160,6,-5,-10,-25,-15,-25,-1,0,156,-1,-1,0
1845,F,A,Rock'n'Roll-Main Class Contact Style,First round,5,363,6,-10,-15,-25,-15,-75,-1,0,156,-1,-1,0
1845,F,A,Rock'n'Roll-Main Class Contact Style,First round,6,36,6,-10,-10,-10,-5,-15,-1,0,156,-1,-1,0
1845,F,A,Rock'n'Roll-Main Class Contact Style,First round,6,71,6,-25,-25,-35,-15,-25,-1,0,156,-1,-1,0
1845,F,A,Rock'n'Roll-Main Class Contact Style,First round,7,181,6,-15,-25,-10,-15,-10,-1,0,156,-1,-1,0
1848,A,A,Rock'n'Roll-Main Class Start,First round,1,60,1,-25,-15,-25,-15,-25,-1,0,156,-1,-1,0
1848,A,A,Rock'n'Roll-Main Class Start,First round,1,118,1,-25,-50,-35,-25,-25,-1,0,156,-1,-1,0
1848,A,A,Rock'n'Roll-Main Class Start,First round,2,142,1,-15,-10,-25,-25,-25,-1,0,156,-1,-1,0
1848,A,A,Rock'n'Roll-Main Class Start,First round,2,236,1,-15,-15,-25,-25,-35,-1,0,156,-1,-1,0
1848,A,A,Rock'n'Roll-Main Class Start,First round,3,197,1,-25,-25,-15,-25,-35,-1,0,156,-1,-1,0
1848,A,A,Rock'n'Roll-Main Class Start,First round,3,119,1,-25,-25,-35,-25,-35,-1,0,156,-1,-1,0
1848,A,A,Rock'n'Roll-Main Class Start,First round,4,332,1,-35,-25,-75,-35,-25,-1,0,156,-1,-1,0
1848,A,A,Rock'n'Roll-Main Class Start,First round,4,226,1,-35,-15,-15,-15,-35,-1,0,156,-1,-1,0
1848,D,A,Rock'n'Roll-Main Class Start,First round,1,60,4,-15,-15,-15,-25,-25,-1,0,156,-1,-1,0
1848,D,A,Rock'n'Roll-Main Class Start,First round,1,118,4,-25,-35,-15,-10,-15,-1,0,156,-1,-1,0
1848,D,A,Rock'n'Roll-Main Class Start,First round,2,142,4,-5,0,-15,-25,-15,-1,0,156,-1,-1,0
1848,D,A,Rock'n'Roll-Main Class Start,First round,2,236,4,-10,-15,-15,-25,-25,-1,0,156,-1,-1,0
1848,D,A,Rock'n'Roll-Main Class Start,First round,3,197,4,-15,-15,-15,-15,-15,-1,0,156,-1,-1,0
1848,D,A,Rock'n'Roll-Main Class Start,First round,3,119,4,-15,-15,-35,-10,-10,-1,0,156,-1,-1,0
1848,D,A,Rock'n'Roll-Main Class Start,First round,4,332,4,-25,-10,-35,-15,-15,-1,0,156,-1,-1,0
1848,D,A,Rock'n'Roll-Main Class Start,First round,4,226,4,-10,-5,-15,-5,-10,-1,0,156,-1,-1,0
1848,G,A,Rock'n'Roll-Main Class Start,First round,1,60,7,-10,-10,-15,-15,-25,-1,0,156,-1,-1,0
1848,G,A,Rock'n'Roll-Main Class Start,First round,1,118,7,-25,-25,-15,-10,-15,-1,0,156,-1,-1,0
1848,G,A,Rock'n'Roll-Main Class Start,First round,2,142,7,-10,-10,-10,-25,-25,-1,0,156,-1,-1,0
1848,G,A,Rock'n'Roll-Main Class Start,First round,2,236,7,-10,-15,-15,-15,-25,-1,0,156,-1,-1,0
1848,G,A,Rock'n'Roll-Main Class Start,First round,3,197,7,-15,-25,-15,-15,-25,-1,0,156,-1,-1,0
1848,G,A,Rock'n'Roll-Main Class Start,First round,3,119,7,-25,-35,-35,-25,-15,-1,0,156,-1,-1,0
1848,G,A,Rock'n'Roll-Main Class Start,First round,4,332,7,-15,-25,-25,-15,-15,-1,0,156,-1,-1,0
1848,G,A,Rock'n'Roll-Main Class Start,First round,4,226,7,-25,-25,-15,-10,-15,-1,0,156,-1,-1,0
1849,B,A,Rock'n'Roll-Main Class Contact Style,Hope round,1,52,2,-35,-15,-35,-75,-35,-1,0,156,-1,-1,0
1849,B,A,Rock'n'Roll-Main Class Contact Style,Hope round,1,71,2,-10,-15,-15,-15,-35,-1,0,156,-1,-1,0
1849,B,A,Rock'n'Roll-Main Class Contact Style,Hope round,2,471,2,-15,-15,-25,-15,-15,-1,0,156,-1,-1,0
1849,B,A,Rock'n'Roll-Main Class Contact Style,Hope round,2,54,2,-25,-25,-25,-25,-35,-1,0,156,-1,-1,0
1849,B,A,Rock'n'Roll-Main Class Contact Style,Hope round,3,300,2,-15,-25,-25,-15,-25,-1,0,156,-1,-1,0
1849,E,A,Rock'n'Roll-Main Class Contact Style,Hope round,1,52,5,-50,-25,-35,-50,-15,-1,0,156,-1,-1,0
1849,E,A,Rock'n'Roll-Main Class Contact Style,Hope round,1,71,5,-25,-25,-35,-25,-25,-1,0,156,-1,-1,0
1849,E,A,Rock'n'Roll-Main Class Contact Style,Hope round,2,471,5,-10,-15,-25,-15,-10,-1,0,156,-1,-1,0
1849,E,A,Rock'n'Roll-Main Class Contact Style,Hope round,2,54,5,-25,-15,-25,-25,-25,-1,0,156,-1,-1,0
1849,E,A,Rock'n'Roll-Main Class Contact Style,Hope round,3,300,5,-15,-15,-35,-25,-25,-1,0,156,-1,-1,0
1849,F,A,Rock'n'Roll-Main Class Contact Style,Hope round,1,52,6,-50,-35,-25,-50,-35,-1,0,156,-1,-1,0
1849,F,A,Rock'n'Roll-Main Class Contact Style,Hope round,1,71,6,-25,-25,-35,-35,-35,-1,0,156,-1,-1,0
1849,F,A,Rock'n'Roll-Main Class Contact Style,Hope round,2,471,6,-10,-15,-25,-15,-15,-1,0,156,-1,-1,0
1849,F,A,Rock'n'Roll-Main Class Contact Style,Hope round,2,54,6,-35,-25,-35,-35,-35,-1,0,156,-1,-1,0
1849,F,A,Rock'n'Roll-Main Class Contact Style,Hope round,3,300,6,-15,-35,-35,-25,-25,-1,0,156,-1,-1,0
1853,B,A,Rock'n'Roll-Main Class Contact Style,Semi Final,1,362,2,-5,-5,-15,-25,-25,-10,0,156,-1,-1,0
1853,B,A,Rock'n'Roll-Main Class Contact Style,Semi Final,1,300,2,-10,-15,-25,-15,-15,-10,0,156,-1,-1,0
1853,B,A,Rock'n'Roll-Main Class Contact Style,Semi Final,2,181,2,-10,-15,-15,-10,-15,-15,0,156,-1,-1,0
1853,B,A,Rock'n'Roll-Main Class Contact Style,Semi Final,2,54,2,-50,-15,-15,-15,-25,-25,0,156,-1,-1,0
1853,B,A,Rock'n'Roll-Main Class Contact Style,Semi Final,3,430,2,-10,-10,-15,-10,-15,-15,0,156,-1,-1,0
1853,B,A,Rock'n'Roll-Main Class Contact Style,Semi Final,3,471,2,-10,-15,-15,-25,-10,-10,0,156,-1,-1,0
1853,B,A,Rock'n'Roll-Main Class Contact Style,Semi Final,4,36,2,-35,-25,-15,-10,-15,-15,0,156,-1,-1,0
1853,B,A,Rock'n'Roll-Main Class Contact Style,Semi Final,4,71,2,-15,-25,-15,-25,-15,-25,0,156,-1,-1,0
1853,B,A,Rock'n'Roll-Main Class Contact Style,Semi Final,5,363,2,-100,-10,-10,-10,-15,-10,0,156,-1,-1,0
1853,B,A,Rock'n'Roll-Main Class Contact Style,Semi Final,5,160,2,-15,-10,-10,-15,-10,-15,0,156,-1,-1,0
1853,B,A,Rock'n'Roll-Main Class Contact Style,Semi Final,6,148,2,-10,-15,-25,-10,-15,-15,0,156,-1,-1,0
1853,B,A,Rock'n'Roll-Main Class Contact Style,Semi Final,6,28,2,-50,-15,-15,-15,-25,-15,0,156,-1,-1,0
1853,E,A,Rock'n'Roll-Main Class Contact Style,Semi Final,1,362,5,-10,-5,-25,-15,-10,-5,0,156,-1,-1,0
1853,E,A,Rock'n'Roll-Main Class Contact Style,Semi Final,1,300,5,-15,-25,-25,-25,-25,-15,0,156,-1,-1,0
1853,E,A,Rock'n'Roll-Main Class Contact Style,Semi Final,2,181,5,-5,-15,-15,-15,-15,-15,0,156,-1,-1,0
1853,E,A,Rock'n'Roll-Main Class Contact Style,Semi Final,2,54,5,-35,-25,-25,-25,-35,-25,0,156,-1,-1,0
1853,E,A,Rock'n'Roll-Main Class Contact Style,Semi Final,3,430,5,-5,-10,-15,-15,-15,-35,0,156,-1,-1,0
1853,E,A,Rock'n'Roll-Main Class Contact Style,Semi Final,3,471,5,-5,-10,-10,-35,-10,-15,0,156,-1,-1,0
1853,E,A,Rock'n'Roll-Main Class Contact Style,Semi Final,4,36,5,-50,-25,-5,-5,-25,-10,0,156,-1,-1,0
1853,E,A,Rock'n'Roll-Main Class Contact Style,Semi Final,4,71,5,-25,-25,-35,-15,-25,-25,0,156,-1,-1,0
1853,E,A,Rock'n'Roll-Main Class Contact Style,Semi Final,5,363,5,-100,-10,-5,-15,-15,-15,0,156,-1,-1,0
1853,E,A,Rock'n'Roll-Main Class Contact Style,Semi Final,5,160,5,-15,-15,-15,-10,-10,-15,0,156,-1,-1,0
1853,E,A,Rock'n'Roll-Main Class Contact Style,Semi Final,6,148,5,-5,-5,-10,-10,-10,-15,0,156,-1,-1,0
1853,E,A,Rock'n'Roll-Main Class Contact Style,Semi Final,6,28,5,-15,-25,-15,-25,-25,-15,0,156,-1,-1,0
1853,F,A,Rock'n'Roll-Main Class Contact Style,Semi Final,1,362,6,-10,-10,-15,-35,-25,-5,0,156,-1,-1,0
1853,F,A,Rock'n'Roll-Main Class Contact Style,Semi Final,1,300,6,-10,-25,-25,-25,-25,-15,0,156,-1,-1,0
1853,F,A,Rock'n'Roll-Main Class Contact Style,Semi Final,2,181,6,-5,-10,-25,-15,-15,-15,0,156,-1,-1,0
1853,F,A,Rock'n'Roll-Main Class Contact Style,Semi Final,2,54,6,-50,-25,-35,-35,-35,-35,0,156,-1,-1,0
1853,F,A,Rock'n'Roll-Main Class Contact Style,Semi Final,3,430,6,-5,-10,-10,-15,-15,-25,0,156,-1,-1,0
1853,F,A,Rock'n'Roll-Main Class Contact Style,Semi Final,3,471,6,-10,-10,-10,-25,-15,-15,0,156,-1,-1,0
1853,F,A,Rock'n'Roll-Main Class Contact Style,Semi Final,4,36,6,-50,-25,-5,-10,-25,-15,0,156,-1,-1,0
1853,F,A,Rock'n'Roll-Main Class Contact Style,Semi Final,4,71,6,-35,-35,-35,-35,-35,-35,0,156,-1,-1,0
1853,F,A,Rock'n'Roll-Main Class Contact Style,Semi Final,5,363,6,-75,-15,-10,-10,-15,-15,0,156,-1,-1,0
1853,F,A,Rock'n'Roll-Main Class Contact Style,Semi Final,5,160,6,-15,-15,-15,-15,-25,-15,0,156,-1,-1,0
1853,F,A,Rock'n'Roll-Main Class Contact Style,Semi Final,6,148,6,-5,-10,-10,-15,-10,-15,0,156,-1,-1,0
1853,F,A,Rock'n'Roll-Main Class Contact Style,Semi Final,6,28,6,-25,-10,-15,-25,-15,-15,0,156,-1,-1,0
1856,H,A,Boogie-Woogie-Seniors,Final - slow,1,42,2,0,0,0,0,0,0,0,156,0,0,0
1856,I,A,Boogie-Woogie-Seniors,Final - slow,1,42,3,0,0,0,0,0,0,0,156,0,0,0
1857,G,A,Boogie-Woogie-Main Class,Final - slow,1,24,1,0,0,0,0,0,0,0,156,0,0,0
1857,G,A,Boogie-Woogie-Main Class,Final - slow,2,250,1,0,0,0,0,0,0,0,156,0,0,0
1857,G,A,Boogie-Woogie-Main Class,Final - slow,3,257,1,0,0,0,0,0,0,0,156,0,0,0
1857,G,A,Boogie-Woogie-Main Class,Final - slow,4,369,1,0,0,0,0,0,0,0,156,0,0,0
1857,H,A,Boogie-Woogie-Main Class,Final - slow,1,24,2,0,0,0,0,0,0,0,156,0,0,0
1857,H,A,Boogie-Woogie-Main Class,Final - slow,2,250,2,0,0,0,0,0,0,0,156,0,0,0
1857,H,A,Boogie-Woogie-Main Class,Final - slow,3,257,2,0,0,0,0,0,0,0,156,0,0,0
1857,H,A,Boogie-Woogie-Main Class,Final - slow,4,369,2,0,0,0,0,0,0,0,156,0,0,0
1859,I,A,Boogie-Woogie-Main Class Start,Final,1,64,3,0,0,0,0,0,0,0,156,0,0,0
1859,I,A,Boogie-Woogie-Main Class Start,Final,2,272,3,0,0,0,0,0,0,0,156,0,0,0
1859,J,A,Boogie-Woogie-Main Class Start,Final,1,64,4,0,0,0,0,0,0,0,156,0,0,0
1859,J,A,Boogie-Woogie-Main Class Start,Final,2,272,4,0,0,0,0,0,0,0,156,0,0,0
1860,G,A,Boogie-Woogie-Juniors,Final,1,150,1,0,0,0,0,0,0,0,156,0,0,0
1860,G,A,Boogie-Woogie-Juniors,Final,2,386,1,0,0,0,0,0,0,0,156,0,0,0
1860,G,A,Boogie-Woogie-Juniors,Final,3,193,1,0,0,0,0,0,0,0,156,0,0,0
1860,J,A,Boogie-Woogie-Juniors,Final,1,150,4,0,0,0,0,0,0,0,156,0,0,0
1860,J,A,Boogie-Woogie-Juniors,Final,2,386,4,0,0,0,0,0,0,0,156,0,0,0
1860,J,A,Boogie-Woogie-Juniors,Final,3,193,4,0,0,0,0,0,0,0,156,0,0,0
1861,H,A,Boogie-Woogie-Seniors,Final - fast,1,42,2,0,0,0,0,0,0,0,156,0,0,0
1861,I,A,Boogie-Woogie-Seniors,Final - fast,1,42,3,0,0,0,0,0,0,0,156,0,0,0
1862,G,A,Boogie-Woogie-Main Class,Final - fast,1,24,1,0,0,0,0,0,0,0,156,0,0,0
1862,G,A,Boogie-Woogie-Main Class,Final - fast,2,257,1,0,0,0,0,0,0,0,156,0,0,0
1862,G,A,Boogie-Woogie-Main Class,Final - fast,3,250,1,0,0,0,0,0,0,0,156,0,0,0
1862,G,A,Boogie-Woogie-Main Class,Final - fast,4,369,1,0,0,0,0,0,0,0,156,0,0,0
1862,H,A,Boogie-Woogie-Main Class,Final - fast,1,24,2,0,0,0,0,0,0,0,156,0,0,0
1862,H,A,Boogie-Woogie-Main Class,Final - fast,2,257,2,0,0,0,0,0,0,0,156,0,0,0
1862,H,A,Boogie-Woogie-Main Class,Final - fast,3,250,2,0,0,0,0,0,0,0,156,0,0,0
1862,H,A,Boogie-Woogie-Main Class,Final - fast,4,369,2,0,0,0,0,0,0,0,156,0,0,0
1865,B,A,Rock'n'Roll-Main Class Contact Style,Final - Foot technique,1,36,2,0,0,0,0,0,0,0,156,-1,-1,0
1865,B,A,Rock'n'Roll-Main Class Contact Style,Final - Foot technique,2,430,2,0,0,0,0,0,0,0,156,-1,-1,0
1865,B,A,Rock'n'Roll-Main Class Contact Style,Final - Foot technique,3,148,2,0,0,0,0,0,0,0,156,-1,-1,0
1865,B,A,Rock'n'Roll-Main Class Contact Style,Final - Foot technique,4,181,2,0,0,0,0,0,0,0,156,-1,-1,0
1865,B,A,Rock'n'Roll-Main Class Contact Style,Final - Foot technique,5,362,2,0,0,0,0,0,0,0,156,-1,-1,0
1865,B,A,Rock'n'Roll-Main Class Contact Style,Final - Foot technique,6,160,2,0,0,0,0,0,0,0,156,-1,-1,0
1865,E,A,Rock'n'Roll-Main Class Contact Style,Final - Foot technique,1,36,5,0,0,0,0,0,0,0,156,-1,-1,0
1865,E,A,Rock'n'Roll-Main Class Contact Style,Final - Foot technique,2,430,5,0,0,0,0,0,0,0,156,-1,-1,0
1865,E,A,Rock'n'Roll-Main Class Contact Style,Final - Foot technique,3,148,5,0,0,0,0,0,0,0,156,-1,-1,0
1865,E,A,Rock'n'Roll-Main Class Contact Style,Final - Foot technique,4,181,5,0,0,0,0,0,0,0,156,-1,-1,0
1865,E,A,Rock'n'Roll-Main Class Contact Style,Final - Foot technique,5,362,5,0,0,0,0,0,0,0,156,-1,-1,0
1865,E,A,Rock'n'Roll-Main Class Contact Style,Final - Foot technique,6,160,5,0,0,0,0,0,0,0,156,-1,-1,0
1865,F,A,Rock'n'Roll-Main Class Contact Style,Final - Foot technique,1,36,6,0,0,0,0,0,0,0,156,-1,-1,0
1865,F,A,Rock'n'Roll-Main Class Contact Style,Final - Foot technique,2,430,6,0,0,0,0,0,0,0,156,-1,-1,0
1865,F,A,Rock'n'Roll-Main Class Contact Style,Final - Foot technique,3,148,6,0,0,0,0,0,0,0,156,-1,-1,0
1865,F,A,Rock'n'Roll-Main Class Contact Style,Final - Foot technique,4,181,6,0,0,0,0,0,0,0,156,-1,-1,0
1865,F,A,Rock'n'Roll-Main Class Contact Style,Final - Foot technique,5,362,6,0,0,0,0,0,0,0,156,-1,-1,0
1865,F,A,Rock'n'Roll-Main Class Contact Style,Final - Foot technique,6,160,6,0,0,0,0,0,0,0,156,-1,-1,0
1866,D,A,Rock'n'Roll-Main Class Free Style,Final - Foot technique,1,63,4,0,0,0,0,0,0,0,156,-1,-1,0
1866,D,A,Rock'n'Roll-Main Class Free Style,Final - Foot technique,2,222,4,0,0,0,0,0,0,0,156,-1,-1,0
1866,D,A,Rock'n'Roll-Main Class Free Style,Final - Foot technique,3,86,4,0,0,0,0,0,0,0,156,-1,-1,0
1866,D,A,Rock'n'Roll-Main Class Free Style,Final - Foot technique,4,41,4,0,0,0,0,0,0,0,156,-1,-1,0
1866,D,A,Rock'n'Roll-Main Class Free Style,Final - Foot technique,5,184,4,0,0,0,0,0,0,0,156,-1,-1,0
1866,D,A,Rock'n'Roll-Main Class Free Style,Final - Foot technique,6,47,4,0,0,0,0,0,0,0,156,-1,-1,0
1866,F,A,Rock'n'Roll-Main Class Free Style,Final - Foot technique,1,63,6,0,0,0,0,0,0,0,156,-1,-1,0
1866,F,A,Rock'n'Roll-Main Class Free Style,Final - Foot technique,2,222,6,0,0,0,0,0,0,0,156,-1,-1,0
1866,F,A,Rock'n'Roll-Main Class Free Style,Final - Foot technique,3,86,6,0,0,0,0,0,0,0,156,-1,-1,0
1866,F,A,Rock'n'Roll-Main Class Free Style,Final - Foot technique,4,41,6,0,0,0,0,0,0,0,156,-1,-1,0
1866,F,A,Rock'n'Roll-Main Class Free Style,Final - Foot technique,5,184,6,0,0,0,0,0,0,0,156,-1,-1,0
1866,F,A,Rock'n'Roll-Main Class Free Style,Final - Foot technique,6,47,6,0,0,0,0,0,0,0,156,-1,-1,0
1866,G,A,Rock'n'Roll-Main Class Free Style,Final - Foot technique,1,63,7,0,0,0,0,0,0,0,156,-1,-1,0
1866,G,A,Rock'n'Roll-Main Class Free Style,Final - Foot technique,2,222,7,0,0,0,0,0,0,0,156,-1,-1,0
1866,G,A,Rock'n'Roll-Main Class Free Style,Final - Foot technique,3,86,7,0,0,0,0,0,0,0,156,-1,-1,0
1866,G,A,Rock'n'Roll-Main Class Free Style,Final - Foot technique,4,41,7,0,0,0,0,0,0,0,156,-1,-1,0
1866,G,A,Rock'n'Roll-Main Class Free Style,Final - Foot technique,5,184,7,0,0,0,0,0,0,0,156,-1,-1,0
1866,G,A,Rock'n'Roll-Main Class Free Style,Final - Foot technique,6,47,7,0,0,0,0,0,0,0,156,-1,-1,0
1868,A,A,Rock'n'Roll-Main Class Start,Final,1,236,1,-15,-15,-10,-25,-75,-50,0,156,-1,-1,0
1868,A,A,Rock'n'Roll-Main Class Start,Final,2,226,1,-15,-15,-10,-15,-50,-35,0,156,-1,-1,0
1868,A,A,Rock'n'Roll-Main Class Start,Final,3,60,1,-15,-10,-15,-25,-25,-35,0,156,-1,-1,0
1868,A,A,Rock'n'Roll-Main Class Start,Final,4,118,1,-25,-100,-35,-25,-50,-25,0,156,-1,-1,0
1868,A,A,Rock'n'Roll-Main Class Start,Final,5,197,1,-10,-25,-25,-25,-25,-15,0,156,-1,-1,0
1868,A,A,Rock'n'Roll-Main Class Start,Final,6,142,1,-5,-5,-35,-50,-25,-15,0,156,-1,-1,0
1868,D,A,Rock'n'Roll-Main Class Start,Final,1,236,4,-5,-15,-25,-15,-50,-35,0,156,-1,-1,0
1868,D,A,Rock'n'Roll-Main Class Start,Final,2,226,4,-5,-10,-15,-15,-50,-15,0,156,-1,-1,0
1868,D,A,Rock'n'Roll-Main Class Start,Final,3,60,4,-15,-5,-10,-10,-15,-25,0,156,-1,-1,0
1868,D,A,Rock'n'Roll-Main Class Start,Final,4,118,4,-10,-100,-15,-25,-25,-10,0,156,-1,-1,0
1868,D,A,Rock'n'Roll-Main Class Start,Final,5,197,4,-5,-10,-15,-25,-10,0,0,156,-1,-1,0
1868,D,A,Rock'n'Roll-Main Class Start,Final,6,142,4,-5,-5,-35,-25,-10,-15,0,156,-1,-1,0
1868,G,A,Rock'n'Roll-Main Class Start,Final,1,236,7,-15,-15,-25,-15,-35,-25,0,156,-1,-1,0
1868,G,A,Rock'n'Roll-Main Class Start,Final,2,226,7,-15,-25,-15,-35,-50,-35,0,156,-1,-1,0
1868,G,A,Rock'n'Roll-Main Class Start,Final,3,60,7,-15,-15,-15,-25,-15,-25,0,156,-1,-1,0
1868,G,A,Rock'n'Roll-Main Class Start,Final,4,118,7,-15,-75,-15,-35,-25,-10,0,156,-1,-1,0
1868,G,A,Rock'n'Roll-Main Class Start,Final,5,197,7,-15,-25,-25,-15,-15,-15,0,156,-1,-1,0
1868,G,A,Rock'n'Roll-Main Class Start,Final,6,142,7,-15,-10,-35,-25,-15,-15,0,156,-1,-1,0
1870,B,A,Rock'n'Roll-Main Class Contact Style,Final - Acrobatic,1,36,2,-15,-25,-15,-10,-10,-15,0,156,-1,-1,0
1870,B,A,Rock'n'Roll-Main Class Contact Style,Final - Acrobatic,2,430,2,-10,-15,-10,-15,-10,-10,0,156,-1,-1,0
1870,B,A,Rock'n'Roll-Main Class Contact Style,Final - Acrobatic,3,362,2,-10,-10,-15,-35,-15,-10,0,156,-1,-1,0
1870,B,A,Rock'n'Roll-Main Class Contact Style,Final - Acrobatic,4,160,2,-15,-15,-15,-10,-25,-25,0,156,-1,-1,0
1870,B,A,Rock'n'Roll-Main Class Contact Style,Final - Acrobatic,5,181,2,-35,-25,-75,-35,-25,-25,0,156,-1,-1,0
1870,B,A,Rock'n'Roll-Main Class Contact Style,Final - Acrobatic,6,148,2,-5,-10,-10,-15,-10,-15,0,156,-1,-1,0
1870,E,A,Rock'n'Roll-Main Class Contact Style,Final - Acrobatic,1,36,5,-25,-15,-10,-10,-25,-15,0,156,-1,-1,0
1870,E,A,Rock'n'Roll-Main Class Contact Style,Final - Acrobatic,2,430,5,-10,-15,-25,-15,-15,-15,0,156,-1,-1,0
1870,E,A,Rock'n'Roll-Main Class Contact Style,Final - Acrobatic,3,362,5,-10,-5,-25,-25,-25,-10,0,156,-1,-1,0
1870,E,A,Rock'n'Roll-Main Class Contact Style,Final - Acrobatic,4,160,5,-10,-10,-25,-10,-15,-25,0,156,-1,-1,0
1870,E,A,Rock'n'Roll-Main Class Contact Style,Final - Acrobatic,5,181,5,-50,-35,-75,-25,-25,-25,0,156,-1,-1,0
1870,E,A,Rock'n'Roll-Main Class Contact Style,Final - Acrobatic,6,148,5,-5,-5,-10,-10,-5,-15,0,156,-1,-1,0
1870,F,A,Rock'n'Roll-Main Class Contact Style,Final - Acrobatic,1,36,6,-25,-25,-10,-15,-25,-15,0,156,-1,-1,0
1870,F,A,Rock'n'Roll-Main Class Contact Style,Final - Acrobatic,2,430,6,-10,-10,-15,-10,-15,-15,0,156,-1,-1,0
1870,F,A,Rock'n'Roll-Main Class Contact Style,Final - Acrobatic,3,362,6,-5,-5,-15,-35,-15,-15,0,156,-1,-1,0
1870,F,A,Rock'n'Roll-Main Class Contact Style,Final - Acrobatic,4,160,6,-15,-15,-25,-15,-25,-10,0,156,-1,-1,0
1870,F,A,Rock'n'Roll-Main Class Contact Style,Final - Acrobatic,5,181,6,-50,-25,-75,-25,-25,-15,0,156,-1,-1,0
1870,F,A,Rock'n'Roll-Main Class Contact Style,Final - Acrobatic,6,148,6,-5,-10,-10,-15,-10,-10,0,156,-1,-1,0
1871,D,A,Rock'n'Roll-Main Class Free Style,Final - Acrobatic,1,63,4,-10,-10,-100,-25,-10,-10,0,156,-1,-1,0
1871,D,A,Rock'n'Roll-Main Class Free Style,Final - Acrobatic,2,47,4,0,-5,-15,-35,-5,-5,0,156,-1,-1,0
1871,D,A,Rock'n'Roll-Main Class Free Style,Final - Acrobatic,3,184,4,-5,-10,-10,-25,-10,-5,0,156,-1,-1,0
1871,D,A,Rock'n'Roll-Main Class Free Style,Final - Acrobatic,4,41,4,-25,-10,-15,-10,-10,-15,0,156,-1,-1,0
1871,D,A,Rock'n'Roll-Main Class Free Style,Final - Acrobatic,5,222,4,-10,-10,-25,-15,-10,-15,0,156,-1,-1,0
1871,D,A,Rock'n'Roll-Main Class Free Style,Final - Acrobatic,6,86,4,-10,-10,0,-35,-5,-10,0,156,-1,-1,0
1871,F,A,Rock'n'Roll-Main Class Free Style,Final - Acrobatic,1,63,6,-10,-10,-100,-15,-25,-5,0,156,-1,-1,0
1871,F,A,Rock'n'Roll-Main Class Free Style,Final - Acrobatic,2,47,6,0,0,-25,-25,-5,0,0,156,-1,-1,0
1871,F,A,Rock'n'Roll-Main Class Free Style,Final - Acrobatic,3,184,6,-5,-15,-15,-25,-15,-5,0,156,-1,-1,0
1871,F,A,Rock'n'Roll-Main Class Free Style,Final - Acrobatic,4,41,6,-5,-15,-10,-10,-5,-25,0,156,-1,-1,0
1871,F,A,Rock'n'Roll-Main Class Free Style,Final - Acrobatic,5,222,6,-15,-15,-25,-10,-10,-25,0,156,-1,-1,0
1871,F,A,Rock'n'Roll-Main Class Free Style,Final - Acrobatic,6,86,6,-15,-25,-5,-25,-15,-15,0,156,-1,-1,0
1871,G,A,Rock'n'Roll-Main Class Free Style,Final - Acrobatic,1,63,7,-10,-15,-100,-25,-15,-35,0,156,-1,-1,0
1871,G,A,Rock'n'Roll-Main Class Free Style,Final - Acrobatic,2,47,7,-5,-10,-15,-25,-10,-5,0,156,-1,-1,0
1871,G,A,Rock'n'Roll-Main Class Free Style,Final - Acrobatic,3,184,7,-10,-10,-25,-15,-15,-10,0,156,-1,-1,0
1871,G,A,Rock'n'Roll-Main Class Free Style,Final - Acrobatic,4,41,7,-5,-25,-25,-25,-15,-25,0,156,-1,-1,0
1871,G,A,Rock'n'Roll-Main Class Free Style,Final - Acrobatic,5,222,7,-10,-10,-15,-15,-15,-25,0,156,-1,-1,0
1871,G,A,Rock'n'Roll-Main Class Free Style,Final - Acrobatic,6,86,7,-15,-25,-15,-25,-15,-15,0,156,-1,-1,0